{
  "behavior_summary": {
    "file_created": [],
    "file_deleted": [],
    "file_read": [],
    "file_recreated": [],
    "file_exists": [],
    "file_opened": [],
    "regkey_opened": [],
    "regkey_read": [],
    "regkey_written": [],
    "dll_loaded": [],
    "executed_commands": [],
    "directory_created": [],
    "mutex": [],
    "processes_created": [],
    "resolves_host": []
  },
  "dropped_files": [],
  "api_statistics": {},
  "api_call_sequence": [],
  "network": {
    "http": [
      {
        "count": 1,
        "body": "",
        "uri": "http://www.msftncsi.com/ncsi.txt",
        "user-agent": "Microsoft NCSI",
        "method": "GET",
        "host": "www.msftncsi.com",
        "version": "1.1",
        "path": "/ncsi.txt",
        "data": "GET /ncsi.txt HTTP/1.1\r\nConnection: Close\r\nUser-Agent: Microsoft NCSI\r\nHost: www.msftncsi.com\r\n\r\n",
        "port": 80
      }
    ],
    "tcp": [
      {
        "src": "192.168.56.101",
        "dst": "113.171.230.17",
        "offset": 1120,
        "time": 5.841015815734863,
        "dport": 80,
        "sport": 49163
      }
    ],
    "udp": [
      {
        "src": "192.168.56.101",
        "dst": "224.0.0.252",
        "offset": 2166,
        "time": 4.046383857727051,
        "dport": 5355,
        "sport": 50233
      },
      {
        "src": "192.168.56.101",
        "dst": "224.0.0.252",
        "offset": 2486,
        "time": 4.065303802490234,
        "dport": 5355,
        "sport": 52790
      },
      {
        "src": "192.168.56.101",
        "dst": "224.0.0.252",
        "offset": 2814,
        "time": 3.0640738010406494,
        "dport": 5355,
        "sport": 53526
      },
      {
        "src": "192.168.56.101",
        "dst": "224.0.0.252",
        "offset": 3142,
        "time": 5.447796821594238,
        "dport": 5355,
        "sport": 65068
      },
      {
        "src": "192.168.56.101",
        "dst": "8.8.8.8",
        "offset": 3462,
        "time": 5.038884878158569,
        "dport": 53,
        "sport": 54506
      },
      {
        "src": "192.168.56.101",
        "dst": "8.8.8.8",
        "offset": 3662,
        "time": 4.895208835601807,
        "dport": 53,
        "sport": 55116
      },
      {
        "src": "192.168.56.101",
        "dst": "8.8.8.8",
        "offset": 3898,
        "time": 5.085343837738037,
        "dport": 53,
        "sport": 58224
      },
      {
        "src": "192.168.56.101",
        "dst": "8.8.8.8",
        "offset": 4110,
        "time": 5.772732973098755,
        "dport": 53,
        "sport": 64762
      }
    ],
    "dns": [
      {
        "type": "A",
        "request": "time.windows.com",
        "answers": [
          {
            "data": "20.189.79.72",
            "type": "A"
          },
          {
            "data": "twc.trafficmanager.net",
            "type": "CNAME"
          }
        ]
      },
      {
        "type": "AAAA",
        "request": "dns.msftncsi.com",
        "answers": [
          {
            "data": "fd3e:4f5a:5b81::1",
            "type": "AAAA"
          }
        ]
      },
      {
        "type": "A",
        "request": "dns.msftncsi.com",
        "answers": [
          {
            "data": "131.107.255.255",
            "type": "A"
          }
        ]
      },
      {
        "type": "A",
        "request": "www.msftncsi.com",
        "answers": [
          {
            "data": "113.171.230.17",
            "type": "A"
          },
          {
            "data": "www.msftncsi.com.edgesuite.net",
            "type": "CNAME"
          },
          {
            "data": "a1961.g2.akamai.net",
            "type": "CNAME"
          }
        ]
      }
    ],
    "hosts": [
      "113.171.230.17",
      "8.8.8.8"
    ],
    "icmp": [],
    "smtp": []
  },
  "static_imports": [
    "RegCloseKey",
    "RegQueryInfoKeyW",
    "RegEnumKeyExW",
    "RegOpenKeyExW",
    "RegSetValueExW",
    "RegCreateKeyExW",
    "RegDeleteValueW",
    "RegQueryValueExW",
    "RegQueryValueExA",
    "RegOpenKeyExA",
    "GetModuleHandleExW",
    "GetTickCount",
    "SetLastError",
    "MulDiv",
    "GlobalFree",
    "GlobalUnlock",
    "GlobalLock",
    "GlobalAlloc",
    "GetCurrentProcessId",
    "InitOnceComplete",
    "InitializeCriticalSection",
    "GetCommandLineW",
    "InitOnceBeginInitialize",
    "LeaveCriticalSection",
    "HeapSetInformation",
    "CreateEventW",
    "OpenEventW",
    "LockResource",
    "GetModuleFileNameW",
    "FindResourceExW",
    "LoadResource",
    "SizeofResource",
    "MultiByteToWideChar",
    "RaiseException",
    "lstrcmpiW",
    "FreeLibrary",
    "DeleteCriticalSection",
    "EnterCriticalSection",
    "CloseHandle",
    "SetEvent",
    "GetLastError",
    "LoadLibraryExW",
    "GetProcAddress",
    "GetModuleHandleW",
    "GetACP",
    "GetSystemDefaultLCID",
    "GetVersionExA",
    "GetProfileIntA",
    "GetUserDefaultLCID",
    "GetSystemDefaultLangID",
    "DisableThreadLibraryCalls",
    "HeapCreate",
    "ResetEvent",
    "WaitForSingleObject",
    "WaitForMultipleObjects",
    "TryEnterCriticalSection",
    "ResumeThread",
    "SetThreadPriority",
    "CreateThread",
    "GetLocaleInfoW",
    "GetUserDefaultUILanguage",
    "FreeResource",
    "FindResourceW",
    "LoadLibraryW",
    "LocalFree",
    "LocalAlloc",
    "OutputDebugStringA",
    "GetSystemTimeAsFileTime",
    "QueryPerformanceCounter",
    "TerminateProcess",
    "SetUnhandledExceptionFilter",
    "UnhandledExceptionFilter",
    "GetStartupInfoW",
    "Sleep",
    "InterlockedPushEntrySList",
    "LoadLibraryExA",
    "DecodePointer",
    "VirtualAlloc",
    "FlushInstructionCache",
    "InterlockedPopEntrySList",
    "VirtualFree",
    "GetCurrentProcess",
    "EncodePointer",
    "GetStringTypeExW",
    "WideCharToMultiByte",
    "HeapDestroy",
    "GetProcessHeap",
    "HeapAlloc",
    "HeapFree",
    "HeapReAlloc",
    "HeapSize",
    "GetCurrentThreadId",
    "GetModuleFileNameA",
    "BitBlt",
    "CreateDIBSection",
    "GetRegionData",
    "CreateSolidBrush",
    "ExtSelectClipRgn",
    "SetDIBColorTable",
    "GetObjectW",
    "SetStretchBltMode",
    "OffsetRgn",
    "ExtCreateRegion",
    "GetDIBColorTable",
    "StretchBlt",
    "CreateFontIndirectW",
    "GetTextMetricsW",
    "GetTextExtentPointW",
    "GetTextColor",
    "SetBkMode",
    "CreateCompatibleBitmap",
    "CreateBitmap",
    "GetBitmapBits",
    "GetStockObject",
    "Ellipse",
    "SetDCBrushColor",
    "SetROP2",
    "CreateFontW",
    "Polyline",
    "SetLayout",
    "CreateCompatibleDC",
    "StretchDIBits",
    "GetOutlineTextMetricsA",
    "GetCharABCWidthsW",
    "GetCharWidthA",
    "GetCharWidth32A",
    "CreateRectRgnIndirect",
    "CombineRgn",
    "RestoreDC",
    "DeleteDC",
    "GetDeviceCaps",
    "SetViewportOrgEx",
    "SetWindowOrgEx",
    "SetMapMode",
    "SaveDC",
    "LPtoDP",
    "CreateDCW",
    "DeleteObject",
    "SelectClipRgn",
    "PatBlt",
    "CreateRectRgn",
    "PtInRegion",
    "CreatePen",
    "SelectObject",
    "MoveToEx",
    "LineTo",
    "SetTextColor",
    "CreateRoundRectRgn",
    "SetWindowExtEx",
    "GetTextFaceW",
    "ScriptTextOut",
    "ScriptGetLogicalWidths",
    "ScriptItemize",
    "ScriptPlace",
    "ScriptShape",
    "ScriptFreeCache",
    "ScriptGetCMap",
    "ScriptGetProperties",
    "GetGlyphIndicesW",
    "GetCurrentObject",
    "GetBkColor",
    "GetGlyphOutlineW",
    "GetOutlineTextMetricsW",
    "GetFontData",
    "TranslateCharsetInfo",
    "GetPixel",
    "GetTextCharsetInfo",
    "GetTextMetricsA",
    "GetObjectA",
    "CreateFontIndirectA",
    "CreateICW",
    "EnumFontFamiliesExW",
    "RealizePalette",
    "SelectPalette",
    "CreatePalette",
    "Escape",
    "GetObjectType",
    "SetBkColor",
    "SetTextAlign",
    "ExtTextOutW",
    "ExtTextOutA",
    "GetCharWidthW",
    "GetThreadDesktop",
    "CharNextW",
    "GetUserObjectInformationW",
    "SetProcessDPIAware",
    "MsgWaitForMultipleObjectsEx",
    "PeekMessageW",
    "DispatchMessageW",
    "PostThreadMessageW",
    "CharUpperW",
    "SetWindowLongPtrW",
    "GetKeyboardLayout",
    "GetKeyboardLayoutList",
    "UnregisterClassW",
    "SendMessageA",
    "IsWindowUnicode",
    "LoadCursorA",
    "LoadBitmapA",
    "LoadBitmapW",
    "GetDoubleClickTime",
    "SetCaretBlinkTime",
    "InvertRect",
    "DestroyCaret",
    "MenuItemFromPoint",
    "SetWindowLongW",
    "WindowFromDC",
    "GetSystemMetrics",
    "DeleteMenu",
    "MonitorFromRect",
    "SetMenuItemInfoW",
    "DestroyIcon",
    "GetMessageTime",
    "SetFocus",
    "DestroyCursor",
    "RegisterClassW",
    "GetClassInfoW",
    "CreateCursor",
    "GetDesktopWindow",
    "GetWindowDC",
    "DrawTextW",
    "SystemParametersInfoW",
    "GetParent",
    "DrawFrameControl",
    "InflateRect",
    "GetMessagePos",
    "NotifyWinEvent",
    "SendMessageW",
    "GetPropW",
    "TrackMouseEvent",
    "RemovePropW",
    "SetPropW",
    "ScreenToClient",
    "FrameRect",
    "GetSysColorBrush",
    "FillRect",
    "SetWindowRgn",
    "ValidateRect",
    "GetSysColor",
    "EqualRect",
    "DrawIconEx",
    "IntersectRect",
    "CreateWindowExW",
    "GetClassInfoExW",
    "RegisterClassExW",
    "IsChild",
    "GetFocus",
    "BeginPaint",
    "GetClientRect",
    "EndPaint",
    "UnionRect",
    "PtInRect",
    "GetDC",
    "ReleaseDC",
    "GetKeyState",
    "IsWindow",
    "DestroyWindow",
    "GetClipboardFormatNameW",
    "CallNextHookEx",
    "GetWindowThreadProcessId",
    "WindowFromPoint",
    "AdjustWindowRectEx",
    "OffsetRect",
    "DestroyMenu",
    "PostQuitMessage",
    "SetMenuDefaultItem",
    "AppendMenuW",
    "GetCursorPos",
    "CreatePopupMenu",
    "KillTimer",
    "SetTimer",
    "LoadIconW",
    "SendInput",
    "CloseClipboard",
    "SetClipboardData",
    "EmptyClipboard",
    "OpenClipboard",
    "RegisterClipboardFormatW",
    "ClientToScreen",
    "InvalidateRect",
    "RegisterWindowMessageW",
    "SetRectEmpty",
    "UnhookWindowsHookEx",
    "UnhookWinEvent",
    "TrackPopupMenuEx",
    "SetWinEventHook",
    "SetWindowsHookExW",
    "EndMenu",
    "LoadCursorW",
    "SetCursor",
    "IsRectEmpty",
    "CopyRect",
    "CallWindowProcW",
    "DefWindowProcW",
    "GetWindowLongPtrW",
    "UnregisterClassA",
    "ShowWindow",
    "EnumDisplayMonitors",
    "GetMonitorInfoW",
    "GetForegroundWindow",
    "SetForegroundWindow",
    "GetWindow",
    "SetWindowPos",
    "PostMessageW",
    "SetCapture",
    "ReleaseCapture",
    "BeginDeferWindowPos",
    "DeferWindowPos",
    "GetWindowRect",
    "EndDeferWindowPos",
    "GetWindowLongW",
    "GetUpdateRect",
    "_CxxThrowException",
    "__CxxFrameHandler3",
    "_ltow",
    "_ltow_s",
    "_wcsnicmp",
    "_wcslwr_s",
    "wcstol",
    "iswdigit",
    "_wtol",
    "_wcsicmp",
    "_wtoi",
    "memmove",
    "ceil",
    "ceilf",
    "floorf",
    "wcscmp",
    "memcmp",
    "memcpy",
    "sqrtf",
    "realloc",
    "_errno",
    "_onexit",
    "__dllonexit",
    "_unlock",
    "_lock",
    "??1type_info@@UEAA@XZ",
    "?terminate@@YAXXZ",
    "_commode",
    "_fmode",
    "_wcmdln",
    "__C_specific_handler",
    "_initterm",
    "__setusermatherr",
    "_cexit",
    "_exit",
    "exit",
    "__set_app_type",
    "__wgetmainargs",
    "_amsg_exit",
    "_XcptFilter",
    "memset",
    "_callnewh",
    "vswprintf_s",
    "_vscwprintf",
    "wcsncmp",
    "calloc",
    "swprintf_s",
    "_resetstkoflw",
    "_purecall",
    "wcscat_s",
    "wcscpy_s",
    "memmove_s",
    "memcpy_s",
    "wcsncpy_s",
    "free",
    "strchr",
    "malloc",
    "EtwEventUnregister",
    "EtwEventSetInformation",
    "EtwEventWriteTransfer",
    "EtwEventWrite",
    "RtlCaptureContext",
    "RtlLookupFunctionEntry",
    "RtlVirtualUnwind",
    "EtwEventRegister",
    "RegisterDragDrop",
    "CoCreateInstance",
    "StringFromGUID2",
    "CoUninitialize",
    "RevokeDragDrop",
    "OleUninitialize",
    "OleInitialize",
    "CoTaskMemRealloc",
    "CoTaskMemFree",
    "CoTaskMemAlloc",
    "OleRegEnumVerbs",
    "OleRegGetUserType",
    "OleRegGetMiscStatus",
    "OleLockRunning",
    "CreateStreamOnHGlobal",
    "CoGetClassObject",
    "CoInitialize",
    "CoCreateFreeThreadedMarshaler",
    "CreateOleAdviseHolder",
    "DispCallFunc",
    "VariantInit",
    "VariantClear",
    "SafeArrayDestroy",
    "SafeArrayCreateVector",
    "VarBstrCat",
    "SysAllocStringLen",
    "UnRegisterTypeLib",
    "RegisterTypeLib",
    "SafeArrayUnaccessData",
    "SafeArrayAccessData",
    "VarBstrCmp",
    "OleCreatePropertyFrame",
    "SysAllocStringByteLen",
    "SysStringByteLen",
    "SysStringLen",
    "SysAllocString",
    "VarUI4FromStr",
    "LoadRegTypeLib",
    "LoadTypeLib",
    "SysFreeString",
    "AccessibleObjectFromWindow",
    "LresultFromObject",
    "GdipDrawImageI",
    "GdipGetImageGraphicsContext",
    "GdipDisposeImage",
    "GdipCloneImage",
    "GdipCreateBitmapFromScan0",
    "GdipBitmapUnlockBits",
    "GdipBitmapLockBits",
    "GdipGetImagePalette",
    "GdipGetImagePaletteSize",
    "GdipGetImageWidth",
    "GdipGetImageHeight",
    "GdipCloneBrush",
    "GdipCreateFromHDC",
    "GdipDeleteGraphics",
    "GdipFillRectangleI",
    "GdipSetSolidFillColor",
    "GdipCreatePen1",
    "GdipSetClipRectI",
    "GdipCreateLineBrushI",
    "GdipCreatePen2",
    "GdipSetPenColor",
    "GdipDrawLineI",
    "GdipDeletePen",
    "GdipSetPenDashStyle",
    "GdipSetPenDashArray",
    "GdipDrawRectangleI",
    "GdipGetDC",
    "GdipReleaseDC",
    "GdipFillEllipseI",
    "GdiplusStartup",
    "GdiplusShutdown",
    "GdipGetImagePixelFormat",
    "GdipCreateBitmapFromStream",
    "GdipCreateFromHWND",
    "GdipCreateSolidFill",
    "GdipDeleteBrush",
    "GdipFree",
    "GdipAlloc",
    "GdipDrawEllipseI",
    "Shell_NotifyIconW",
    "ShellAboutW",
    "GetThemeBackgroundRegion",
    "GetThemePartSize",
    "GetThemeColor",
    "IsThemeActive",
    "OpenThemeData",
    "DrawThemeTextEx",
    "CloseThemeData",
    "DrawThemeBackground",
    "DrawThemeEdge",
    "DrawThemeIcon",
    "DrawThemeText",
    "GetThemeMargins",
    "AlphaBlend",
    "GradientFill",
    "TransparentBlt",
    "DwmIsCompositionEnabled",
    "DwmEnableBlurBehindWindow"
  ],
  "signatures_ttp": {
    "T1045": "Software Packing"
  },
  "signatures_full": [
    {
      "name": "has_pdb",
      "description": "This executable has a PDB path",
      "severity": 1,
      "ttp": {},
      "markcount": 1,
      "marks": [
        {
          "category": "pdb_path",
          "ioc": "mip.pdb",
          "type": "ioc",
          "description": null
        }
      ]
    },
    {
      "name": "pe_unknown_resource_name",
      "description": "The file contains an unknown PE resource name possibly indicative of a packer",
      "severity": 1,
      "ttp": {
        "T1045": {
          "short": "Software Packing",
          "long": "Software packing is a method of compressing or encrypting an executable. Packing an executable changes the file signature in an attempt to avoid signature-based detection. Most decompression techniques decompress the executable code in memory."
        }
      },
      "markcount": 6,
      "marks": [
        {
          "category": "resource name",
          "ioc": "BITMAP4",
          "type": "ioc",
          "description": null
        },
        {
          "category": "resource name",
          "ioc": "MUI",
          "type": "ioc",
          "description": null
        },
        {
          "category": "resource name",
          "ioc": "REGISTRY",
          "type": "ioc",
          "description": null
        },
        {
          "category": "resource name",
          "ioc": "TEXT",
          "type": "ioc",
          "description": null
        },
        {
          "category": "resource name",
          "ioc": "TYPELIB",
          "type": "ioc",
          "description": null
        },
        {
          "category": "resource name",
          "ioc": "WEVT_TEMPLATE",
          "type": "ioc",
          "description": null
        }
      ]
    },
    {
      "name": "packer_entropy",
      "description": "The binary likely contains encrypted or compressed data indicative of a packer",
      "severity": 2,
      "ttp": {
        "T1045": {
          "short": "Software Packing",
          "long": "Software packing is a method of compressing or encrypting an executable. Packing an executable changes the file signature in an attempt to avoid signature-based detection. Most decompression techniques decompress the executable code in memory."
        }
      },
      "markcount": 2,
      "marks": [
        {
          "entropy": 6.811759588190335,
          "section": {
            "size_of_data": "0x0005fe00",
            "virtual_address": "0x00127000",
            "entropy": 6.811759588190335,
            "name": ".rsrc",
            "virtual_size": "0x0005fcb0"
          },
          "type": "generic",
          "description": "A section with a high entropy has been found"
        },
        {
          "entropy": 0.24741935483870967,
          "type": "generic",
          "description": "Overall entropy of this PE file is high"
        }
      ]
    }
  ],
  "processes": [
    {
      "name": "lsass.exe",
      "path": "C:\\Windows\\System32\\lsass.exe",
      "pid": 484,
      "cmdline": "C:\\Windows\\system32\\lsass.exe",
      "modules": [
        "lsass.exe",
        "ntdll.dll",
        "kernel32.dll",
        "KERNELBASE.dll",
        "msvcrt.dll",
        "RPCRT4.dll",
        "SspiSrv.dll",
        "lsasrv.dll",
        "sechost.dll",
        "SspiCli.dll",
        "ADVAPI32.dll",
        "USER32.dll",
        "GDI32.dll",
        "LPK.dll",
        "USP10.dll",
        "SAMSRV.dll",
        "cryptdll.dll",
        "MSASN1.dll",
        "wevtapi.dll",
        "IMM32.DLL",
        "MSCTF.dll",
        "cngaudit.dll",
        "AUTHZ.dll",
        "ncrypt.dll",
        "bcrypt.dll",
        "msprivs.DLL",
        "netjoin.dll",
        "negoexts.DLL",
        "Secur32.dll",
        "cryptbase.dll",
        "kerberos.DLL",
        "CRYPTSP.dll",
        "WS2_32.dll",
        "NSI.dll",
        "mswsock.dll",
        "wship6.dll",
        "msv1_0.DLL",
        "netlogon.DLL",
        "DNSAPI.dll",
        "logoncli.dll",
        "schannel.DLL",
        "CRYPT32.dll",
        "wdigest.DLL",
        "rsaenh.dll",
        "tspkg.DLL",
        "pku2u.DLL",
        "bcryptprimitives.dll",
        "RpcRtRemote.dll",
        "efslsaext.dll",
        "WINSTA.dll",
        "scecli.DLL",
        "credssp.dll",
        "IPHLPAPI.DLL",
        "WINNSI.DLL",
        "netutils.dll",
        "USERENV.dll",
        "profapi.dll",
        "wshtcpip.dll",
        "monitor-x64.dll"
      ]
    }
  ]
}