{
  "behavior_summary": {
    "file_created": [],
    "file_deleted": [],
    "file_read": [],
    "file_recreated": [],
    "file_exists": [],
    "file_opened": [],
    "regkey_opened": [],
    "regkey_read": [],
    "regkey_written": [],
    "dll_loaded": [
      "kernel32.dll"
    ],
    "executed_commands": [],
    "directory_created": [],
    "mutex": [],
    "processes_created": [],
    "resolves_host": []
  },
  "dropped_files": [],
  "api_statistics": {
    "2268": {
      "CreateToolhelp32Snapshot": 1,
      "Module32FirstW": 1,
      "GetSystemTimeAsFileTime": 1,
      "LdrGetProcedureAddress": 20,
      "NtProtectVirtualMemory": 1,
      "SetUnhandledExceptionFilter": 1,
      "SetErrorMode": 2,
      "NtTerminateProcess": 3,
      "NtClose": 3,
      "NtAllocateVirtualMemory": 6,
      "LdrLoadDll": 2,
      "LdrGetDllHandle": 3,
      "NtFreeVirtualMemory": 1
    }
  },
  "api_call_sequence": [
    {
      "time": 1746123243.17175,
      "api": "GetSystemTimeAsFileTime",
      "pid": 2268,
      "arguments": {},
      "category": "synchronisation"
    },
    {
      "time": 1746123243.17175,
      "api": "NtAllocateVirtualMemory",
      "pid": 2268,
      "arguments": {
        "process_identifier": 2268,
        "region_size": 1638400,
        "stack_dep_bypass": 0,
        "stack_pivoted": 0,
        "heap_dep_bypass": 0,
        "protection": 4,
        "process_handle": "0xffffffff",
        "allocation_type": 8192,
        "base_address": "0x00620000"
      },
      "category": "process"
    },
    {
      "time": 1746123243.17175,
      "api": "NtFreeVirtualMemory",
      "pid": 2268,
      "arguments": {
        "free_type": 32768,
        "process_identifier": 2268,
        "process_handle": "0xffffffff",
        "base_address": "0x00620000",
        "size": 1572864
      },
      "category": "process"
    },
    {
      "time": 1746123243.17175,
      "api": "NtAllocateVirtualMemory",
      "pid": 2268,
      "arguments": {
        "process_identifier": 2268,
        "region_size": 4096,
        "stack_dep_bypass": 0,
        "stack_pivoted": 0,
        "heap_dep_bypass": 0,
        "protection": 4,
        "process_handle": "0xffffffff",
        "allocation_type": 4096,
        "base_address": "0x007a0000"
      },
      "category": "process"
    },
    {
      "time": 1746123243.17175,
      "api": "LdrGetDllHandle",
      "pid": 2268,
      "arguments": {
        "module_name": "KERNEL32.DLL",
        "stack_pivoted": 0,
        "module_address": "0x77820000"
      },
      "category": "system"
    },
    {
      "time": 1746123243.17175,
      "api": "LdrGetProcedureAddress",
      "pid": 2268,
      "arguments": {
        "ordinal": 0,
        "module": "kernel32",
        "module_address": "0x77820000",
        "function_address": "0x77834f2b",
        "function_name": "FlsAlloc"
      },
      "category": "system"
    },
    {
      "time": 1746123243.17175,
      "api": "LdrGetProcedureAddress",
      "pid": 2268,
      "arguments": {
        "ordinal": 0,
        "module": "kernel32",
        "module_address": "0x77820000",
        "function_address": "0x77831252",
        "function_name": "FlsGetValue"
      },
      "category": "system"
    },
    {
      "time": 1746123243.17175,
      "api": "LdrGetProcedureAddress",
      "pid": 2268,
      "arguments": {
        "ordinal": 0,
        "module": "kernel32",
        "module_address": "0x77820000",
        "function_address": "0x77834208",
        "function_name": "FlsSetValue"
      },
      "category": "system"
    },
    {
      "time": 1746123243.17175,
      "api": "LdrGetProcedureAddress",
      "pid": 2268,
      "arguments": {
        "ordinal": 0,
        "module": "kernel32",
        "module_address": "0x77820000",
        "function_address": "0x7783359f",
        "function_name": "FlsFree"
      },
      "category": "system"
    },
    {
      "time": 1746123243.17175,
      "api": "LdrGetDllHandle",
      "pid": 2268,
      "arguments": {
        "module_name": "KERNEL32.DLL",
        "stack_pivoted": 0,
        "module_address": "0x77820000"
      },
      "category": "system"
    },
    {
      "time": 1746123243.17175,
      "api": "NtAllocateVirtualMemory",
      "pid": 2268,
      "arguments": {
        "process_identifier": 2268,
        "region_size": 4096,
        "stack_dep_bypass": 0,
        "stack_pivoted": 0,
        "heap_dep_bypass": 0,
        "protection": 4,
        "process_handle": "0xffffffff",
        "allocation_type": 4096,
        "base_address": "0x007a1000"
      },
      "category": "process"
    },
    {
      "time": 1746123243.17175,
      "api": "NtAllocateVirtualMemory",
      "pid": 2268,
      "arguments": {
        "process_identifier": 2268,
        "region_size": 4096,
        "stack_dep_bypass": 0,
        "stack_pivoted": 0,
        "heap_dep_bypass": 0,
        "protection": 4,
        "process_handle": "0xffffffff",
        "allocation_type": 4096,
        "base_address": "0x007a2000"
      },
      "category": "process"
    },
    {
      "time": 1746123243.17175,
      "api": "SetUnhandledExceptionFilter",
      "pid": 2268,
      "arguments": {},
      "category": "exception"
    },
    {
      "time": 1746123307.21875,
      "api": "LdrGetDllHandle",
      "pid": 2268,
      "arguments": {
        "module_name": "kernel32.dll",
        "stack_pivoted": 0,
        "module_address": "0x77820000"
      },
      "category": "system"
    },
    {
      "time": 1746123307.23375,
      "api": "NtAllocateVirtualMemory",
      "pid": 2268,
      "arguments": {
        "process_identifier": 2268,
        "region_size": 266240,
        "stack_dep_bypass": 0,
        "stack_pivoted": 0,
        "heap_dep_bypass": 0,
        "protection": 4,
        "process_handle": "0xffffffff",
        "allocation_type": 4096,
        "base_address": "0x0030c000"
      },
      "category": "process"
    },
    {
      "time": 1746123307.23375,
      "api": "LdrGetProcedureAddress",
      "pid": 2268,
      "arguments": {
        "ordinal": 0,
        "module": "kernel32",
        "module_address": "0x77820000",
        "function_address": "0x7783435f",
        "function_name": "VirtualProtect"
      },
      "category": "system"
    },
    {
      "time": 1746123307.28075,
      "api": "NtProtectVirtualMemory",
      "pid": 2268,
      "arguments": {
        "process_identifier": 2268,
        "stack_dep_bypass": 0,
        "stack_pivoted": 0,
        "heap_dep_bypass": 1,
        "length": 270336,
        "protection": 64,
        "process_handle": "0xffffffff",
        "base_address": "0x002fa000"
      },
      "category": "process"
    },
    {
      "time": 1746123307.29675,
      "api": "LdrLoadDll",
      "pid": 2268,
      "arguments": {
        "basename": "kernel32",
        "module_address": "0x77820000",
        "flags": 0,
        "module_name": "kernel32.dll",
        "stack_pivoted": 0
      },
      "category": "system"
    },
    {
      "time": 1746123307.29675,
      "api": "LdrGetProcedureAddress",
      "pid": 2268,
      "arguments": {
        "ordinal": 0,
        "module": "kernel32",
        "module_address": "0x77820000",
        "function_address": "0x7783588e",
        "function_name": "GlobalAlloc"
      },
      "category": "system"
    },
    {
      "time": 1746123307.29675,
      "api": "LdrGetProcedureAddress",
      "pid": 2268,
      "arguments": {
        "ordinal": 0,
        "module": "kernel32",
        "module_address": "0x77820000",
        "function_address": "0x778311c0",
        "function_name": "GetLastError"
      },
      "category": "system"
    },
    {
      "time": 1746123307.29675,
      "api": "LdrGetProcedureAddress",
      "pid": 2268,
      "arguments": {
        "ordinal": 0,
        "module": "kernel32",
        "module_address": "0x77820000",
        "function_address": "0x778310ff",
        "function_name": "Sleep"
      },
      "category": "system"
    },
    {
      "time": 1746123307.29675,
      "api": "LdrGetProcedureAddress",
      "pid": 2268,
      "arguments": {
        "ordinal": 0,
        "module": "kernel32",
        "module_address": "0x77820000",
        "function_address": "0x77831856",
        "function_name": "VirtualAlloc"
      },
      "category": "system"
    },
    {
      "time": 1746123307.29675,
      "api": "LdrGetProcedureAddress",
      "pid": 2268,
      "arguments": {
        "ordinal": 0,
        "module": "kernel32",
        "module_address": "0x77820000",
        "function_address": "0x7785735f",
        "function_name": "CreateToolhelp32Snapshot"
      },
      "category": "system"
    },
    {
      "time": 1746123307.29675,
      "api": "LdrGetProcedureAddress",
      "pid": 2268,
      "arguments": {
        "ordinal": 0,
        "module": "kernel32",
        "module_address": "0x77820000",
        "function_address": "0x778b5cd9",
        "function_name": "Module32First"
      },
      "category": "system"
    },
    {
      "time": 1746123307.29675,
      "api": "LdrGetProcedureAddress",
      "pid": 2268,
      "arguments": {
        "ordinal": 0,
        "module": "kernel32",
        "module_address": "0x77820000",
        "function_address": "0x77831410",
        "function_name": "CloseHandle"
      },
      "category": "system"
    },
    {
      "time": 1746123307.29675,
      "api": "CreateToolhelp32Snapshot",
      "pid": 2268,
      "arguments": {
        "flags": 8,
        "process_identifier": 0
      },
      "category": "process"
    },
    {
      "time": 1746123307.29675,
      "api": "Module32FirstW",
      "pid": 2268,
      "arguments": {
        "snapshot_handle": "0x00000050"
      },
      "category": "process"
    },
    {
      "time": 1746123307.29675,
      "api": "NtAllocateVirtualMemory",
      "pid": 2268,
      "arguments": {
        "process_identifier": 2268,
        "region_size": 524288,
        "stack_dep_bypass": 0,
        "stack_pivoted": 0,
        "heap_dep_bypass": 0,
        "protection": 64,
        "process_handle": "0xffffffff",
        "allocation_type": 4096,
        "base_address": "0x00620000"
      },
      "category": "process"
    },
    {
      "time": 1746123307.29675,
      "api": "LdrGetProcedureAddress",
      "pid": 2268,
      "arguments": {
        "ordinal": 0,
        "module": "kernel32",
        "module_address": "0x77820000",
        "function_address": "0x778349d7",
        "function_name": "LoadLibraryA"
      },
      "category": "system"
    },
    {
      "time": 1746123307.29675,
      "api": "LdrLoadDll",
      "pid": 2268,
      "arguments": {
        "basename": "kernel32",
        "module_address": "0x77820000",
        "flags": 0,
        "module_name": "kernel32.dll",
        "stack_pivoted": 0
      },
      "category": "system"
    },
    {
      "time": 1746123307.29675,
      "api": "LdrGetProcedureAddress",
      "pid": 2268,
      "arguments": {
        "ordinal": 0,
        "module": "kernel32",
        "module_address": "0x77820000",
        "function_address": "0x77831856",
        "function_name": "VirtualAlloc"
      },
      "category": "system"
    },
    {
      "time": 1746123307.29675,
      "api": "LdrGetProcedureAddress",
      "pid": 2268,
      "arguments": {
        "ordinal": 0,
        "module": "kernel32",
        "module_address": "0x77820000",
        "function_address": "0x7783435f",
        "function_name": "VirtualProtect"
      },
      "category": "system"
    },
    {
      "time": 1746123307.29675,
      "api": "LdrGetProcedureAddress",
      "pid": 2268,
      "arguments": {
        "ordinal": 0,
        "module": "kernel32",
        "module_address": "0x77820000",
        "function_address": "0x7783186e",
        "function_name": "VirtualFree"
      },
      "category": "system"
    },
    {
      "time": 1746123307.29675,
      "api": "LdrGetProcedureAddress",
      "pid": 2268,
      "arguments": {
        "ordinal": 0,
        "module": "kernel32",
        "module_address": "0x77820000",
        "function_address": "0x77833519",
        "function_name": "GetVersionExA"
      },
      "category": "system"
    },
    {
      "time": 1746123307.29675,
      "api": "LdrGetProcedureAddress",
      "pid": 2268,
      "arguments": {
        "ordinal": 0,
        "module": "kernel32",
        "module_address": "0x77820000",
        "function_address": "0x7784d802",
        "function_name": "TerminateProcess"
      },
      "category": "system"
    },
    {
      "time": 1746123307.29675,
      "api": "LdrGetProcedureAddress",
      "pid": 2268,
      "arguments": {
        "ordinal": 0,
        "module": "kernel32",
        "module_address": "0x77820000",
        "function_address": "0x77837a10",
        "function_name": "ExitProcess"
      },
      "category": "system"
    },
    {
      "time": 1746123307.29675,
      "api": "LdrGetProcedureAddress",
      "pid": 2268,
      "arguments": {
        "ordinal": 0,
        "module": "kernel32",
        "module_address": "0x77820000",
        "function_address": "0x77831b00",
        "function_name": "SetErrorMode"
      },
      "category": "system"
    },
    {
      "time": 1746123307.29675,
      "api": "SetErrorMode",
      "pid": 2268,
      "arguments": {
        "mode": 1024
      },
      "category": "system"
    },
    {
      "time": 1746123307.29675,
      "api": "SetErrorMode",
      "pid": 2268,
      "arguments": {
        "mode": 0
      },
      "category": "system"
    },
    {
      "time": 1746123307.29675,
      "api": "NtTerminateProcess",
      "pid": 2268,
      "arguments": {
        "status_code": "0x00000000",
        "process_identifier": 0,
        "process_handle": "0x00000000"
      },
      "category": "process"
    },
    {
      "time": 1746123307.29675,
      "api": "NtTerminateProcess",
      "pid": 2268,
      "arguments": {
        "status_code": "0x00000000",
        "process_identifier": 0,
        "process_handle": "0x00000000"
      },
      "category": "process"
    },
    {
      "time": 1746123307.29675,
      "api": "NtClose",
      "pid": 2268,
      "arguments": {
        "handle": "0x00000030"
      },
      "category": "system"
    },
    {
      "time": 1746123307.29675,
      "api": "NtClose",
      "pid": 2268,
      "arguments": {
        "handle": "0x00000024"
      },
      "category": "system"
    },
    {
      "time": 1746123307.29675,
      "api": "NtClose",
      "pid": 2268,
      "arguments": {
        "handle": "0x0000002c"
      },
      "category": "system"
    },
    {
      "time": 1746123307.29675,
      "api": "NtTerminateProcess",
      "pid": 2268,
      "arguments": {
        "status_code": "0x00000000",
        "process_identifier": 2268,
        "process_handle": "0xffffffff"
      },
      "category": "process"
    }
  ],
  "network": {
    "http": [],
    "tcp": [],
    "udp": [
      {
        "src": "192.168.56.101",
        "dst": "192.168.56.255",
        "offset": 2688,
        "time": 3.0899441242218018,
        "dport": 137,
        "sport": 137
      },
      {
        "src": "192.168.56.101",
        "dst": "192.168.56.255",
        "offset": 9384,
        "time": 9.083187103271484,
        "dport": 138,
        "sport": 138
      },
      {
        "src": "192.168.56.101",
        "dst": "224.0.0.252",
        "offset": 16402,
        "time": 1.0224881172180176,
        "dport": 5355,
        "sport": 50233
      },
      {
        "src": "192.168.56.101",
        "dst": "224.0.0.252",
        "offset": 16722,
        "time": 1.5522310733795166,
        "dport": 5355,
        "sport": 52790
      },
      {
        "src": "192.168.56.101",
        "dst": "224.0.0.252",
        "offset": 17050,
        "time": 0.0457921028137207,
        "dport": 5355,
        "sport": 53526
      },
      {
        "src": "192.168.56.101",
        "dst": "224.0.0.252",
        "offset": 17378,
        "time": 2.4300551414489746,
        "dport": 5355,
        "sport": 58224
      },
      {
        "src": "192.168.56.101",
        "dst": "224.0.0.252",
        "offset": 17698,
        "time": 3.0188210010528564,
        "dport": 5355,
        "sport": 58709
      },
      {
        "src": "192.168.56.101",
        "dst": "224.0.0.252",
        "offset": 18018,
        "time": 3.0186991691589355,
        "dport": 5355,
        "sport": 64762
      },
      {
        "src": "192.168.56.101",
        "dst": "8.8.8.8",
        "offset": 18346,
        "time": 2.0201292037963867,
        "dport": 53,
        "sport": 55116
      },
      {
        "src": "192.168.56.101",
        "dst": "8.8.8.8",
        "offset": 18806,
        "time": 3.0253350734710693,
        "dport": 53,
        "sport": 57168
      },
      {
        "src": "192.168.56.101",
        "dst": "8.8.8.8",
        "offset": 19311,
        "time": 15.030105113983154,
        "dport": 53,
        "sport": 59798
      },
      {
        "src": "192.168.56.101",
        "dst": "8.8.8.8",
        "offset": 19771,
        "time": 15.038708209991455,
        "dport": 53,
        "sport": 61031
      },
      {
        "src": "192.168.56.101",
        "dst": "8.8.8.8",
        "offset": 20276,
        "time": 2.762444019317627,
        "dport": 53,
        "sport": 62139
      }
    ],
    "dns": [
      {
        "type": "A",
        "request": "www.msftncsi.com",
        "answers": []
      },
      {
        "type": "A",
        "request": "dns.msftncsi.com",
        "answers": []
      },
      {
        "type": "A",
        "request": "teredo.ipv6.microsoft.com",
        "answers": []
      }
    ],
    "hosts": [
      "8.8.8.8"
    ],
    "icmp": [],
    "smtp": []
  },
  "static_imports": [
    "SleepEx",
    "GetModuleHandleW",
    "GetTickCount",
    "WriteFile",
    "SizeofResource",
    "GetAtomNameW",
    "FindFirstFileExW",
    "lstrlenW",
    "GetTempPathW",
    "GetNamedPipeHandleStateW",
    "GetLastError",
    "GetProcAddress",
    "LocalAlloc",
    "WritePrivateProfileStringA",
    "GlobalWire",
    "GetConsoleCursorInfo",
    "SetComputerNameW",
    "CompareFileTime",
    "InterlockedDecrement",
    "HeapAlloc",
    "FindResourceW",
    "DebugActiveProcessStop",
    "GetLocaleInfoA",
    "ReadFile",
    "GetCommandLineW",
    "GetCommandLineA",
    "HeapSetInformation",
    "GetStartupInfoW",
    "RaiseException",
    "TerminateProcess",
    "GetCurrentProcess",
    "UnhandledExceptionFilter",
    "SetUnhandledExceptionFilter",
    "IsDebuggerPresent",
    "IsProcessorFeaturePresent",
    "HeapFree",
    "EncodePointer",
    "DecodePointer",
    "ExitProcess",
    "GetStdHandle",
    "GetModuleFileNameW",
    "GetModuleFileNameA",
    "FreeEnvironmentStringsW",
    "WideCharToMultiByte",
    "GetEnvironmentStringsW",
    "SetHandleCount",
    "InitializeCriticalSectionAndSpinCount",
    "GetFileType",
    "DeleteCriticalSection",
    "TlsAlloc",
    "TlsGetValue",
    "TlsSetValue",
    "TlsFree",
    "InterlockedIncrement",
    "SetLastError",
    "GetCurrentThreadId",
    "HeapCreate",
    "QueryPerformanceCounter",
    "GetCurrentProcessId",
    "GetSystemTimeAsFileTime",
    "LeaveCriticalSection",
    "EnterCriticalSection",
    "RtlUnwind",
    "Sleep",
    "HeapSize",
    "LoadLibraryW",
    "GetCPInfo",
    "GetACP",
    "GetOEMCP",
    "IsValidCodePage",
    "HeapReAlloc",
    "LCMapStringW",
    "MultiByteToWideChar",
    "GetStringTypeW",
    "CloseEventLog",
    "RegDeleteValueW"
  ],
  "signatures_ttp": {
    "T1045": "Software Packing"
  },
  "signatures_full": [
    {
      "name": "has_pdb",
      "description": "This executable has a PDB path",
      "severity": 1,
      "ttp": {},
      "markcount": 1,
      "marks": [
        {
          "category": "pdb_path",
          "ioc": "C:\\gicoxubusofumo89-nosunaxo28\\cefukifogurakamilewi8\\loba\\sadogo.pdb\u0000b",
          "type": "ioc",
          "description": null
        }
      ]
    },
    {
      "name": "pe_unknown_resource_name",
      "description": "The file contains an unknown PE resource name possibly indicative of a packer",
      "severity": 1,
      "ttp": {
        "T1045": {
          "short": "Software Packing",
          "long": "Software packing is a method of compressing or encrypting an executable. Packing an executable changes the file signature in an attempt to avoid signature-based detection. Most decompression techniques decompress the executable code in memory."
        }
      },
      "markcount": 2,
      "marks": [
        {
          "category": "resource name",
          "ioc": "GAKAWAPEDOCUREXAREKORUVUVUSO",
          "type": "ioc",
          "description": null
        },
        {
          "category": "resource name",
          "ioc": "ZIDEBOBEPESODIXOYAT",
          "type": "ioc",
          "description": null
        }
      ]
    },
    {
      "name": "allocates_rwx",
      "description": "Allocates read-write-execute memory (usually to unpack itself)",
      "severity": 2,
      "ttp": {},
      "markcount": 2,
      "marks": [
        {
          "call": {
            "category": "process",
            "status": 1,
            "stacktrace": [],
            "api": "NtProtectVirtualMemory",
            "return_value": 0,
            "arguments": {
              "process_identifier": 2268,
              "stack_dep_bypass": 0,
              "stack_pivoted": 0,
              "heap_dep_bypass": 1,
              "length": 270336,
              "protection": 64,
              "process_handle": "0xffffffff",
              "base_address": "0x002fa000"
            },
            "time": 1746123307.28075,
            "tid": 2272,
            "flags": {
              "protection": "PAGE_EXECUTE_READWRITE"
            }
          },
          "pid": 2268,
          "type": "call",
          "cid": 16
        },
        {
          "call": {
            "category": "process",
            "status": 1,
            "stacktrace": [],
            "api": "NtAllocateVirtualMemory",
            "return_value": 0,
            "arguments": {
              "process_identifier": 2268,
              "region_size": 524288,
              "stack_dep_bypass": 0,
              "stack_pivoted": 0,
              "heap_dep_bypass": 0,
              "protection": 64,
              "process_handle": "0xffffffff",
              "allocation_type": 4096,
              "base_address": "0x00620000"
            },
            "time": 1746123307.29675,
            "tid": 2272,
            "flags": {
              "protection": "PAGE_EXECUTE_READWRITE",
              "allocation_type": "MEM_COMMIT"
            }
          },
          "pid": 2268,
          "type": "call",
          "cid": 27
        }
      ]
    },
    {
      "name": "origin_langid",
      "description": "Foreign language identified in PE resource",
      "severity": 2,
      "ttp": {},
      "markcount": 33,
      "marks": [
        {
          "name": "GAKAWAPEDOCUREXAREKORUVUVUSO",
          "language": "LANG_CHINESE",
          "offset": "0x0012da70",
          "filetype": "ASCII text, with very long lines, with no line terminators",
          "sublanguage": "*unknown*",
          "type": "generic",
          "size": "0x0000126a"
        },
        {
          "name": "ZIDEBOBEPESODIXOYAT",
          "language": "LANG_CHINESE",
          "offset": "0x0012b7b0",
          "filetype": "ASCII text, with very long lines, with no line terminators",
          "sublanguage": "*unknown*",
          "type": "generic",
          "size": "0x000022ba"
        },
        {
          "name": "RT_ICON",
          "language": "LANG_CHINESE",
          "offset": "0x0012b2d0",
          "filetype": "GLS_BINARY_LSB_FIRST",
          "sublanguage": "*unknown*",
          "type": "generic",
          "size": "0x00000468"
        },
        {
          "name": "RT_ICON",
          "language": "LANG_CHINESE",
          "offset": "0x0012b2d0",
          "filetype": "GLS_BINARY_LSB_FIRST",
          "sublanguage": "*unknown*",
          "type": "generic",
          "size": "0x00000468"
        },
        {
          "name": "RT_ICON",
          "language": "LANG_CHINESE",
          "offset": "0x0012b2d0",
          "filetype": "GLS_BINARY_LSB_FIRST",
          "sublanguage": "*unknown*",
          "type": "generic",
          "size": "0x00000468"
        },
        {
          "name": "RT_ICON",
          "language": "LANG_CHINESE",
          "offset": "0x0012b2d0",
          "filetype": "GLS_BINARY_LSB_FIRST",
          "sublanguage": "*unknown*",
          "type": "generic",
          "size": "0x00000468"
        },
        {
          "name": "RT_ICON",
          "language": "LANG_CHINESE",
          "offset": "0x0012b2d0",
          "filetype": "GLS_BINARY_LSB_FIRST",
          "sublanguage": "*unknown*",
          "type": "generic",
          "size": "0x00000468"
        },
        {
          "name": "RT_ICON",
          "language": "LANG_CHINESE",
          "offset": "0x0012b2d0",
          "filetype": "GLS_BINARY_LSB_FIRST",
          "sublanguage": "*unknown*",
          "type": "generic",
          "size": "0x00000468"
        },
        {
          "name": "RT_ICON",
          "language": "LANG_CHINESE",
          "offset": "0x0012b2d0",
          "filetype": "GLS_BINARY_LSB_FIRST",
          "sublanguage": "*unknown*",
          "type": "generic",
          "size": "0x00000468"
        },
        {
          "name": "RT_ICON",
          "language": "LANG_CHINESE",
          "offset": "0x0012b2d0",
          "filetype": "GLS_BINARY_LSB_FIRST",
          "sublanguage": "*unknown*",
          "type": "generic",
          "size": "0x00000468"
        },
        {
          "name": "RT_ICON",
          "language": "LANG_CHINESE",
          "offset": "0x0012b2d0",
          "filetype": "GLS_BINARY_LSB_FIRST",
          "sublanguage": "*unknown*",
          "type": "generic",
          "size": "0x00000468"
        },
        {
          "name": "RT_ICON",
          "language": "LANG_CHINESE",
          "offset": "0x0012b2d0",
          "filetype": "GLS_BINARY_LSB_FIRST",
          "sublanguage": "*unknown*",
          "type": "generic",
          "size": "0x00000468"
        },
        {
          "name": "RT_ICON",
          "language": "LANG_CHINESE",
          "offset": "0x0012b2d0",
          "filetype": "GLS_BINARY_LSB_FIRST",
          "sublanguage": "*unknown*",
          "type": "generic",
          "size": "0x00000468"
        },
        {
          "name": "RT_ICON",
          "language": "LANG_CHINESE",
          "offset": "0x0012b2d0",
          "filetype": "GLS_BINARY_LSB_FIRST",
          "sublanguage": "*unknown*",
          "type": "generic",
          "size": "0x00000468"
        },
        {
          "name": "RT_ICON",
          "language": "LANG_CHINESE",
          "offset": "0x0012b2d0",
          "filetype": "GLS_BINARY_LSB_FIRST",
          "sublanguage": "*unknown*",
          "type": "generic",
          "size": "0x00000468"
        },
        {
          "name": "RT_ICON",
          "language": "LANG_CHINESE",
          "offset": "0x0012b2d0",
          "filetype": "GLS_BINARY_LSB_FIRST",
          "sublanguage": "*unknown*",
          "type": "generic",
          "size": "0x00000468"
        },
        {
          "name": "RT_ICON",
          "language": "LANG_CHINESE",
          "offset": "0x0012b2d0",
          "filetype": "GLS_BINARY_LSB_FIRST",
          "sublanguage": "*unknown*",
          "type": "generic",
          "size": "0x00000468"
        },
        {
          "name": "RT_ICON",
          "language": "LANG_CHINESE",
          "offset": "0x0012b2d0",
          "filetype": "GLS_BINARY_LSB_FIRST",
          "sublanguage": "*unknown*",
          "type": "generic",
          "size": "0x00000468"
        },
        {
          "name": "RT_STRING",
          "language": "LANG_CHINESE",
          "offset": "0x00131a90",
          "filetype": "data",
          "sublanguage": "*unknown*",
          "type": "generic",
          "size": "0x00000194"
        },
        {
          "name": "RT_STRING",
          "language": "LANG_CHINESE",
          "offset": "0x00131a90",
          "filetype": "data",
          "sublanguage": "*unknown*",
          "type": "generic",
          "size": "0x00000194"
        },
        {
          "name": "RT_STRING",
          "language": "LANG_CHINESE",
          "offset": "0x00131a90",
          "filetype": "data",
          "sublanguage": "*unknown*",
          "type": "generic",
          "size": "0x00000194"
        },
        {
          "name": "RT_STRING",
          "language": "LANG_CHINESE",
          "offset": "0x00131a90",
          "filetype": "data",
          "sublanguage": "*unknown*",
          "type": "generic",
          "size": "0x00000194"
        },
        {
          "name": "RT_STRING",
          "language": "LANG_CHINESE",
          "offset": "0x00131a90",
          "filetype": "data",
          "sublanguage": "*unknown*",
          "type": "generic",
          "size": "0x00000194"
        },
        {
          "name": "RT_STRING",
          "language": "LANG_CHINESE",
          "offset": "0x00131a90",
          "filetype": "data",
          "sublanguage": "*unknown*",
          "type": "generic",
          "size": "0x00000194"
        },
        {
          "name": "RT_STRING",
          "language": "LANG_CHINESE",
          "offset": "0x00131a90",
          "filetype": "data",
          "sublanguage": "*unknown*",
          "type": "generic",
          "size": "0x00000194"
        },
        {
          "name": "RT_STRING",
          "language": "LANG_CHINESE",
          "offset": "0x00131a90",
          "filetype": "data",
          "sublanguage": "*unknown*",
          "type": "generic",
          "size": "0x00000194"
        },
        {
          "name": "RT_STRING",
          "language": "LANG_CHINESE",
          "offset": "0x00131a90",
          "filetype": "data",
          "sublanguage": "*unknown*",
          "type": "generic",
          "size": "0x00000194"
        },
        {
          "name": "RT_STRING",
          "language": "LANG_CHINESE",
          "offset": "0x00131a90",
          "filetype": "data",
          "sublanguage": "*unknown*",
          "type": "generic",
          "size": "0x00000194"
        },
        {
          "name": "RT_STRING",
          "language": "LANG_CHINESE",
          "offset": "0x00131a90",
          "filetype": "data",
          "sublanguage": "*unknown*",
          "type": "generic",
          "size": "0x00000194"
        },
        {
          "name": "RT_STRING",
          "language": "LANG_CHINESE",
          "offset": "0x00131a90",
          "filetype": "data",
          "sublanguage": "*unknown*",
          "type": "generic",
          "size": "0x00000194"
        },
        {
          "name": "RT_ACCELERATOR",
          "language": "LANG_CHINESE",
          "offset": "0x0012ece0",
          "filetype": "data",
          "sublanguage": "*unknown*",
          "type": "generic",
          "size": "0x00000060"
        },
        {
          "name": "RT_GROUP_ICON",
          "language": "LANG_CHINESE",
          "offset": "0x0012b738",
          "filetype": "data",
          "sublanguage": "*unknown*",
          "type": "generic",
          "size": "0x00000076"
        },
        {
          "name": "RT_GROUP_ICON",
          "language": "LANG_CHINESE",
          "offset": "0x0012b738",
          "filetype": "data",
          "sublanguage": "*unknown*",
          "type": "generic",
          "size": "0x00000076"
        }
      ]
    },
    {
      "name": "packer_entropy",
      "description": "The binary likely contains encrypted or compressed data indicative of a packer",
      "severity": 2,
      "ttp": {
        "T1045": {
          "short": "Software Packing",
          "long": "Software packing is a method of compressing or encrypting an executable. Packing an executable changes the file signature in an attempt to avoid signature-based detection. Most decompression techniques decompress the executable code in memory."
        }
      },
      "markcount": 2,
      "marks": [
        {
          "entropy": 7.891385506273531,
          "section": {
            "size_of_data": "0x00052800",
            "virtual_address": "0x00001000",
            "entropy": 7.891385506273531,
            "name": ".text",
            "virtual_size": "0x000526b6"
          },
          "type": "generic",
          "description": "A section with a high entropy has been found"
        },
        {
          "entropy": 0.6818181818181818,
          "type": "generic",
          "description": "Overall entropy of this PE file is high"
        }
      ]
    }
  ],
  "processes": [
    {
      "name": "lsass.exe",
      "path": "C:\\Windows\\System32\\lsass.exe",
      "pid": 484,
      "cmdline": "C:\\Windows\\system32\\lsass.exe",
      "modules": [
        "lsass.exe",
        "ntdll.dll",
        "kernel32.dll",
        "KERNELBASE.dll",
        "msvcrt.dll",
        "RPCRT4.dll",
        "SspiSrv.dll",
        "lsasrv.dll",
        "sechost.dll",
        "SspiCli.dll",
        "ADVAPI32.dll",
        "USER32.dll",
        "GDI32.dll",
        "LPK.dll",
        "USP10.dll",
        "SAMSRV.dll",
        "cryptdll.dll",
        "MSASN1.dll",
        "wevtapi.dll",
        "IMM32.DLL",
        "MSCTF.dll",
        "cngaudit.dll",
        "AUTHZ.dll",
        "ncrypt.dll",
        "bcrypt.dll",
        "msprivs.DLL",
        "netjoin.dll",
        "negoexts.DLL",
        "Secur32.dll",
        "cryptbase.dll",
        "kerberos.DLL",
        "CRYPTSP.dll",
        "WS2_32.dll",
        "NSI.dll",
        "mswsock.dll",
        "wship6.dll",
        "msv1_0.DLL",
        "netlogon.DLL",
        "DNSAPI.dll",
        "logoncli.dll",
        "schannel.DLL",
        "CRYPT32.dll",
        "wdigest.DLL",
        "rsaenh.dll",
        "tspkg.DLL",
        "pku2u.DLL",
        "bcryptprimitives.dll",
        "RpcRtRemote.dll",
        "efslsaext.dll",
        "WINSTA.dll",
        "scecli.DLL",
        "credssp.dll",
        "IPHLPAPI.DLL",
        "WINNSI.DLL",
        "netutils.dll",
        "USERENV.dll",
        "profapi.dll",
        "wshtcpip.dll",
        "monitor-x64.dll"
      ]
    },
    {
      "name": "6704bdd23f15685f68de5c7aed1b9919fb4e7e29296c93f7294468892c771357.exe",
      "path": "C:\\Users\\Administrator\\AppData\\Local\\Temp\\6704bdd23f15685f68de5c7aed1b9919fb4e7e29296c93f7294468892c771357.exe",
      "pid": 2268,
      "cmdline": "\"C:\\Users\\Administrator\\AppData\\Local\\Temp\\6704bdd23f15685f68de5c7aed1b9919fb4e7e29296c93f7294468892c771357.exe\" ",
      "modules": [
        "6704bdd23f15685f68de5c7aed1b9919fb4e7e29296c93f7294468892c771357.exe",
        "ntdll.dll",
        "kernel32.dll",
        "KERNELBASE.dll",
        "ADVAPI32.dll",
        "msvcrt.dll",
        "sechost.dll",
        "RPCRT4.dll",
        "SspiCli.dll",
        "CRYPTBASE.dll",
        "monitor-x86.dll"
      ]
    }
  ]
}