{
  "behavior_summary": {
    "file_created": [],
    "file_deleted": [],
    "file_read": [],
    "file_recreated": [],
    "file_exists": [],
    "file_opened": [],
    "regkey_opened": [],
    "regkey_read": [],
    "regkey_written": [],
    "dll_loaded": [],
    "executed_commands": [],
    "directory_created": [],
    "mutex": [],
    "processes_created": [],
    "resolves_host": []
  },
  "dropped_files": [],
  "api_statistics": {},
  "api_call_sequence": [],
  "network": {
    "http": [
      {
        "count": 1,
        "body": "",
        "uri": "http://www.msftncsi.com/ncsi.txt",
        "user-agent": "Microsoft NCSI",
        "method": "GET",
        "host": "www.msftncsi.com",
        "version": "1.1",
        "path": "/ncsi.txt",
        "data": "GET /ncsi.txt HTTP/1.1\r\nConnection: Close\r\nUser-Agent: Microsoft NCSI\r\nHost: www.msftncsi.com\r\n\r\n",
        "port": 80
      }
    ],
    "tcp": [
      {
        "src": "192.168.56.101",
        "dst": "113.171.230.17",
        "offset": 1120,
        "time": 2.809190034866333,
        "dport": 80,
        "sport": 49160
      }
    ],
    "udp": [
      {
        "src": "192.168.56.101",
        "dst": "192.168.56.255",
        "offset": 1886,
        "time": 3.088909864425659,
        "dport": 137,
        "sport": 137
      },
      {
        "src": "192.168.56.101",
        "dst": "224.0.0.252",
        "offset": 6258,
        "time": 1.0304949283599854,
        "dport": 5355,
        "sport": 50233
      },
      {
        "src": "192.168.56.101",
        "dst": "224.0.0.252",
        "offset": 6578,
        "time": 1.5532419681549072,
        "dport": 5355,
        "sport": 52790
      },
      {
        "src": "192.168.56.101",
        "dst": "224.0.0.252",
        "offset": 6906,
        "time": 0.04314088821411133,
        "dport": 5355,
        "sport": 53526
      },
      {
        "src": "192.168.56.101",
        "dst": "224.0.0.252",
        "offset": 7234,
        "time": 3.048090934753418,
        "dport": 5355,
        "sport": 59798
      },
      {
        "src": "192.168.56.101",
        "dst": "224.0.0.252",
        "offset": 7562,
        "time": 3.045274019241333,
        "dport": 5355,
        "sport": 60897
      },
      {
        "src": "192.168.56.101",
        "dst": "224.0.0.252",
        "offset": 7882,
        "time": 2.4285800457000732,
        "dport": 5355,
        "sport": 62139
      },
      {
        "src": "192.168.56.101",
        "dst": "8.8.8.8",
        "offset": 8202,
        "time": 2.0948619842529297,
        "dport": 53,
        "sport": 54506
      },
      {
        "src": "192.168.56.101",
        "dst": "8.8.8.8",
        "offset": 8414,
        "time": 2.0656728744506836,
        "dport": 53,
        "sport": 55116
      },
      {
        "src": "192.168.56.101",
        "dst": "8.8.8.8",
        "offset": 8614,
        "time": 3.0503368377685547,
        "dport": 53,
        "sport": 58709
      },
      {
        "src": "192.168.56.101",
        "dst": "8.8.8.8",
        "offset": 8889,
        "time": 2.753026008605957,
        "dport": 53,
        "sport": 65068
      }
    ],
    "dns": [
      {
        "type": "A",
        "request": "www.msftncsi.com",
        "answers": [
          {
            "data": "113.171.230.17",
            "type": "A"
          },
          {
            "data": "www.msftncsi.com.edgesuite.net",
            "type": "CNAME"
          },
          {
            "data": "a1961.g2.akamai.net",
            "type": "CNAME"
          }
        ]
      },
      {
        "type": "A",
        "request": "dns.msftncsi.com",
        "answers": [
          {
            "data": "131.107.255.255",
            "type": "A"
          }
        ]
      },
      {
        "type": "AAAA",
        "request": "dns.msftncsi.com",
        "answers": [
          {
            "data": "fd3e:4f5a:5b81::1",
            "type": "AAAA"
          }
        ]
      },
      {
        "type": "A",
        "request": "teredo.ipv6.microsoft.com",
        "answers": []
      }
    ],
    "hosts": [
      "113.171.230.17",
      "8.8.8.8"
    ],
    "icmp": [],
    "smtp": []
  },
  "static_imports": [
    "GetModuleHandleW",
    "CloseHandle",
    "CreateEventW",
    "GetLastError",
    "SetEvent",
    "CreateThread",
    "WaitForMultipleObjects",
    "GetModuleFileNameW",
    "GetVersionExW",
    "GetSystemDirectoryW",
    "LoadLibraryW",
    "GetProcAddress",
    "FreeLibrary",
    "GetVersion",
    "LoadLibraryExW",
    "GetUserDefaultUILanguage",
    "WaitForSingleObject",
    "EncodePointer",
    "DecodePointer",
    "IsDebuggerPresent",
    "IsProcessorFeaturePresent",
    "QueryPerformanceCounter",
    "GetCurrentThreadId",
    "GetSystemTimeAsFileTime",
    "GetTickCount64",
    "RaiseException",
    "OpenEventW",
    "lstrcmpW",
    "GetPrivateProfileStringW",
    "WritePrivateProfileStringW",
    "InterlockedIncrement",
    "InterlockedDecrement",
    "GetCurrentThread",
    "GetSystemInfo",
    "VirtualAlloc",
    "CreateFileMappingW",
    "OpenFileMappingW",
    "MapViewOfFile",
    "UnmapViewOfFile",
    "GetCurrentProcessId",
    "GetFileAttributesW",
    "_invoke_watson",
    "_controlfp_s",
    "_except_handler4_common",
    "_CxxThrowException",
    "__crtSetUnhandledExceptionFilter",
    "memmove_s",
    "memcmp",
    "swscanf_s",
    "_vswprintf_c_l",
    "wcslen",
    "_wsplitpath_s",
    "_wmakepath_s",
    "memset",
    "wcsncpy_s",
    "wcscpy_s",
    "_errno",
    "?terminate@@YAXXZ",
    "__crtTerminateProcess",
    "__crtUnhandledException",
    "_crt_debugger_hook",
    "??1type_info@@UAE@XZ",
    "_onexit",
    "__dllonexit",
    "_calloc_crt",
    "_unlock",
    "_lock",
    "_commode",
    "_fmode",
    "_wcmdln",
    "_initterm",
    "_initterm_e",
    "__setusermatherr",
    "_configthreadlocale",
    "_cexit",
    "_exit",
    "exit",
    "__set_app_type",
    "__wgetmainargs",
    "_amsg_exit",
    "__crtGetShowWindowMode",
    "_XcptFilter",
    "calloc",
    "_recalloc",
    "??_U@YAPAXI@Z",
    "??_V@YAXPAX@Z",
    "wcscat_s",
    "??2@YAPAXI@Z",
    "_snwprintf_s",
    "memcpy_s",
    "free",
    "??3@YAXPAX@Z",
    "_wcsicmp",
    "__CxxFrameHandler3",
    "DrawIcon",
    "GetClientRect",
    "GetSystemMetrics",
    "IsIconic",
    "SendMessageW",
    "AppendMenuW",
    "GetSystemMenu",
    "LoadIconW",
    "EnableWindow",
    "SetForegroundWindow",
    "SetThreadToken",
    "RevertToSelf",
    "OpenThreadToken"
  ],
  "signatures_ttp": {},
  "signatures_full": [
    {
      "name": "has_pdb",
      "description": "This executable has a PDB path",
      "severity": 1,
      "ttp": {},
      "markcount": 1,
      "marks": [
        {
          "category": "pdb_path",
          "ioc": "AtlTraceTool8.pdb",
          "type": "ioc",
          "description": null
        }
      ]
    }
  ],
  "processes": [
    {
      "name": "lsass.exe",
      "path": "C:\\Windows\\System32\\lsass.exe",
      "pid": 484,
      "cmdline": "C:\\Windows\\system32\\lsass.exe",
      "modules": [
        "lsass.exe",
        "ntdll.dll",
        "kernel32.dll",
        "KERNELBASE.dll",
        "msvcrt.dll",
        "RPCRT4.dll",
        "SspiSrv.dll",
        "lsasrv.dll",
        "sechost.dll",
        "SspiCli.dll",
        "ADVAPI32.dll",
        "USER32.dll",
        "GDI32.dll",
        "LPK.dll",
        "USP10.dll",
        "SAMSRV.dll",
        "cryptdll.dll",
        "MSASN1.dll",
        "wevtapi.dll",
        "IMM32.DLL",
        "MSCTF.dll",
        "cngaudit.dll",
        "AUTHZ.dll",
        "ncrypt.dll",
        "bcrypt.dll",
        "msprivs.DLL",
        "netjoin.dll",
        "negoexts.DLL",
        "Secur32.dll",
        "cryptbase.dll",
        "kerberos.DLL",
        "CRYPTSP.dll",
        "WS2_32.dll",
        "NSI.dll",
        "mswsock.dll",
        "wship6.dll",
        "msv1_0.DLL",
        "netlogon.DLL",
        "DNSAPI.dll",
        "logoncli.dll",
        "schannel.DLL",
        "CRYPT32.dll",
        "wdigest.DLL",
        "rsaenh.dll",
        "tspkg.DLL",
        "pku2u.DLL",
        "bcryptprimitives.dll",
        "RpcRtRemote.dll",
        "efslsaext.dll",
        "WINSTA.dll",
        "scecli.DLL",
        "credssp.dll",
        "IPHLPAPI.DLL",
        "WINNSI.DLL",
        "netutils.dll",
        "USERENV.dll",
        "profapi.dll",
        "wshtcpip.dll",
        "monitor-x64.dll"
      ]
    }
  ]
}