{
  "behavior_summary": {
    "file_created": [],
    "file_deleted": [],
    "file_read": [],
    "file_recreated": [],
    "file_exists": [],
    "file_opened": [],
    "regkey_opened": [],
    "regkey_read": [],
    "regkey_written": [],
    "dll_loaded": [],
    "executed_commands": [],
    "directory_created": [],
    "mutex": [],
    "processes_created": [],
    "resolves_host": []
  },
  "dropped_files": [],
  "api_statistics": {},
  "api_call_sequence": [],
  "network": {
    "http": [],
    "tcp": [],
    "udp": [
      {
        "src": "192.168.56.101",
        "dst": "224.0.0.252",
        "offset": 918,
        "time": 1.0296809673309326,
        "dport": 5355,
        "sport": 53526
      },
      {
        "src": "192.168.56.101",
        "dst": "224.0.0.252",
        "offset": 1238,
        "time": 0.04822397232055664,
        "dport": 5355,
        "sport": 54795
      }
    ],
    "dns": [],
    "hosts": [],
    "icmp": [],
    "smtp": []
  },
  "static_imports": [
    "RegQueryValueExW",
    "RegDeleteValueW",
    "RegOpenKeyExW",
    "RegCloseKey",
    "RegSetValueExW",
    "RegCreateKeyExW",
    "LocalAlloc",
    "HeapSetInformation",
    "CloseHandle",
    "LocalFree",
    "lstrlenW",
    "lstrcmpW",
    "FormatMessageW",
    "GetTickCount",
    "GetModuleHandleW",
    "CreateMutexW",
    "GetLastError",
    "GetCurrentThreadId",
    "GetCurrentProcessId",
    "QueryPerformanceCounter",
    "GetSystemTimeAsFileTime",
    "TerminateProcess",
    "GetCurrentProcess",
    "SetUnhandledExceptionFilter",
    "UnhandledExceptionFilter",
    "RtlVirtualUnwind",
    "RtlLookupFunctionEntry",
    "RtlCaptureContext",
    "GetStartupInfoW",
    "Sleep",
    "GetTextExtentPoint32W",
    "LPtoDP",
    "CreateFontIndirectW",
    "SetBkColor",
    "SelectObject",
    "GetStockObject",
    "FindWindowW",
    "DrawIcon",
    "LoadCursorW",
    "GetParent",
    "IsClipboardFormatAvailable",
    "DialogBoxParamW",
    "GetFocus",
    "SetForegroundWindow",
    "DefDlgProcW",
    "PostMessageW",
    "FillRect",
    "IsIconic",
    "PostQuitMessage",
    "GetMessageW",
    "GetWindowRect",
    "TranslateAcceleratorW",
    "GetWindowTextLengthW",
    "DestroyWindow",
    "EndPaint",
    "GetClientRect",
    "SetFocus",
    "BeginPaint",
    "TranslateMessage",
    "LoadAcceleratorsW",
    "IsDialogMessageW",
    "LoadIconW",
    "GetClipboardData",
    "SystemParametersInfoW",
    "PeekMessageW",
    "ReleaseDC",
    "EnableMenuItem",
    "GetDlgItem",
    "EndDialog",
    "SendDlgItemMessageW",
    "GetSysColor",
    "SetWindowPos",
    "CheckDlgButton",
    "LoadStringW",
    "ShowWindow",
    "GetSysColorBrush",
    "CreateDialogParamW",
    "GetActiveWindow",
    "MessageBoxW",
    "RegisterClassW",
    "GetSystemMetrics",
    "GetDlgItemTextW",
    "SetDlgItemTextW",
    "SendMessageW",
    "UpdateWindow",
    "EnableWindow",
    "WinHelpW",
    "DispatchMessageW",
    "GetDC",
    "?terminate@@YAXXZ",
    "_commode",
    "_fmode",
    "_acmdln",
    "__C_specific_handler",
    "_initterm",
    "__setusermatherr",
    "_ismbblead",
    "_cexit",
    "_exit",
    "exit",
    "__set_app_type",
    "__getmainargs",
    "_amsg_exit",
    "_XcptFilter",
    "wcscspn",
    "wcsspn",
    "_itow",
    "_vsnwprintf",
    "_wtoi",
    "memmove",
    "memset",
    "ShellAboutW",
    "lineDrop",
    "lineConfigDialogW",
    "lineGetTranslateCapsW",
    "lineDeallocateCall",
    "lineShutdown",
    "lineGetRequestW",
    "lineOpenW",
    "lineGetAddressCapsW",
    "lineGetAppPriorityW",
    "lineRegisterRequestRecipient",
    "lineMakeCallW",
    "lineSetAppPriorityW",
    "lineTranslateDialogW",
    "lineInitializeExW",
    "lineTranslateAddressW",
    "lineGetDevCapsW",
    "lineNegotiateAPIVersion",
    "lineClose"
  ],
  "signatures_ttp": {
    "T1045": "Software Packing"
  },
  "signatures_full": [
    {
      "name": "has_pdb",
      "description": "This executable has a PDB path",
      "severity": 1,
      "ttp": {},
      "markcount": 1,
      "marks": [
        {
          "category": "pdb_path",
          "ioc": "dialer.pdb",
          "type": "ioc",
          "description": null
        }
      ]
    },
    {
      "name": "pe_unknown_resource_name",
      "description": "The file contains an unknown PE resource name possibly indicative of a packer",
      "severity": 1,
      "ttp": {
        "T1045": {
          "short": "Software Packing",
          "long": "Software packing is a method of compressing or encrypting an executable. Packing an executable changes the file signature in an attempt to avoid signature-based detection. Most decompression techniques decompress the executable code in memory."
        }
      },
      "markcount": 1,
      "marks": [
        {
          "category": "resource name",
          "ioc": "MUI",
          "type": "ioc",
          "description": null
        }
      ]
    }
  ],
  "processes": [
    {
      "name": "lsass.exe",
      "path": "C:\\Windows\\System32\\lsass.exe",
      "pid": 484,
      "cmdline": "C:\\Windows\\system32\\lsass.exe",
      "modules": [
        "lsass.exe",
        "ntdll.dll",
        "kernel32.dll",
        "KERNELBASE.dll",
        "msvcrt.dll",
        "RPCRT4.dll",
        "SspiSrv.dll",
        "lsasrv.dll",
        "sechost.dll",
        "SspiCli.dll",
        "ADVAPI32.dll",
        "USER32.dll",
        "GDI32.dll",
        "LPK.dll",
        "USP10.dll",
        "SAMSRV.dll",
        "cryptdll.dll",
        "MSASN1.dll",
        "wevtapi.dll",
        "IMM32.DLL",
        "MSCTF.dll",
        "cngaudit.dll",
        "AUTHZ.dll",
        "ncrypt.dll",
        "bcrypt.dll",
        "msprivs.DLL",
        "netjoin.dll",
        "negoexts.DLL",
        "Secur32.dll",
        "cryptbase.dll",
        "kerberos.DLL",
        "CRYPTSP.dll",
        "WS2_32.dll",
        "NSI.dll",
        "mswsock.dll",
        "wship6.dll",
        "msv1_0.DLL",
        "netlogon.DLL",
        "DNSAPI.dll",
        "logoncli.dll",
        "schannel.DLL",
        "CRYPT32.dll",
        "wdigest.DLL",
        "rsaenh.dll",
        "tspkg.DLL",
        "pku2u.DLL",
        "bcryptprimitives.dll",
        "RpcRtRemote.dll",
        "efslsaext.dll",
        "WINSTA.dll",
        "scecli.DLL",
        "credssp.dll",
        "IPHLPAPI.DLL",
        "WINNSI.DLL",
        "netutils.dll",
        "USERENV.dll",
        "profapi.dll",
        "wshtcpip.dll",
        "monitor-x64.dll"
      ]
    }
  ]
}