{
  "behavior_summary": {
    "file_created": [],
    "file_deleted": [],
    "file_read": [],
    "file_recreated": [],
    "file_exists": [],
    "file_opened": [],
    "regkey_opened": [],
    "regkey_read": [],
    "regkey_written": [],
    "dll_loaded": [],
    "executed_commands": [],
    "directory_created": [],
    "mutex": [],
    "processes_created": [],
    "resolves_host": []
  },
  "dropped_files": [],
  "api_statistics": {},
  "api_call_sequence": [],
  "network": {
    "http": [
      {
        "count": 1,
        "body": "",
        "uri": "http://www.msftncsi.com/ncsi.txt",
        "user-agent": "Microsoft NCSI",
        "method": "GET",
        "host": "www.msftncsi.com",
        "version": "1.1",
        "path": "/ncsi.txt",
        "data": "GET /ncsi.txt HTTP/1.1\r\nConnection: Close\r\nUser-Agent: Microsoft NCSI\r\nHost: www.msftncsi.com\r\n\r\n",
        "port": 80
      }
    ],
    "tcp": [
      {
        "src": "192.168.56.101",
        "dst": "113.171.230.17",
        "offset": 1294,
        "time": 2.8082401752471924,
        "dport": 80,
        "sport": 49160
      }
    ],
    "udp": [
      {
        "src": "192.168.56.101",
        "dst": "192.168.56.255",
        "offset": 2060,
        "time": 3.078500986099243,
        "dport": 137,
        "sport": 137
      },
      {
        "src": "192.168.56.101",
        "dst": "224.0.0.252",
        "offset": 6432,
        "time": 1.0408151149749756,
        "dport": 5355,
        "sport": 50233
      },
      {
        "src": "192.168.56.101",
        "dst": "224.0.0.252",
        "offset": 6752,
        "time": 1.5702049732208252,
        "dport": 5355,
        "sport": 52790
      },
      {
        "src": "192.168.56.101",
        "dst": "224.0.0.252",
        "offset": 7080,
        "time": 0.05757594108581543,
        "dport": 5355,
        "sport": 53526
      },
      {
        "src": "192.168.56.101",
        "dst": "224.0.0.252",
        "offset": 7408,
        "time": 3.014047145843506,
        "dport": 5355,
        "sport": 58709
      },
      {
        "src": "192.168.56.101",
        "dst": "224.0.0.252",
        "offset": 7728,
        "time": 3.0168299674987793,
        "dport": 5355,
        "sport": 59798
      },
      {
        "src": "192.168.56.101",
        "dst": "224.0.0.252",
        "offset": 8056,
        "time": 2.4293670654296875,
        "dport": 5355,
        "sport": 62139
      },
      {
        "src": "192.168.56.101",
        "dst": "8.8.8.8",
        "offset": 8376,
        "time": 2.0635950565338135,
        "dport": 53,
        "sport": 54506
      },
      {
        "src": "192.168.56.101",
        "dst": "8.8.8.8",
        "offset": 8588,
        "time": 2.033846139907837,
        "dport": 53,
        "sport": 55116
      },
      {
        "src": "192.168.56.101",
        "dst": "8.8.8.8",
        "offset": 8788,
        "time": 3.0144569873809814,
        "dport": 53,
        "sport": 57168
      },
      {
        "src": "192.168.56.101",
        "dst": "8.8.8.8",
        "offset": 9063,
        "time": 2.7526111602783203,
        "dport": 53,
        "sport": 65068
      }
    ],
    "dns": [
      {
        "type": "A",
        "request": "www.msftncsi.com",
        "answers": [
          {
            "data": "113.171.230.17",
            "type": "A"
          },
          {
            "data": "www.msftncsi.com.edgesuite.net",
            "type": "CNAME"
          },
          {
            "data": "a1961.g2.akamai.net",
            "type": "CNAME"
          }
        ]
      },
      {
        "type": "A",
        "request": "dns.msftncsi.com",
        "answers": [
          {
            "data": "131.107.255.255",
            "type": "A"
          }
        ]
      },
      {
        "type": "AAAA",
        "request": "dns.msftncsi.com",
        "answers": [
          {
            "data": "fd3e:4f5a:5b81::1",
            "type": "AAAA"
          }
        ]
      },
      {
        "type": "A",
        "request": "teredo.ipv6.microsoft.com",
        "answers": []
      }
    ],
    "hosts": [
      "113.171.230.17",
      "8.8.8.8"
    ],
    "icmp": [],
    "smtp": []
  },
  "static_imports": [
    "H5Aclose",
    "H5Acreate2",
    "H5Aget_name",
    "H5Aget_space",
    "H5Aget_type",
    "H5Aiterate_by_name",
    "H5Aopen_by_idx",
    "H5Aread",
    "H5Awrite",
    "H5Dclose",
    "H5Dcreate2",
    "H5Dget_create_plist",
    "H5Dget_offset",
    "H5Dget_space",
    "H5Dget_space_status",
    "H5Dget_storage_size",
    "H5Dget_type",
    "H5Dopen2",
    "H5Dread",
    "H5Dvlen_reclaim",
    "H5Dwrite",
    "H5Eauto_is_v2",
    "H5Eclose_msg",
    "H5Eclose_stack",
    "H5Ecreate_msg",
    "H5Ecreate_stack",
    "H5Eget_auto1",
    "H5Eget_auto2",
    "H5Eget_msg",
    "H5Eprint2",
    "H5Epush2",
    "H5Eregister_class",
    "H5Eset_auto1",
    "H5Eset_auto2",
    "H5Eunregister_class",
    "H5Ewalk2",
    "H5Fclose",
    "H5Fcreate",
    "H5Fget_create_plist",
    "H5Fopen",
    "H5Gclose",
    "H5Gcreate2",
    "H5Gget_create_plist",
    "H5Gopen2",
    "H5Iget_file_id",
    "H5Iinc_ref",
    "H5Lcopy",
    "H5Lcreate_hard",
    "H5Lexists",
    "H5Lget_info",
    "H5Lget_val",
    "H5Literate_by_name",
    "H5Lunpack_elink_val",
    "H5Lvisit_by_name",
    "H5Oclose",
    "H5Ocopy",
    "H5Oexists_by_name",
    "H5Oget_comment",
    "H5Oget_info",
    "H5Oget_info_by_name",
    "H5P_CLS_FILE_ACCESS_ID_g",
    "H5P_CLS_FILE_CREATE_ID_g",
    "H5P_CLS_GROUP_CREATE_ID_g",
    "H5P_CLS_LINK_ACCESS_ID_g",
    "H5P_CLS_OBJECT_COPY_ID_g",
    "H5Pclose",
    "H5Pcopy",
    "H5Pcreate",
    "H5Pequal",
    "H5Pfill_value_defined",
    "H5Pget_alloc_time",
    "H5Pget_chunk",
    "H5Pget_external",
    "H5Pget_external_count",
    "H5Pget_fill_time",
    "H5Pget_fill_value",
    "H5Pget_filter2",
    "H5Pget_layout",
    "H5Pget_link_creation_order",
    "H5Pget_nfilters",
    "H5Pget_userblock",
    "H5Premove_filter",
    "H5Pset_alignment",
    "H5Pset_alloc_time",
    "H5Pset_chunk",
    "H5Pset_copy_object",
    "H5Pset_deflate",
    "H5Pset_elink_fapl",
    "H5Pset_fapl_family",
    "H5Pset_fapl_multi",
    "H5Pset_fapl_sec2",
    "H5Pset_fapl_split",
    "H5Pset_filter",
    "H5Pset_fletcher32",
    "H5Pset_layout",
    "H5Pset_libver_bounds",
    "H5Pset_link_creation_order",
    "H5Pset_link_phase_change",
    "H5Pset_meta_block_size",
    "H5Pset_nbit",
    "H5Pset_scaleoffset",
    "H5Pset_shared_mesg_index",
    "H5Pset_shared_mesg_nindexes",
    "H5Pset_shuffle",
    "H5Pset_szip",
    "H5Pset_userblock",
    "H5Rcreate",
    "H5Rdereference",
    "H5Rget_name",
    "H5Rget_region",
    "H5SL_create",
    "H5SL_destroy",
    "H5SL_insert",
    "H5SL_search",
    "H5Sclose",
    "H5Screate_simple",
    "H5Sget_select_bounds",
    "H5Sget_select_elem_npoints",
    "H5Sget_select_elem_pointlist",
    "H5Sget_select_hyper_blocklist",
    "H5Sget_select_hyper_nblocks",
    "H5Sget_select_npoints",
    "H5Sget_select_type",
    "H5Sget_simple_extent_dims",
    "H5Sget_simple_extent_ndims",
    "H5Sget_simple_extent_type",
    "H5Sis_simple",
    "H5Sselect_all",
    "H5Sselect_hyperslab",
    "H5Sset_extent_simple",
    "H5T_C_S1_g",
    "H5T_FORTRAN_S1_g",
    "H5T_IEEE_F32BE_g",
    "H5T_IEEE_F32LE_g",
    "H5T_IEEE_F64BE_g",
    "H5T_IEEE_F64LE_g",
    "H5T_NATIVE_DOUBLE_g",
    "H5T_NATIVE_FLOAT_g",
    "H5T_NATIVE_INT_g",
    "H5T_NATIVE_LDOUBLE_g",
    "H5T_NATIVE_LLONG_g",
    "H5T_NATIVE_LONG_g",
    "H5T_NATIVE_SCHAR_g",
    "H5T_NATIVE_SHORT_g",
    "H5T_NATIVE_UCHAR_g",
    "H5T_NATIVE_UINT_g",
    "H5T_NATIVE_ULLONG_g",
    "H5T_NATIVE_ULONG_g",
    "H5T_NATIVE_USHORT_g",
    "H5T_STD_B16BE_g",
    "H5T_STD_B16LE_g",
    "H5T_STD_B32BE_g",
    "H5T_STD_B32LE_g",
    "H5T_STD_B64BE_g",
    "H5T_STD_B64LE_g",
    "H5T_STD_B8BE_g",
    "H5T_STD_B8LE_g",
    "H5T_STD_I16BE_g",
    "H5T_STD_I16LE_g",
    "H5T_STD_I32BE_g",
    "H5T_STD_I32LE_g",
    "H5T_STD_I64BE_g",
    "H5T_STD_I64LE_g",
    "H5T_STD_I8BE_g",
    "H5T_STD_I8LE_g",
    "H5T_STD_REF_DSETREG_g",
    "H5T_STD_REF_OBJ_g",
    "H5T_STD_U16BE_g",
    "H5T_STD_U16LE_g",
    "H5T_STD_U32BE_g",
    "H5T_STD_U32LE_g",
    "H5T_STD_U64BE_g",
    "H5T_STD_U64LE_g",
    "H5T_STD_U8BE_g",
    "H5T_STD_U8LE_g",
    "H5T_VAX_F32_g",
    "H5T_VAX_F64_g",
    "H5Tclose",
    "H5Tcommit_anon",
    "H5Tcommitted",
    "H5Tconvert",
    "H5Tcopy",
    "H5Tdetect_class",
    "H5Tenum_nameof",
    "H5Tequal",
    "H5Tget_array_dims2",
    "H5Tget_array_ndims",
    "H5Tget_class",
    "H5Tget_cset",
    "H5Tget_member_name",
    "H5Tget_member_offset",
    "H5Tget_member_type",
    "H5Tget_member_value",
    "H5Tget_native_type",
    "H5Tget_nmembers",
    "H5Tget_order",
    "H5Tget_sign",
    "H5Tget_size",
    "H5Tget_strpad",
    "H5Tget_super",
    "H5Tget_tag",
    "H5Tis_variable_str",
    "H5Topen2",
    "H5Tset_cset",
    "H5Tset_order",
    "H5Tset_size",
    "H5Tset_strpad",
    "H5Zfilter_avail",
    "H5close",
    "H5free_memory",
    "H5open",
    "HDfprintf",
    "DeleteCriticalSection",
    "EnterCriticalSection",
    "GetCurrentProcess",
    "GetCurrentProcessId",
    "GetCurrentThreadId",
    "GetLastError",
    "GetStartupInfoA",
    "GetSystemTimeAsFileTime",
    "GetTickCount",
    "InitializeCriticalSection",
    "LeaveCriticalSection",
    "QueryPerformanceCounter",
    "RtlAddFunctionTable",
    "RtlCaptureContext",
    "RtlLookupFunctionEntry",
    "RtlVirtualUnwind",
    "SetUnhandledExceptionFilter",
    "Sleep",
    "TerminateProcess",
    "TlsGetValue",
    "UnhandledExceptionFilter",
    "VirtualProtect",
    "VirtualQuery",
    "__C_specific_handler",
    "__dllonexit",
    "__getmainargs",
    "__initenv",
    "__iob_func",
    "__lconv_init",
    "__set_app_type",
    "__setusermatherr",
    "_acmdln",
    "_amsg_exit",
    "_cexit",
    "_close",
    "_errno",
    "_fmode",
    "_initterm",
    "_lock",
    "_onexit",
    "_open",
    "_read",
    "_strdup",
    "_unlock",
    "_vsnprintf",
    "_write",
    "abort",
    "atoi",
    "atol",
    "calloc",
    "exit",
    "fclose",
    "feof",
    "ferror",
    "fflush",
    "fopen",
    "fprintf",
    "fputs",
    "free",
    "fscanf",
    "fwrite",
    "getenv",
    "isprint",
    "malloc",
    "memcpy",
    "memmove",
    "memset",
    "perror",
    "printf",
    "putc",
    "putchar",
    "puts",
    "realloc",
    "signal",
    "sprintf",
    "strcat",
    "strchr",
    "strcmp",
    "strcpy",
    "strlen",
    "strncmp",
    "strncpy",
    "strstr",
    "strtok",
    "strtol",
    "tmpfile",
    "vfprintf",
    "vprintf"
  ],
  "signatures_ttp": {},
  "signatures_full": [],
  "processes": [
    {
      "name": "lsass.exe",
      "path": "C:\\Windows\\System32\\lsass.exe",
      "pid": 484,
      "cmdline": "C:\\Windows\\system32\\lsass.exe",
      "modules": [
        "lsass.exe",
        "ntdll.dll",
        "kernel32.dll",
        "KERNELBASE.dll",
        "msvcrt.dll",
        "RPCRT4.dll",
        "SspiSrv.dll",
        "lsasrv.dll",
        "sechost.dll",
        "SspiCli.dll",
        "ADVAPI32.dll",
        "USER32.dll",
        "GDI32.dll",
        "LPK.dll",
        "USP10.dll",
        "SAMSRV.dll",
        "cryptdll.dll",
        "MSASN1.dll",
        "wevtapi.dll",
        "IMM32.DLL",
        "MSCTF.dll",
        "cngaudit.dll",
        "AUTHZ.dll",
        "ncrypt.dll",
        "bcrypt.dll",
        "msprivs.DLL",
        "netjoin.dll",
        "negoexts.DLL",
        "Secur32.dll",
        "cryptbase.dll",
        "kerberos.DLL",
        "CRYPTSP.dll",
        "WS2_32.dll",
        "NSI.dll",
        "mswsock.dll",
        "wship6.dll",
        "msv1_0.DLL",
        "netlogon.DLL",
        "DNSAPI.dll",
        "logoncli.dll",
        "schannel.DLL",
        "CRYPT32.dll",
        "wdigest.DLL",
        "rsaenh.dll",
        "tspkg.DLL",
        "pku2u.DLL",
        "bcryptprimitives.dll",
        "RpcRtRemote.dll",
        "efslsaext.dll",
        "WINSTA.dll",
        "scecli.DLL",
        "credssp.dll",
        "IPHLPAPI.DLL",
        "WINNSI.DLL",
        "netutils.dll",
        "USERENV.dll",
        "profapi.dll",
        "wshtcpip.dll",
        "monitor-x64.dll"
      ]
    }
  ]
}