{
  "behavior_summary": {
    "file_created": [],
    "file_deleted": [],
    "file_read": [],
    "file_recreated": [],
    "file_exists": [],
    "file_opened": [],
    "regkey_opened": [],
    "regkey_read": [],
    "regkey_written": [],
    "dll_loaded": [],
    "executed_commands": [],
    "directory_created": [],
    "mutex": [],
    "processes_created": [],
    "resolves_host": []
  },
  "dropped_files": [],
  "api_statistics": {},
  "api_call_sequence": [],
  "network": {
    "http": [],
    "tcp": [],
    "udp": [
      {
        "src": "192.168.56.101",
        "dst": "192.168.56.255",
        "offset": 1406,
        "time": 3.1806490421295166,
        "dport": 137,
        "sport": 137
      },
      {
        "src": "192.168.56.101",
        "dst": "224.0.0.252",
        "offset": 6030,
        "time": 1.148226022720337,
        "dport": 5355,
        "sport": 50233
      },
      {
        "src": "192.168.56.101",
        "dst": "224.0.0.252",
        "offset": 6350,
        "time": 1.717555046081543,
        "dport": 5355,
        "sport": 52790
      },
      {
        "src": "192.168.56.101",
        "dst": "224.0.0.252",
        "offset": 6678,
        "time": 0.14634418487548828,
        "dport": 5355,
        "sport": 53526
      },
      {
        "src": "192.168.56.101",
        "dst": "224.0.0.252",
        "offset": 7006,
        "time": 3.1204299926757812,
        "dport": 5355,
        "sport": 57168
      },
      {
        "src": "192.168.56.101",
        "dst": "224.0.0.252",
        "offset": 7334,
        "time": 3.1190061569213867,
        "dport": 5355,
        "sport": 58709
      },
      {
        "src": "192.168.56.101",
        "dst": "224.0.0.252",
        "offset": 7654,
        "time": 2.5325770378112793,
        "dport": 5355,
        "sport": 62139
      },
      {
        "src": "192.168.56.101",
        "dst": "8.8.8.8",
        "offset": 7974,
        "time": 2.1553101539611816,
        "dport": 53,
        "sport": 54506
      },
      {
        "src": "192.168.56.101",
        "dst": "8.8.8.8",
        "offset": 8186,
        "time": 2.1246681213378906,
        "dport": 53,
        "sport": 55116
      },
      {
        "src": "192.168.56.101",
        "dst": "8.8.8.8",
        "offset": 8386,
        "time": 3.1236751079559326,
        "dport": 53,
        "sport": 59798
      },
      {
        "src": "192.168.56.101",
        "dst": "8.8.8.8",
        "offset": 8661,
        "time": 2.8539981842041016,
        "dport": 53,
        "sport": 65068
      }
    ],
    "dns": [
      {
        "type": "A",
        "request": "www.msftncsi.com",
        "answers": [
          {
            "data": "113.171.230.17",
            "type": "A"
          },
          {
            "data": "www.msftncsi.com.edgesuite.net",
            "type": "CNAME"
          },
          {
            "data": "a1961.g2.akamai.net",
            "type": "CNAME"
          }
        ]
      },
      {
        "type": "A",
        "request": "dns.msftncsi.com",
        "answers": [
          {
            "data": "131.107.255.255",
            "type": "A"
          }
        ]
      },
      {
        "type": "AAAA",
        "request": "dns.msftncsi.com",
        "answers": [
          {
            "data": "fd3e:4f5a:5b81::1",
            "type": "AAAA"
          }
        ]
      },
      {
        "type": "A",
        "request": "teredo.ipv6.microsoft.com",
        "answers": []
      }
    ],
    "hosts": [
      "113.171.230.17",
      "8.8.8.8"
    ],
    "icmp": [],
    "smtp": []
  },
  "static_imports": [
    "dbaltbind",
    "dbaltcolid",
    "dbaltlen",
    "dbaltop",
    "dbalttype",
    "dbbind",
    "dbbylist",
    "dbcmd",
    "dbcollen",
    "dbcolname",
    "dbcolsource",
    "dbcoltype",
    "dbconvert",
    "dbcount",
    "dbdata",
    "dbdatlen",
    "dberrhandle",
    "dbfreebuf",
    "dbhasretstat",
    "dbinit",
    "dblogin",
    "dbmsghandle",
    "dbnextrow",
    "dbnullbind",
    "dbnumalts",
    "dbnumcols",
    "dbnumcompute",
    "dbnumrets",
    "dbpivot",
    "dbpivot_lookup_name",
    "dbprtype",
    "dbresults",
    "dbretdata",
    "dbretlen",
    "dbretname",
    "dbretstatus",
    "dbrettype",
    "dbsetlname",
    "dbsqlok",
    "dbsqlsend",
    "dbstrlen",
    "dbuse",
    "dbvarylen",
    "tdsdbopen",
    "DeleteCriticalSection",
    "EnterCriticalSection",
    "GetCurrentProcess",
    "GetCurrentProcessId",
    "GetCurrentThreadId",
    "GetLastError",
    "GetModuleFileNameW",
    "GetStartupInfoA",
    "GetSystemTimeAsFileTime",
    "GetTickCount",
    "InitializeCriticalSection",
    "LeaveCriticalSection",
    "QueryPerformanceCounter",
    "RtlAddFunctionTable",
    "RtlCaptureContext",
    "RtlLookupFunctionEntry",
    "RtlVirtualUnwind",
    "SetUnhandledExceptionFilter",
    "Sleep",
    "TerminateProcess",
    "TlsGetValue",
    "UnhandledExceptionFilter",
    "VirtualProtect",
    "VirtualQuery",
    "__C_specific_handler",
    "__argv",
    "__dllonexit",
    "__getmainargs",
    "__initenv",
    "__iob_func",
    "__lconv_init",
    "__set_app_type",
    "__setusermatherr",
    "_acmdln",
    "_amsg_exit",
    "_cexit",
    "_errno",
    "_exit",
    "_fmode",
    "_initterm",
    "_lock",
    "_onexit",
    "_snwprintf",
    "_strdup",
    "_strnicmp",
    "_unlock",
    "_vsnprintf",
    "abort",
    "calloc",
    "exit",
    "feof",
    "ferror",
    "fflush",
    "fgets",
    "fopen",
    "fprintf",
    "fputc",
    "free",
    "freopen",
    "fwprintf",
    "fwrite",
    "getchar",
    "getenv",
    "isalpha",
    "isspace",
    "malloc",
    "mbstowcs",
    "memcpy",
    "memmove",
    "memset",
    "perror",
    "printf",
    "putchar",
    "raise",
    "realloc",
    "setlocale",
    "signal",
    "sscanf",
    "strchr",
    "strerror",
    "strlen",
    "strncmp",
    "tolower",
    "toupper",
    "vfprintf",
    "wcscpy",
    "wcstombs",
    "_strdup",
    "MessageBoxW",
    "gethostname"
  ],
  "signatures_ttp": {},
  "signatures_full": [],
  "processes": [
    {
      "name": "lsass.exe",
      "path": "C:\\Windows\\System32\\lsass.exe",
      "pid": 484,
      "cmdline": "C:\\Windows\\system32\\lsass.exe",
      "modules": [
        "lsass.exe",
        "ntdll.dll",
        "kernel32.dll",
        "KERNELBASE.dll",
        "msvcrt.dll",
        "RPCRT4.dll",
        "SspiSrv.dll",
        "lsasrv.dll",
        "sechost.dll",
        "SspiCli.dll",
        "ADVAPI32.dll",
        "USER32.dll",
        "GDI32.dll",
        "LPK.dll",
        "USP10.dll",
        "SAMSRV.dll",
        "cryptdll.dll",
        "MSASN1.dll",
        "wevtapi.dll",
        "IMM32.DLL",
        "MSCTF.dll",
        "cngaudit.dll",
        "AUTHZ.dll",
        "ncrypt.dll",
        "bcrypt.dll",
        "msprivs.DLL",
        "netjoin.dll",
        "negoexts.DLL",
        "Secur32.dll",
        "cryptbase.dll",
        "kerberos.DLL",
        "CRYPTSP.dll",
        "WS2_32.dll",
        "NSI.dll",
        "mswsock.dll",
        "wship6.dll",
        "msv1_0.DLL",
        "netlogon.DLL",
        "DNSAPI.dll",
        "logoncli.dll",
        "schannel.DLL",
        "CRYPT32.dll",
        "wdigest.DLL",
        "rsaenh.dll",
        "tspkg.DLL",
        "pku2u.DLL",
        "bcryptprimitives.dll",
        "RpcRtRemote.dll",
        "efslsaext.dll",
        "WINSTA.dll",
        "scecli.DLL",
        "credssp.dll",
        "IPHLPAPI.DLL",
        "WINNSI.DLL",
        "netutils.dll",
        "USERENV.dll",
        "profapi.dll",
        "wshtcpip.dll",
        "monitor-x64.dll"
      ]
    }
  ]
}