{
  "behavior_summary": {
    "file_created": [],
    "file_deleted": [],
    "file_read": [],
    "file_recreated": [],
    "file_exists": [],
    "file_opened": [],
    "regkey_opened": [],
    "regkey_read": [],
    "regkey_written": [],
    "dll_loaded": [],
    "executed_commands": [],
    "directory_created": [],
    "mutex": [],
    "processes_created": [],
    "resolves_host": []
  },
  "dropped_files": [
    {
      "yara": [],
      "sha1": "c2d86254af3ec96f7a0515ff75e3b49960d599ab",
      "name": "d0986fc8cce351a7_rabbit_668704640656463.decrypt",
      "filepath": "C:\\Users\\Administrator\\AppData\\Local\\Temp\\rabbit_668704640656463.decrypt",
      "type": "ASCII text, with CRLF line terminators",
      "sha256": "d0986fc8cce351a72f01443e9fc587d021c5712015c2cf7b4d30b64884a91b1c",
      "urls": [],
      "crc32": "6FEBE536",
      "path": "/home/cuckoo/.cuckoo/storage/analyses/84/files/d0986fc8cce351a7_rabbit_668704640656463.decrypt",
      "ssdeep": null,
      "size": 114,
      "sha512": "1cdb6980f555d03d69507021641ec708489333a5f1b779f192f946f3636541ae063118059dfbe2486ffef173263c5e7016f4aa42b7b4f44c89cc2c04bdbb8393",
      "pids": [
        2260
      ],
      "md5": "dee008376557dd1b3811705c72a5b5f9"
    },
    {
      "yara": [],
      "sha1": "8f892369f97d4632eea3a46b99566dc2f0226617",
      "name": "9b151ff0ca4e25d3_desktop.ini.killrabbit",
      "filepath": "C:\\Users\\Administrator\\Desktop\\desktop.ini.killrabbit",
      "type": "data",
      "sha256": "9b151ff0ca4e25d33798b00f85db258c3a37f8f1af99ad78d3e05386a7c0d3e5",
      "urls": [],
      "crc32": "C073057C",
      "path": "/home/cuckoo/.cuckoo/storage/analyses/84/files/9b151ff0ca4e25d3_desktop.ini.killrabbit",
      "ssdeep": null,
      "size": 288,
      "sha512": "bdcb25adcf3d3bcc91b1a405122016528f06d21351fe6c815e08b2e63a317df460f3ad7f5df32440bd8a5ae6fc81f39c4c332de54541e9fab923c3eb735a11fa",
      "pids": [
        2260
      ],
      "md5": "5955365f8a9c07b748891f8ec25768ab"
    },
    {
      "yara": [],
      "sha1": "7726f55012e1e26cc762c9982e7c6c54ca7bb303",
      "name": "4b9d687ac625690f_desktop.ini",
      "filepath": "C:\\Users\\Administrator\\Desktop\\desktop.ini",
      "type": "Little-endian UTF-16 Unicode text, with CRLF, CR line terminators",
      "sha256": "4b9d687ac625690fd026ed4b236dad1cac90ef69e7ad256cc42766a065b50026",
      "urls": [],
      "crc32": "E0297D8F",
      "path": "/home/cuckoo/.cuckoo/storage/analyses/84/files/4b9d687ac625690f_desktop.ini",
      "ssdeep": null,
      "size": 282,
      "sha512": "5f92493c533d3add10b4ce2a364624817ebd10e32daa45ee16593e913073602db5e339430a3f7d2c44abf250e96ca4e679f1f09f8ca807d58a47cf3d5c9c3790",
      "pids": [],
      "md5": "9e36cc3537ee9ee1e3b10fa4e761045b"
    },
    {
      "yara": [],
      "sha1": "7bf40e7dbb8c0b7f4c795ccc8f819d1296dfedc8",
      "name": "f9a577404ec8186f_id_pndeyy6htr8sf273jqp174xg1vl18v_[02_05_2025_09_11]_[7601-cabinet].php",
      "filepath": "C:\\Users\\Administrator\\AppData\\Local\\Temp\\ID_PnDeyY6hTr8sf273Jqp174xg1vl18v_[02_05_2025_09_11]_[7601-cabinet].php",
      "type": "HTML document, UTF-8 Unicode text, with CRLF line terminators",
      "sha256": "f9a577404ec8186f266b6e002fd53da4aa56adce4d772380b8c60e1069d0901e",
      "urls": [
        "http://www.wysiwygwebbuilder.com"
      ],
      "crc32": "4476C2DE",
      "path": "/home/cuckoo/.cuckoo/storage/analyses/84/files/f9a577404ec8186f_id_pndeyy6htr8sf273jqp174xg1vl18v_[02_05_2025_09_11]_[7601-cabinet].php",
      "ssdeep": null,
      "size": 2991,
      "sha512": "07618b5f1d6622772df2771fd227eac3957157013e4747a61ba24deea48661d5a1fe05c3fa928b4fe0ffa7176fd060657b73bfff518ea5db01f4cc591fa18672",
      "pids": [
        2260
      ],
      "md5": "c30ff6b1d56a6f9f8697e1ee3bcf3644"
    },
    {
      "yara": [],
      "sha1": "984a2382870e43cbc381f760827bf6617466f7b1",
      "name": "c24bfa631a5e9bbd_id_pndeyy6htr8sf273jqp174xg1vl18v_[02_05_2025_09_11]_[7601-authorization].php",
      "filepath": "C:\\Users\\Administrator\\AppData\\Local\\Temp\\ID_PnDeyY6hTr8sf273Jqp174xg1vl18v_[02_05_2025_09_11]_[7601-authorization].php",
      "type": "HTML document, ASCII text, with CRLF line terminators",
      "sha256": "c24bfa631a5e9bbdeb2db4ab2ade2e9257834d31defc7da2022dc08c26aa2828",
      "urls": [
        "http://rektware16.temp.swtest.ru/ID_PnDeyY6hTr8sf273Jqp174xg1vl18v_",
        "http://www.wysiwygwebbuilder.com"
      ],
      "crc32": "AB26A7AD",
      "path": "/home/cuckoo/.cuckoo/storage/analyses/84/files/c24bfa631a5e9bbd_id_pndeyy6htr8sf273jqp174xg1vl18v_[02_05_2025_09_11]_[7601-authorization].php",
      "ssdeep": null,
      "size": 2083,
      "sha512": "40cbfda1cf0946d8d65f5eefece7a2f31e3bed5e9f963fc3ebf3f111e495f54e6160eafa2709fa959ada1394e124980ea0dfedd40072c3fa0670862c369c31bf",
      "pids": [
        2260
      ],
      "md5": "28c8376272753d9bf95c283c94993301"
    },
    {
      "yara": [],
      "sha1": "fa1f905c1e6c3814a17413bdb6831d55207c349f",
      "name": "c823bd31105d43a5_rabbit_pndeyy6htr8sf273jqp174xg1vl18v.php",
      "filepath": "C:\\Users\\Administrator\\AppData\\Local\\Temp\\rabbit_PnDeyY6hTr8sf273Jqp174xg1vl18v.php",
      "type": "PHP script, ASCII text, with CRLF line terminators",
      "sha256": "c823bd31105d43a51bb850c1bbf1996d246fe21727599ca3883c2f0ae4b527f6",
      "urls": [],
      "crc32": "44F9F65E",
      "path": "/home/cuckoo/.cuckoo/storage/analyses/84/files/c823bd31105d43a5_rabbit_pndeyy6htr8sf273jqp174xg1vl18v.php",
      "ssdeep": null,
      "size": 479,
      "sha512": "6ebaf55f2e8c88d96f086c3aaa2524cfd30b5a6dcf71f43125e807877cf19ab6cbc424166736ee581178b623fe8a29af99d3b5ab7adc1ed8fa8a5ff2b6924c23",
      "pids": [
        2260
      ],
      "md5": "3e9cd67b1ef5e1b8d0c513332295c1f4"
    },
    {
      "yara": [],
      "sha1": "85f72ca5e51255cd2f7e96376e26472a31abb62c",
      "name": "e2bb232cac786f72_rabbit_668704640656463.time",
      "filepath": "C:\\Users\\Administrator\\AppData\\Local\\Temp\\rabbit_668704640656463.time",
      "type": "ASCII text, with CRLF line terminators",
      "sha256": "e2bb232cac786f7284bb237d193407e94f32ee0fbf64d27d0ae8b1642de44923",
      "urls": [],
      "crc32": "1E08F0F0",
      "path": "/home/cuckoo/.cuckoo/storage/analyses/84/files/e2bb232cac786f72_rabbit_668704640656463.time",
      "ssdeep": null,
      "size": 4,
      "sha512": "03d83139055e3b4c62d5cd5ee42ff767491ab4eb5315dd8872fd24c3b7e4bacccbda36256ea080bdc09b66678ce3875690f68afa68d45519faeea2738728c1f6",
      "pids": [
        2260
      ],
      "md5": "30fb76aeb44dbcc2fef88ab066d55ac6"
    }
  ],
  "api_statistics": {},
  "api_call_sequence": [],
  "network": {
    "http": [],
    "tcp": [],
    "udp": [
      {
        "src": "192.168.56.101",
        "dst": "192.168.56.255",
        "offset": 3093,
        "time": 6.089181184768677,
        "dport": 137,
        "sport": 137
      },
      {
        "src": "192.168.56.101",
        "dst": "192.168.56.255",
        "offset": 9789,
        "time": 12.102023124694824,
        "dport": 138,
        "sport": 138
      },
      {
        "src": "192.168.56.101",
        "dst": "224.0.0.252",
        "offset": 17613,
        "time": 4.5770111083984375,
        "dport": 5355,
        "sport": 50233
      },
      {
        "src": "192.168.56.101",
        "dst": "224.0.0.252",
        "offset": 17941,
        "time": 4.090487003326416,
        "dport": 5355,
        "sport": 53526
      },
      {
        "src": "192.168.56.101",
        "dst": "224.0.0.252",
        "offset": 18261,
        "time": 3.0412681102752686,
        "dport": 5355,
        "sport": 54795
      },
      {
        "src": "192.168.56.101",
        "dst": "224.0.0.252",
        "offset": 18589,
        "time": 5.454375982284546,
        "dport": 5355,
        "sport": 55116
      },
      {
        "src": "192.168.56.101",
        "dst": "224.0.0.252",
        "offset": 18909,
        "time": 6.15661096572876,
        "dport": 5355,
        "sport": 60897
      },
      {
        "src": "192.168.56.101",
        "dst": "224.0.0.252",
        "offset": 19229,
        "time": 6.1553239822387695,
        "dport": 5355,
        "sport": 62139
      },
      {
        "src": "192.168.56.101",
        "dst": "239.255.255.250",
        "offset": 19557,
        "time": 105.0770320892334,
        "dport": 1900,
        "sport": 59801
      },
      {
        "src": "192.168.56.101",
        "dst": "8.8.8.8",
        "offset": 21849,
        "time": 5.013267993927002,
        "dport": 53,
        "sport": 51755
      },
      {
        "src": "192.168.56.101",
        "dst": "8.8.8.8",
        "offset": 22309,
        "time": 5.776062965393066,
        "dport": 53,
        "sport": 54506
      },
      {
        "src": "192.168.56.101",
        "dst": "8.8.8.8",
        "offset": 22769,
        "time": 18.157505989074707,
        "dport": 53,
        "sport": 57168
      },
      {
        "src": "192.168.56.101",
        "dst": "8.8.8.8",
        "offset": 23274,
        "time": 17.995965003967285,
        "dport": 53,
        "sport": 58709
      },
      {
        "src": "192.168.56.101",
        "dst": "8.8.8.8",
        "offset": 23734,
        "time": 96.3913221359253,
        "dport": 53,
        "sport": 59798
      },
      {
        "src": "192.168.56.101",
        "dst": "8.8.8.8",
        "offset": 24239,
        "time": 6.155938148498535,
        "dport": 53,
        "sport": 65068
      }
    ],
    "dns": [
      {
        "type": "A",
        "request": "www.msftncsi.com",
        "answers": []
      },
      {
        "type": "A",
        "request": "dns.msftncsi.com",
        "answers": []
      },
      {
        "type": "A",
        "request": "teredo.ipv6.microsoft.com",
        "answers": []
      }
    ],
    "hosts": [
      "8.8.8.8"
    ],
    "icmp": [],
    "smtp": []
  },
  "static_imports": [
    "WSACleanup",
    "socket",
    "inet_ntoa",
    "setsockopt",
    "ntohs",
    "recvfrom",
    "ioctlsocket",
    "htons",
    "WSAStartup",
    "__WSAFDIsSet",
    "select",
    "accept",
    "listen",
    "bind",
    "closesocket",
    "WSAGetLastError",
    "recv",
    "sendto",
    "send",
    "inet_addr",
    "gethostbyname",
    "gethostname",
    "connect",
    "GetFileVersionInfoW",
    "GetFileVersionInfoSizeW",
    "VerQueryValueW",
    "timeGetTime",
    "waveOutSetVolume",
    "mciSendStringW",
    "ImageList_ReplaceIcon",
    "ImageList_Destroy",
    "ImageList_Remove",
    "ImageList_SetDragCursorImage",
    "ImageList_BeginDrag",
    "ImageList_DragEnter",
    "ImageList_DragLeave",
    "ImageList_EndDrag",
    "ImageList_DragMove",
    "InitCommonControlsEx",
    "ImageList_Create",
    "WNetUseConnectionW",
    "WNetCancelConnection2W",
    "WNetGetConnectionW",
    "WNetAddConnection2W",
    "InternetQueryDataAvailable",
    "InternetCloseHandle",
    "InternetOpenW",
    "InternetSetOptionW",
    "InternetCrackUrlW",
    "HttpQueryInfoW",
    "InternetQueryOptionW",
    "HttpOpenRequestW",
    "HttpSendRequestW",
    "FtpOpenFileW",
    "FtpGetFileSize",
    "InternetOpenUrlW",
    "InternetReadFile",
    "InternetConnectW",
    "GetProcessMemoryInfo",
    "IcmpCreateFile",
    "IcmpCloseHandle",
    "IcmpSendEcho",
    "DestroyEnvironmentBlock",
    "UnloadUserProfile",
    "CreateEnvironmentBlock",
    "LoadUserProfileW",
    "IsThemeActive",
    "DuplicateHandle",
    "CreateThread",
    "WaitForSingleObject",
    "HeapAlloc",
    "GetProcessHeap",
    "HeapFree",
    "Sleep",
    "GetCurrentThreadId",
    "MultiByteToWideChar",
    "MulDiv",
    "GetVersionExW",
    "IsWow64Process",
    "GetSystemInfo",
    "FreeLibrary",
    "LoadLibraryA",
    "GetProcAddress",
    "SetErrorMode",
    "GetModuleFileNameW",
    "WideCharToMultiByte",
    "lstrcpyW",
    "lstrlenW",
    "GetModuleHandleW",
    "QueryPerformanceCounter",
    "VirtualFreeEx",
    "OpenProcess",
    "VirtualAllocEx",
    "WriteProcessMemory",
    "ReadProcessMemory",
    "CreateFileW",
    "SetFilePointerEx",
    "SetEndOfFile",
    "ReadFile",
    "WriteFile",
    "FlushFileBuffers",
    "TerminateProcess",
    "CreateToolhelp32Snapshot",
    "Process32FirstW",
    "Process32NextW",
    "SetFileTime",
    "GetFileAttributesW",
    "FindFirstFileW",
    "SetCurrentDirectoryW",
    "GetLongPathNameW",
    "GetShortPathNameW",
    "DeleteFileW",
    "FindNextFileW",
    "CopyFileExW",
    "MoveFileW",
    "CreateDirectoryW",
    "RemoveDirectoryW",
    "SetSystemPowerState",
    "QueryPerformanceFrequency",
    "FindResourceW",
    "LoadResource",
    "LockResource",
    "SizeofResource",
    "EnumResourceNamesW",
    "OutputDebugStringW",
    "GetTempPathW",
    "GetTempFileNameW",
    "DeviceIoControl",
    "GetLocalTime",
    "CompareStringW",
    "GetCurrentProcess",
    "EnterCriticalSection",
    "LeaveCriticalSection",
    "GetStdHandle",
    "CreatePipe",
    "InterlockedExchange",
    "TerminateThread",
    "LoadLibraryExW",
    "FindResourceExW",
    "CopyFileW",
    "VirtualFree",
    "FormatMessageW",
    "GetExitCodeProcess",
    "GetPrivateProfileStringW",
    "WritePrivateProfileStringW",
    "GetPrivateProfileSectionW",
    "WritePrivateProfileSectionW",
    "GetPrivateProfileSectionNamesW",
    "FileTimeToLocalFileTime",
    "FileTimeToSystemTime",
    "SystemTimeToFileTime",
    "LocalFileTimeToFileTime",
    "GetDriveTypeW",
    "GetDiskFreeSpaceExW",
    "GetDiskFreeSpaceW",
    "GetVolumeInformationW",
    "SetVolumeLabelW",
    "CreateHardLinkW",
    "SetFileAttributesW",
    "CreateEventW",
    "SetEvent",
    "GetEnvironmentVariableW",
    "SetEnvironmentVariableW",
    "GlobalLock",
    "GlobalUnlock",
    "GlobalAlloc",
    "GetFileSize",
    "GlobalFree",
    "GlobalMemoryStatusEx",
    "Beep",
    "GetSystemDirectoryW",
    "HeapReAlloc",
    "HeapSize",
    "GetComputerNameW",
    "GetWindowsDirectoryW",
    "GetCurrentProcessId",
    "GetProcessIoCounters",
    "CreateProcessW",
    "GetProcessId",
    "SetPriorityClass",
    "LoadLibraryW",
    "VirtualAlloc",
    "IsDebuggerPresent",
    "GetCurrentDirectoryW",
    "lstrcmpiW",
    "DecodePointer",
    "GetLastError",
    "RaiseException",
    "InitializeCriticalSectionAndSpinCount",
    "DeleteCriticalSection",
    "InterlockedDecrement",
    "InterlockedIncrement",
    "GetCurrentThread",
    "CloseHandle",
    "GetFullPathNameW",
    "EncodePointer",
    "ExitProcess",
    "GetModuleHandleExW",
    "ExitThread",
    "GetSystemTimeAsFileTime",
    "ResumeThread",
    "GetCommandLineW",
    "IsProcessorFeaturePresent",
    "IsValidCodePage",
    "GetACP",
    "GetOEMCP",
    "GetCPInfo",
    "SetLastError",
    "UnhandledExceptionFilter",
    "SetUnhandledExceptionFilter",
    "TlsAlloc",
    "TlsGetValue",
    "TlsSetValue",
    "TlsFree",
    "GetStartupInfoW",
    "GetStringTypeW",
    "SetStdHandle",
    "GetFileType",
    "GetConsoleCP",
    "GetConsoleMode",
    "RtlUnwind",
    "ReadConsoleW",
    "GetTimeZoneInformation",
    "GetDateFormatW",
    "GetTimeFormatW",
    "LCMapStringW",
    "GetEnvironmentStringsW",
    "FreeEnvironmentStringsW",
    "WriteConsoleW",
    "FindClose",
    "SetEnvironmentVariableA",
    "AdjustWindowRectEx",
    "CopyImage",
    "SetWindowPos",
    "GetCursorInfo",
    "RegisterHotKey",
    "ClientToScreen",
    "GetKeyboardLayoutNameW",
    "IsCharAlphaW",
    "IsCharAlphaNumericW",
    "IsCharLowerW",
    "IsCharUpperW",
    "GetMenuStringW",
    "GetSubMenu",
    "GetCaretPos",
    "IsZoomed",
    "MonitorFromPoint",
    "GetMonitorInfoW",
    "SetWindowLongW",
    "SetLayeredWindowAttributes",
    "FlashWindow",
    "GetClassLongW",
    "TranslateAcceleratorW",
    "IsDialogMessageW",
    "GetSysColor",
    "InflateRect",
    "DrawFocusRect",
    "DrawTextW",
    "FrameRect",
    "DrawFrameControl",
    "FillRect",
    "PtInRect",
    "DestroyAcceleratorTable",
    "CreateAcceleratorTableW",
    "SetCursor",
    "GetWindowDC",
    "GetSystemMetrics",
    "GetActiveWindow",
    "CharNextW",
    "wsprintfW",
    "RedrawWindow",
    "DrawMenuBar",
    "DestroyMenu",
    "SetMenu",
    "GetWindowTextLengthW",
    "CreateMenu",
    "IsDlgButtonChecked",
    "DefDlgProcW",
    "CallWindowProcW",
    "ReleaseCapture",
    "SetCapture",
    "CreateIconFromResourceEx",
    "mouse_event",
    "ExitWindowsEx",
    "SetActiveWindow",
    "FindWindowExW",
    "EnumThreadWindows",
    "SetMenuDefaultItem",
    "InsertMenuItemW",
    "IsMenu",
    "TrackPopupMenuEx",
    "GetCursorPos",
    "DeleteMenu",
    "SetRect",
    "GetMenuItemID",
    "GetMenuItemCount",
    "SetMenuItemInfoW",
    "GetMenuItemInfoW",
    "SetForegroundWindow",
    "IsIconic",
    "FindWindowW",
    "MonitorFromRect",
    "keybd_event",
    "SendInput",
    "GetAsyncKeyState",
    "SetKeyboardState",
    "GetKeyboardState",
    "GetKeyState",
    "VkKeyScanW",
    "LoadStringW",
    "DialogBoxParamW",
    "MessageBeep",
    "EndDialog",
    "SendDlgItemMessageW",
    "GetDlgItem",
    "SetWindowTextW",
    "CopyRect",
    "ReleaseDC",
    "GetDC",
    "EndPaint",
    "BeginPaint",
    "GetClientRect",
    "GetMenu",
    "DestroyWindow",
    "EnumWindows",
    "GetDesktopWindow",
    "IsWindow",
    "IsWindowEnabled",
    "IsWindowVisible",
    "EnableWindow",
    "InvalidateRect",
    "GetWindowLongW",
    "GetWindowThreadProcessId",
    "AttachThreadInput",
    "GetFocus",
    "GetWindowTextW",
    "ScreenToClient",
    "SendMessageTimeoutW",
    "EnumChildWindows",
    "CharUpperBuffW",
    "GetParent",
    "GetDlgCtrlID",
    "SendMessageW",
    "MapVirtualKeyW",
    "PostMessageW",
    "GetWindowRect",
    "SetUserObjectSecurity",
    "CloseDesktop",
    "CloseWindowStation",
    "OpenDesktopW",
    "SetProcessWindowStation",
    "GetProcessWindowStation",
    "OpenWindowStationW",
    "GetUserObjectSecurity",
    "MessageBoxW",
    "DefWindowProcW",
    "SetClipboardData",
    "EmptyClipboard",
    "CountClipboardFormats",
    "CloseClipboard",
    "GetClipboardData",
    "IsClipboardFormatAvailable",
    "OpenClipboard",
    "BlockInput",
    "GetMessageW",
    "LockWindowUpdate",
    "DispatchMessageW",
    "TranslateMessage",
    "PeekMessageW",
    "UnregisterHotKey",
    "CheckMenuRadioItem",
    "CharLowerBuffW",
    "MoveWindow",
    "SetFocus",
    "PostQuitMessage",
    "KillTimer",
    "CreatePopupMenu",
    "RegisterWindowMessageW",
    "SetTimer",
    "ShowWindow",
    "CreateWindowExW",
    "RegisterClassExW",
    "LoadIconW",
    "LoadCursorW",
    "GetSysColorBrush",
    "GetForegroundWindow",
    "MessageBoxA",
    "DestroyIcon",
    "SystemParametersInfoW",
    "LoadImageW",
    "GetClassNameW",
    "StrokePath",
    "DeleteObject",
    "GetTextExtentPoint32W",
    "ExtCreatePen",
    "GetDeviceCaps",
    "EndPath",
    "SetPixel",
    "CloseFigure",
    "CreateCompatibleBitmap",
    "CreateCompatibleDC",
    "SelectObject",
    "StretchBlt",
    "GetDIBits",
    "LineTo",
    "AngleArc",
    "MoveToEx",
    "Ellipse",
    "DeleteDC",
    "GetPixel",
    "CreateDCW",
    "GetStockObject",
    "GetTextFaceW",
    "CreateFontW",
    "SetTextColor",
    "PolyDraw",
    "BeginPath",
    "Rectangle",
    "SetViewportOrgEx",
    "GetObjectW",
    "SetBkMode",
    "RoundRect",
    "SetBkColor",
    "CreatePen",
    "CreateSolidBrush",
    "StrokeAndFillPath",
    "GetOpenFileNameW",
    "GetSaveFileNameW",
    "GetAce",
    "RegEnumValueW",
    "RegDeleteValueW",
    "RegDeleteKeyW",
    "RegEnumKeyExW",
    "RegSetValueExW",
    "RegOpenKeyExW",
    "RegCloseKey",
    "RegQueryValueExW",
    "RegConnectRegistryW",
    "InitializeSecurityDescriptor",
    "InitializeAcl",
    "AdjustTokenPrivileges",
    "OpenThreadToken",
    "OpenProcessToken",
    "LookupPrivilegeValueW",
    "DuplicateTokenEx",
    "CreateProcessAsUserW",
    "CreateProcessWithLogonW",
    "GetLengthSid",
    "CopySid",
    "LogonUserW",
    "AllocateAndInitializeSid",
    "CheckTokenMembership",
    "RegCreateKeyExW",
    "FreeSid",
    "GetTokenInformation",
    "GetSecurityDescriptorDacl",
    "GetAclInformation",
    "AddAce",
    "SetSecurityDescriptorDacl",
    "GetUserNameW",
    "InitiateSystemShutdownExW",
    "DragQueryPoint",
    "ShellExecuteExW",
    "DragQueryFileW",
    "SHEmptyRecycleBinW",
    "SHGetPathFromIDListW",
    "SHBrowseForFolderW",
    "SHCreateShellItem",
    "SHGetDesktopFolder",
    "SHGetSpecialFolderLocation",
    "SHGetFolderPathW",
    "SHFileOperationW",
    "ExtractIconExW",
    "Shell_NotifyIconW",
    "ShellExecuteW",
    "DragFinish",
    "CoTaskMemAlloc",
    "CoTaskMemFree",
    "CLSIDFromString",
    "ProgIDFromCLSID",
    "CLSIDFromProgID",
    "OleSetMenuDescriptor",
    "MkParseDisplayName",
    "OleSetContainedObject",
    "CoCreateInstance",
    "IIDFromString",
    "StringFromGUID2",
    "CreateStreamOnHGlobal",
    "OleInitialize",
    "OleUninitialize",
    "CoInitialize",
    "CoUninitialize",
    "GetRunningObjectTable",
    "CoGetInstanceFromFile",
    "CoGetObject",
    "CoSetProxyBlanket",
    "CoCreateInstanceEx",
    "CoInitializeSecurity",
    "LoadTypeLibEx",
    "VariantCopyInd",
    "SysReAllocString",
    "SysFreeString",
    "SafeArrayDestroyDescriptor",
    "SafeArrayDestroyData",
    "SafeArrayUnaccessData",
    "SafeArrayAccessData",
    "SafeArrayAllocData",
    "SafeArrayAllocDescriptorEx",
    "SafeArrayCreateVector",
    "RegisterTypeLib",
    "CreateStdDispatch",
    "DispCallFunc",
    "VariantChangeType",
    "SysStringLen",
    "VariantTimeToSystemTime",
    "VarR8FromDec",
    "SafeArrayGetVartype",
    "VariantCopy",
    "VariantClear",
    "OleLoadPicture",
    "QueryPathOfRegTypeLib",
    "RegisterTypeLibForUser",
    "UnRegisterTypeLibForUser",
    "UnRegisterTypeLib",
    "CreateDispTypeInfo",
    "SysAllocString",
    "VariantInit"
  ],
  "signatures_ttp": {
    "T1045": "Software Packing"
  },
  "signatures_full": [
    {
      "name": "packer_entropy",
      "description": "The binary likely contains encrypted or compressed data indicative of a packer",
      "severity": 2,
      "ttp": {
        "T1045": {
          "short": "Software Packing",
          "long": "Software packing is a method of compressing or encrypting an executable. Packing an executable changes the file signature in an attempt to avoid signature-based detection. Most decompression techniques decompress the executable code in memory."
        }
      },
      "markcount": 1,
      "marks": [
        {
          "entropy": 7.725257406940882,
          "section": {
            "size_of_data": "0x0002e000",
            "virtual_address": "0x000c7000",
            "entropy": 7.725257406940882,
            "name": ".rsrc",
            "virtual_size": "0x0002dec4"
          },
          "type": "generic",
          "description": "A section with a high entropy has been found"
        }
      ]
    }
  ],
  "processes": [
    {
      "name": "lsass.exe",
      "path": "C:\\Windows\\System32\\lsass.exe",
      "pid": 484,
      "cmdline": "C:\\Windows\\system32\\lsass.exe",
      "modules": [
        "lsass.exe",
        "ntdll.dll",
        "kernel32.dll",
        "KERNELBASE.dll",
        "msvcrt.dll",
        "RPCRT4.dll",
        "SspiSrv.dll",
        "lsasrv.dll",
        "sechost.dll",
        "SspiCli.dll",
        "ADVAPI32.dll",
        "USER32.dll",
        "GDI32.dll",
        "LPK.dll",
        "USP10.dll",
        "SAMSRV.dll",
        "cryptdll.dll",
        "MSASN1.dll",
        "wevtapi.dll",
        "IMM32.DLL",
        "MSCTF.dll",
        "cngaudit.dll",
        "AUTHZ.dll",
        "ncrypt.dll",
        "bcrypt.dll",
        "msprivs.DLL",
        "netjoin.dll",
        "negoexts.DLL",
        "Secur32.dll",
        "cryptbase.dll",
        "kerberos.DLL",
        "CRYPTSP.dll",
        "WS2_32.dll",
        "NSI.dll",
        "mswsock.dll",
        "wship6.dll",
        "msv1_0.DLL",
        "netlogon.DLL",
        "DNSAPI.dll",
        "logoncli.dll",
        "schannel.DLL",
        "CRYPT32.dll",
        "wdigest.DLL",
        "rsaenh.dll",
        "tspkg.DLL",
        "pku2u.DLL",
        "bcryptprimitives.dll",
        "RpcRtRemote.dll",
        "efslsaext.dll",
        "WINSTA.dll",
        "scecli.DLL",
        "credssp.dll",
        "IPHLPAPI.DLL",
        "WINNSI.DLL",
        "netutils.dll",
        "USERENV.dll",
        "profapi.dll",
        "wshtcpip.dll",
        "monitor-x64.dll"
      ]
    }
  ]
}