{
  "behavior_summary": {
    "file_created": [],
    "file_deleted": [],
    "file_read": [],
    "file_recreated": [],
    "file_exists": [],
    "file_opened": [],
    "regkey_opened": [],
    "regkey_read": [],
    "regkey_written": [],
    "dll_loaded": [],
    "executed_commands": [],
    "directory_created": [],
    "mutex": [],
    "processes_created": [],
    "resolves_host": []
  },
  "dropped_files": [],
  "api_statistics": {},
  "api_call_sequence": [],
  "network": {
    "http": [],
    "tcp": [],
    "udp": [
      {
        "src": "192.168.56.101",
        "dst": "224.0.0.252",
        "offset": 1058,
        "time": 1.5557668209075928,
        "dport": 5355,
        "sport": 50233
      },
      {
        "src": "192.168.56.101",
        "dst": "224.0.0.252",
        "offset": 1386,
        "time": 1.0285217761993408,
        "dport": 5355,
        "sport": 53526
      },
      {
        "src": "192.168.56.101",
        "dst": "224.0.0.252",
        "offset": 1706,
        "time": 0.04693794250488281,
        "dport": 5355,
        "sport": 54795
      }
    ],
    "dns": [],
    "hosts": [],
    "icmp": [],
    "smtp": []
  },
  "static_imports": [
    "CheckTokenMembership",
    "CreateWellKnownSid",
    "EventUnregister",
    "EventRegister",
    "EventWriteTransfer",
    "GetLastError",
    "GetProcAddress",
    "GetTickCount64",
    "ProcessIdToSessionId",
    "HeapSetInformation",
    "LoadLibraryW",
    "LocalFree",
    "FormatMessageW",
    "RaiseException",
    "DelayLoadFailureHook",
    "ResolveDelayLoadedAPI",
    "GetSystemDirectoryW",
    "FreeLibrary",
    "GetCurrentProcessId",
    "GetModuleHandleExW",
    "DebugBreak",
    "CloseHandle",
    "OutputDebugStringA",
    "SetLastError",
    "CreateFileW",
    "GetModuleFileNameW",
    "WriteFile",
    "memset",
    "__CxxFrameHandler3",
    "memcpy",
    "_except_handler4_common",
    "_controlfp",
    "?terminate@@YAXXZ",
    "_onexit",
    "__dllonexit",
    "_unlock",
    "_lock",
    "_wcmdln",
    "_initterm",
    "__setusermatherr",
    "__p__fmode",
    "_cexit",
    "_exit",
    "exit",
    "__set_app_type",
    "__wgetmainargs",
    "_amsg_exit",
    "__p__commode",
    "_XcptFilter",
    "_vsnwprintf",
    "_wtoi",
    "wcstoul",
    "_wcsnicmp",
    "_wcsicmp",
    "memmove",
    "wcsrchr",
    "_vsnprintf",
    "sprintf_s",
    "strchr",
    "strcpy_s",
    "RtlFreeHeap",
    "RtlInitUnicodeString",
    "RtlGUIDFromString",
    "EtwEventRegister",
    "RtlReAllocateHeap",
    "ZwClose",
    "EtwEventUnregister",
    "RtlDeleteCriticalSection",
    "RtlLeaveCriticalSection",
    "RtlInitializeCriticalSection",
    "EtwEventWrite",
    "RtlInitAnsiString",
    "RtlEqualString",
    "ZwOpenKey",
    "RtlInitUnicodeStringEx",
    "ZwQueryValueKey",
    "RtlAppendUnicodeStringToString",
    "RtlAppendUnicodeToString",
    "RtlAllocateHeap",
    "RtlEnterCriticalSection",
    "WindowsDeleteString",
    "WindowsCreateStringReference",
    "RoInitialize",
    "RoGetActivationFactory",
    "RoUninitialize",
    "Sleep",
    "GetCurrentThreadId",
    "GetStartupInfoW",
    "TerminateProcess",
    "GetCurrentProcess",
    "SetUnhandledExceptionFilter",
    "UnhandledExceptionFilter",
    "GetModuleHandleA",
    "QueryPerformanceCounter",
    "GetSystemTimeAsFileTime",
    "GetTickCount",
    "SdbSetEntryFlags",
    "SdbGetEntryFlags",
    "SdbIsNullGUID"
  ],
  "signatures_ttp": {
    "T1045": "Software Packing"
  },
  "signatures_full": [
    {
      "name": "has_pdb",
      "description": "This executable has a PDB path",
      "severity": 1,
      "ttp": {},
      "markcount": 1,
      "marks": [
        {
          "category": "pdb_path",
          "ioc": "pcaui.pdb",
          "type": "ioc",
          "description": null
        }
      ]
    },
    {
      "name": "pe_features",
      "description": "The executable contains unknown PE section names indicative of a packer (could be a false positive)",
      "severity": 1,
      "ttp": {
        "T1045": {
          "short": "Software Packing",
          "long": "Software packing is a method of compressing or encrypting an executable. Packing an executable changes the file signature in an attempt to avoid signature-based detection. Most decompression techniques decompress the executable code in memory."
        }
      },
      "markcount": 1,
      "marks": [
        {
          "category": "section",
          "ioc": ".didat",
          "type": "ioc",
          "description": null
        }
      ]
    }
  ],
  "processes": [
    {
      "name": "lsass.exe",
      "path": "C:\\Windows\\System32\\lsass.exe",
      "pid": 484,
      "cmdline": "C:\\Windows\\system32\\lsass.exe",
      "modules": [
        "lsass.exe",
        "ntdll.dll",
        "kernel32.dll",
        "KERNELBASE.dll",
        "msvcrt.dll",
        "RPCRT4.dll",
        "SspiSrv.dll",
        "lsasrv.dll",
        "sechost.dll",
        "SspiCli.dll",
        "ADVAPI32.dll",
        "USER32.dll",
        "GDI32.dll",
        "LPK.dll",
        "USP10.dll",
        "SAMSRV.dll",
        "cryptdll.dll",
        "MSASN1.dll",
        "wevtapi.dll",
        "IMM32.DLL",
        "MSCTF.dll",
        "cngaudit.dll",
        "AUTHZ.dll",
        "ncrypt.dll",
        "bcrypt.dll",
        "msprivs.DLL",
        "netjoin.dll",
        "negoexts.DLL",
        "Secur32.dll",
        "cryptbase.dll",
        "kerberos.DLL",
        "CRYPTSP.dll",
        "WS2_32.dll",
        "NSI.dll",
        "mswsock.dll",
        "wship6.dll",
        "msv1_0.DLL",
        "netlogon.DLL",
        "DNSAPI.dll",
        "logoncli.dll",
        "schannel.DLL",
        "CRYPT32.dll",
        "wdigest.DLL",
        "rsaenh.dll",
        "tspkg.DLL",
        "pku2u.DLL",
        "bcryptprimitives.dll",
        "RpcRtRemote.dll",
        "efslsaext.dll",
        "WINSTA.dll",
        "scecli.DLL",
        "credssp.dll",
        "IPHLPAPI.DLL",
        "WINNSI.DLL",
        "netutils.dll",
        "USERENV.dll",
        "profapi.dll",
        "wshtcpip.dll",
        "monitor-x64.dll"
      ]
    }
  ]
}