{
  "behavior_summary": {
    "file_created": [],
    "file_deleted": [],
    "file_read": [],
    "file_recreated": [],
    "file_exists": [
      "C:\\Windows\\System32\\MSCOREE.DLL.local"
    ],
    "file_opened": [
      "C:\\Windows\\Microsoft.NET\\Framework64\\v2.0.50727\\",
      "C:\\Users\\Administrator\\AppData\\Local\\Temp\\10feeb1b0fde32e0d3699bb8bb8558fafb03da45b7d204dd5b7200439a39cf2f.exe"
    ],
    "regkey_opened": [
      "HKEY_LOCAL_MACHINE\\SOFTWARE\\Microsoft\\.NETFramework\\Policy\\Upgrades",
      "HKEY_LOCAL_MACHINE\\Software\\Microsoft\\.NETFramework\\Policy\\Upgrades",
      "HKEY_CURRENT_USER\\Software\\Microsoft\\.NETFramework\\Policy\\Standards",
      "HKEY_LOCAL_MACHINE\\Software\\Microsoft\\.NETFramework",
      "HKEY_LOCAL_MACHINE\\Software\\Microsoft\\.NETFramework\\Policy\\Standards",
      "HKEY_CURRENT_USER\\Software\\Microsoft\\.NETFramework\\Policy\\Upgrades",
      "HKEY_LOCAL_MACHINE\\Software\\Microsoft\\.NETFramework\\Policy\\",
      "HKEY_LOCAL_MACHINE\\SOFTWARE\\Microsoft\\.NETFramework\\Policy\\standards\\v4.0.30319",
      "HKEY_CURRENT_USER\\Software\\Microsoft\\.NETFramework",
      "HKEY_LOCAL_MACHINE\\SOFTWARE\\Microsoft\\.NETFramework\\Policy\\v2.0",
      "HKEY_LOCAL_MACHINE\\SOFTWARE\\Microsoft\\.NETFramework\\Policy\\standards",
      "HKEY_LOCAL_MACHINE\\SOFTWARE\\Microsoft\\.NETFramework\\Policy\\AppPatch"
    ],
    "regkey_read": [
      "HKEY_LOCAL_MACHINE\\SOFTWARE\\Microsoft\\.NETFramework\\OnlyUseLatestCLR",
      "HKEY_LOCAL_MACHINE\\SOFTWARE\\Microsoft\\Windows NT\\CurrentVersion\\Windows\\LoadAppInit_DLLs",
      "HKEY_LOCAL_MACHINE\\SOFTWARE\\Microsoft\\.NETFramework\\NoGuiFromShim",
      "HKEY_LOCAL_MACHINE\\SOFTWARE\\Microsoft\\.NETFramework\\CLRLoadLogDir",
      "HKEY_LOCAL_MACHINE\\SOFTWARE\\Microsoft\\.NETFramework\\InstallRoot",
      "HKEY_LOCAL_MACHINE\\SOFTWARE\\Microsoft\\Windows NT\\CurrentVersion\\GRE_Initialize\\DisableMetaFiles"
    ],
    "regkey_written": [],
    "dll_loaded": [
      "ADVAPI32.dll",
      "SHLWAPI.dll",
      "C:\\Windows\\system32\\IMM32.DLL",
      "gdi32.dll"
    ],
    "executed_commands": [],
    "directory_created": [],
    "mutex": [],
    "processes_created": [],
    "resolves_host": []
  },
  "dropped_files": [],
  "api_statistics": {
    "2288": {
      "LdrUnloadDll": 1,
      "RegCloseKey": 16,
      "NtQueryKey": 2,
      "GetSystemInfo": 2,
      "NtTerminateProcess": 3,
      "NtQueryValueKey": 3,
      "GetFileAttributesW": 1,
      "RegQueryValueExW": 15,
      "NtMapViewOfSection": 2,
      "GetFileSize": 2,
      "RegOpenKeyExW": 20,
      "SetErrorMode": 2,
      "LdrGetDllHandle": 4,
      "NtFreeVirtualMemory": 1,
      "NtQuerySystemInformation": 1,
      "NtOpenFile": 5,
      "NtUnmapViewOfSection": 2,
      "RegQueryInfoKeyW": 6,
      "GetSystemDirectoryW": 2,
      "RegEnumKeyExW": 4,
      "NtQueryDirectoryFile": 1,
      "NtCreateFile": 3,
      "GetSystemTimeAsFileTime": 8,
      "NtCreateMutant": 1,
      "NtProtectVirtualMemory": 1,
      "RegEnumValueW": 3,
      "NtCreateSection": 2,
      "NtOpenKey": 3,
      "LdrGetProcedureAddress": 12,
      "NtOpenKeyEx": 3,
      "LdrLoadDll": 4,
      "NtClose": 15
    }
  },
  "api_call_sequence": [
    {
      "time": 1746153036.940271,
      "api": "GetSystemTimeAsFileTime",
      "pid": 2288,
      "arguments": {},
      "category": "synchronisation"
    },
    {
      "time": 1746153036.940271,
      "api": "GetSystemTimeAsFileTime",
      "pid": 2288,
      "arguments": {},
      "category": "synchronisation"
    },
    {
      "time": 1746153036.940271,
      "api": "NtCreateMutant",
      "pid": 2288,
      "arguments": {
        "initial_owner": 0,
        "desired_access": "0x001f0001",
        "mutant_name": "",
        "mutant_handle": "0x0000000000000034"
      },
      "category": "synchronisation"
    },
    {
      "time": 1746153036.940271,
      "api": "GetSystemTimeAsFileTime",
      "pid": 2288,
      "arguments": {},
      "category": "synchronisation"
    },
    {
      "time": 1746153036.940271,
      "api": "NtOpenKeyEx",
      "pid": 2288,
      "arguments": {
        "key_handle": "0x0000000000000038",
        "desired_access": "0x02000000",
        "regkey": "HKEY_LOCAL_MACHINE",
        "options": 0
      },
      "category": "registry"
    },
    {
      "time": 1746153036.940271,
      "api": "NtQueryKey",
      "pid": 2288,
      "arguments": {
        "key_handle": "0x0000000000000038",
        "buffer": "\u0000\u0000\u0000\u0000",
        "information_class": 7,
        "regkey": "HKEY_LOCAL_MACHINE"
      },
      "category": "registry"
    },
    {
      "time": 1746153036.940271,
      "api": "NtOpenKeyEx",
      "pid": 2288,
      "arguments": {
        "key_handle": "0x0000000000000000",
        "desired_access": "0x00020019",
        "regkey": "HKEY_LOCAL_MACHINE\\Software\\Microsoft\\Windows NT\\CurrentVersion\\Diagnostics",
        "options": 0
      },
      "category": "registry"
    },
    {
      "time": 1746153036.940271,
      "api": "LdrLoadDll",
      "pid": 2288,
      "arguments": {
        "basename": "ADVAPI32",
        "module_address": "0x000007feffd90000",
        "flags": 0,
        "module_name": "ADVAPI32.dll",
        "stack_pivoted": 0
      },
      "category": "system"
    },
    {
      "time": 1746153036.940271,
      "api": "LdrGetProcedureAddress",
      "pid": 2288,
      "arguments": {
        "ordinal": 0,
        "module": "ADVAPI32",
        "module_address": "0x000007feffd90000",
        "function_address": "0x000007feffdb06f0",
        "function_name": "RegOpenKeyExW"
      },
      "category": "system"
    },
    {
      "time": 1746153036.940271,
      "api": "RegOpenKeyExW",
      "pid": 2288,
      "arguments": {
        "access": "0x00020019",
        "base_handle": "0xffffffff80000002",
        "key_handle": "0x0000000000000040",
        "regkey": "HKEY_LOCAL_MACHINE\\Software\\Microsoft\\.NETFramework\\Policy\\",
        "regkey_r": "Software\\Microsoft\\.NETFramework\\Policy\\",
        "options": 0
      },
      "category": "registry"
    },
    {
      "time": 1746153036.940271,
      "api": "LdrGetProcedureAddress",
      "pid": 2288,
      "arguments": {
        "ordinal": 0,
        "module": "ADVAPI32",
        "module_address": "0x000007feffd90000",
        "function_address": "0x000007feffdac360",
        "function_name": "RegQueryInfoKeyW"
      },
      "category": "system"
    },
    {
      "time": 1746153036.956271,
      "api": "RegQueryInfoKeyW",
      "pid": 2288,
      "arguments": {
        "key_handle": "0x0000000000000040",
        "value_max_length": 0,
        "class_max_length": 0,
        "value_name_max_length": 0,
        "regkey": "HKEY_LOCAL_MACHINE\\SOFTWARE\\Microsoft\\.NETFramework\\Policy",
        "value_count": 0,
        "subkey_max_length": 9,
        "class": "",
        "subkey_count": 4
      },
      "category": "registry"
    },
    {
      "time": 1746153036.956271,
      "api": "LdrGetProcedureAddress",
      "pid": 2288,
      "arguments": {
        "ordinal": 0,
        "module": "ADVAPI32",
        "module_address": "0x000007feffd90000",
        "function_address": "0x000007feffdac310",
        "function_name": "RegEnumKeyExW"
      },
      "category": "system"
    },
    {
      "time": 1746153036.956271,
      "api": "RegEnumKeyExW",
      "pid": 2288,
      "arguments": {
        "index": 3,
        "key_handle": "0x0000000000000040",
        "key_name": "v2.0",
        "regkey": "HKEY_LOCAL_MACHINE\\SOFTWARE\\Microsoft\\.NETFramework\\Policy",
        "class": ""
      },
      "category": "registry"
    },
    {
      "time": 1746153036.956271,
      "api": "RegEnumKeyExW",
      "pid": 2288,
      "arguments": {
        "index": 2,
        "key_handle": "0x0000000000000040",
        "key_name": "Upgrades",
        "regkey": "HKEY_LOCAL_MACHINE\\SOFTWARE\\Microsoft\\.NETFramework\\Policy",
        "class": ""
      },
      "category": "registry"
    },
    {
      "time": 1746153036.956271,
      "api": "RegEnumKeyExW",
      "pid": 2288,
      "arguments": {
        "index": 1,
        "key_handle": "0x0000000000000040",
        "key_name": "standards",
        "regkey": "HKEY_LOCAL_MACHINE\\SOFTWARE\\Microsoft\\.NETFramework\\Policy",
        "class": ""
      },
      "category": "registry"
    },
    {
      "time": 1746153036.956271,
      "api": "RegEnumKeyExW",
      "pid": 2288,
      "arguments": {
        "index": 0,
        "key_handle": "0x0000000000000040",
        "key_name": "AppPatch",
        "regkey": "HKEY_LOCAL_MACHINE\\SOFTWARE\\Microsoft\\.NETFramework\\Policy",
        "class": ""
      },
      "category": "registry"
    },
    {
      "time": 1746153036.956271,
      "api": "RegOpenKeyExW",
      "pid": 2288,
      "arguments": {
        "access": "0x00020019",
        "base_handle": "0x0000000000000040",
        "key_handle": "0x0000000000000044",
        "regkey": "HKEY_LOCAL_MACHINE\\SOFTWARE\\Microsoft\\.NETFramework\\Policy\\v2.0",
        "regkey_r": "v2.0",
        "options": 0
      },
      "category": "registry"
    },
    {
      "time": 1746153036.956271,
      "api": "RegQueryInfoKeyW",
      "pid": 2288,
      "arguments": {
        "key_handle": "0x0000000000000044",
        "value_max_length": 24,
        "class_max_length": 0,
        "value_name_max_length": 5,
        "regkey": "HKEY_LOCAL_MACHINE\\SOFTWARE\\Microsoft\\.NETFramework\\Policy\\v2.0",
        "value_count": 1,
        "subkey_max_length": 0,
        "class": "",
        "subkey_count": 0
      },
      "category": "registry"
    },
    {
      "time": 1746153036.956271,
      "api": "LdrGetProcedureAddress",
      "pid": 2288,
      "arguments": {
        "ordinal": 0,
        "module": "ADVAPI32",
        "module_address": "0x000007feffd90000",
        "function_address": "0x000007feffdac420",
        "function_name": "RegEnumValueW"
      },
      "category": "system"
    },
    {
      "time": 1746153036.956271,
      "api": "RegEnumValueW",
      "pid": 2288,
      "arguments": {
        "index": 0,
        "key_handle": "0x0000000000000044",
        "value": "50727-50727",
        "regkey_r": "50727",
        "reg_type": 1,
        "regkey": "HKEY_LOCAL_MACHINE\\SOFTWARE\\Microsoft\\.NETFramework\\Policy\\v2.0\\(Default)"
      },
      "category": "registry"
    },
    {
      "time": 1746153036.956271,
      "api": "LdrGetProcedureAddress",
      "pid": 2288,
      "arguments": {
        "ordinal": 0,
        "module": "ADVAPI32",
        "module_address": "0x000007feffd90000",
        "function_address": "0x000007feffdb0710",
        "function_name": "RegCloseKey"
      },
      "category": "system"
    },
    {
      "time": 1746153036.956271,
      "api": "RegCloseKey",
      "pid": 2288,
      "arguments": {
        "key_handle": "0x0000000000000044"
      },
      "category": "registry"
    },
    {
      "time": 1746153036.956271,
      "api": "GetFileAttributesW",
      "pid": 2288,
      "arguments": {
        "file_attributes": -1,
        "filepath_r": "C:\\Windows\\SYSTEM32\\MSCOREE.DLL.local",
        "filepath": "C:\\Windows\\System32\\MSCOREE.DLL.local"
      },
      "category": "file"
    },
    {
      "time": 1746153036.956271,
      "api": "RegOpenKeyExW",
      "pid": 2288,
      "arguments": {
        "access": "0x00020019",
        "base_handle": "0xffffffff80000002",
        "key_handle": "0x0000000000000044",
        "regkey": "HKEY_LOCAL_MACHINE\\Software\\Microsoft\\.NETFramework",
        "regkey_r": "Software\\Microsoft\\.NETFramework",
        "options": 0
      },
      "category": "registry"
    },
    {
      "time": 1746153036.956271,
      "api": "LdrGetProcedureAddress",
      "pid": 2288,
      "arguments": {
        "ordinal": 0,
        "module": "ADVAPI32",
        "module_address": "0x000007feffd90000",
        "function_address": "0x000007feffdac2d0",
        "function_name": "RegQueryValueExW"
      },
      "category": "system"
    },
    {
      "time": 1746153036.956271,
      "api": "RegQueryValueExW",
      "pid": 2288,
      "arguments": {
        "key_handle": "0x0000000000000044",
        "value": "",
        "regkey_r": "InstallRoot",
        "reg_type": 1,
        "regkey": "HKEY_LOCAL_MACHINE\\SOFTWARE\\Microsoft\\.NETFramework\\InstallRoot"
      },
      "category": "registry"
    },
    {
      "time": 1746153036.956271,
      "api": "RegQueryValueExW",
      "pid": 2288,
      "arguments": {
        "key_handle": "0x0000000000000044",
        "value": "C:\\Windows\\Microsoft.NET\\Framework64\\",
        "regkey_r": "InstallRoot",
        "reg_type": 1,
        "regkey": "HKEY_LOCAL_MACHINE\\SOFTWARE\\Microsoft\\.NETFramework\\InstallRoot"
      },
      "category": "registry"
    },
    {
      "time": 1746153036.956271,
      "api": "RegCloseKey",
      "pid": 2288,
      "arguments": {
        "key_handle": "0x0000000000000044"
      },
      "category": "registry"
    },
    {
      "time": 1746153036.956271,
      "api": "NtOpenFile",
      "pid": 2288,
      "arguments": {
        "file_handle": "0x0000000000000044",
        "filepath": "C:\\Windows\\Microsoft.NET\\Framework64\\v2.0.50727\\",
        "desired_access": "0x00100001",
        "filepath_r": "\\??\\C:\\Windows\\Microsoft.NET\\Framework64\\v2.0.50727\\",
        "open_options": 16417,
        "status_info": 1,
        "share_access": 7
      },
      "category": "file"
    },
    {
      "time": 1746153036.956271,
      "api": "NtQueryDirectoryFile",
      "pid": 2288,
      "arguments": {
        "file_handle": "0x0000000000000044",
        "information_class": 3,
        "dirpath": "C:\\Windows\\Microsoft.NET\\Framework64\\v2.0.50727\\mscoreei.dll"
      },
      "category": "file"
    },
    {
      "time": 1746153036.956271,
      "api": "NtClose",
      "pid": 2288,
      "arguments": {
        "handle": "0x0000000000000044"
      },
      "category": "system"
    },
    {
      "time": 1746153036.956271,
      "api": "RegOpenKeyExW",
      "pid": 2288,
      "arguments": {
        "access": "0x00020019",
        "base_handle": "0x0000000000000040",
        "key_handle": "0x0000000000000044",
        "regkey": "HKEY_LOCAL_MACHINE\\SOFTWARE\\Microsoft\\.NETFramework\\Policy\\standards",
        "regkey_r": "standards",
        "options": 0
      },
      "category": "registry"
    },
    {
      "time": 1746153036.956271,
      "api": "RegQueryInfoKeyW",
      "pid": 2288,
      "arguments": {
        "key_handle": "0x0000000000000044",
        "value_max_length": 0,
        "class_max_length": 0,
        "value_name_max_length": 0,
        "regkey": "HKEY_LOCAL_MACHINE\\SOFTWARE\\Microsoft\\.NETFramework\\Policy\\standards",
        "value_count": 0,
        "subkey_max_length": 17,
        "class": "",
        "subkey_count": 3
      },
      "category": "registry"
    },
    {
      "time": 1746153036.956271,
      "api": "RegCloseKey",
      "pid": 2288,
      "arguments": {
        "key_handle": "0x0000000000000044"
      },
      "category": "registry"
    },
    {
      "time": 1746153036.956271,
      "api": "RegOpenKeyExW",
      "pid": 2288,
      "arguments": {
        "access": "0x00020019",
        "base_handle": "0x0000000000000040",
        "key_handle": "0x0000000000000044",
        "regkey": "HKEY_LOCAL_MACHINE\\SOFTWARE\\Microsoft\\.NETFramework\\Policy\\Upgrades",
        "regkey_r": "Upgrades",
        "options": 0
      },
      "category": "registry"
    },
    {
      "time": 1746153036.971271,
      "api": "RegQueryInfoKeyW",
      "pid": 2288,
      "arguments": {
        "key_handle": "0x0000000000000044",
        "value_max_length": 32,
        "class_max_length": 0,
        "value_name_max_length": 9,
        "regkey": "HKEY_LOCAL_MACHINE\\SOFTWARE\\Microsoft\\.NETFramework\\Policy\\Upgrades",
        "value_count": 1,
        "subkey_max_length": 0,
        "class": "",
        "subkey_count": 0
      },
      "category": "registry"
    },
    {
      "time": 1746153036.971271,
      "api": "RegEnumValueW",
      "pid": 2288,
      "arguments": {
        "index": 0,
        "key_handle": "0x0000000000000044",
        "value": "1.0.0-2.0.50727",
        "regkey_r": "2.0.50727",
        "reg_type": 1,
        "regkey": "HKEY_LOCAL_MACHINE\\SOFTWARE\\Microsoft\\.NETFramework\\Policy\\Upgrades\\\uf2f4\u001b"
      },
      "category": "registry"
    },
    {
      "time": 1746153036.971271,
      "api": "RegCloseKey",
      "pid": 2288,
      "arguments": {
        "key_handle": "0x0000000000000044"
      },
      "category": "registry"
    },
    {
      "time": 1746153036.971271,
      "api": "RegOpenKeyExW",
      "pid": 2288,
      "arguments": {
        "access": "0x00020019",
        "base_handle": "0xffffffff80000002",
        "key_handle": "0x0000000000000044",
        "regkey": "HKEY_LOCAL_MACHINE\\Software\\Microsoft\\.NETFramework",
        "regkey_r": "Software\\Microsoft\\.NETFramework",
        "options": 0
      },
      "category": "registry"
    },
    {
      "time": 1746153036.971271,
      "api": "RegQueryValueExW",
      "pid": 2288,
      "arguments": {
        "key_handle": "0x0000000000000044",
        "value": "",
        "regkey_r": "InstallRoot",
        "reg_type": 1,
        "regkey": "HKEY_LOCAL_MACHINE\\SOFTWARE\\Microsoft\\.NETFramework\\InstallRoot"
      },
      "category": "registry"
    },
    {
      "time": 1746153036.971271,
      "api": "RegQueryValueExW",
      "pid": 2288,
      "arguments": {
        "key_handle": "0x0000000000000044",
        "value": "C:\\Windows\\Microsoft.NET\\Framework64\\",
        "regkey_r": "InstallRoot",
        "reg_type": 1,
        "regkey": "HKEY_LOCAL_MACHINE\\SOFTWARE\\Microsoft\\.NETFramework\\InstallRoot"
      },
      "category": "registry"
    },
    {
      "time": 1746153036.971271,
      "api": "RegCloseKey",
      "pid": 2288,
      "arguments": {
        "key_handle": "0x0000000000000044"
      },
      "category": "registry"
    },
    {
      "time": 1746153036.971271,
      "api": "NtOpenFile",
      "pid": 2288,
      "arguments": {
        "file_handle": "0x0000000000000000",
        "filepath": "C:\\Windows\\Microsoft.NET\\Framework64\\Upgrades.2.0.50727\\",
        "desired_access": "0x00100001",
        "filepath_r": "\\??\\C:\\Windows\\Microsoft.NET\\Framework64\\Upgrades.2.0.50727\\",
        "open_options": 16417,
        "status_info": 4294967295,
        "share_access": 7
      },
      "category": "file"
    },
    {
      "time": 1746153036.971271,
      "api": "RegOpenKeyExW",
      "pid": 2288,
      "arguments": {
        "access": "0x00020019",
        "base_handle": "0x0000000000000040",
        "key_handle": "0x0000000000000044",
        "regkey": "HKEY_LOCAL_MACHINE\\SOFTWARE\\Microsoft\\.NETFramework\\Policy\\AppPatch",
        "regkey_r": "AppPatch",
        "options": 0
      },
      "category": "registry"
    },
    {
      "time": 1746153036.971271,
      "api": "RegQueryInfoKeyW",
      "pid": 2288,
      "arguments": {
        "key_handle": "0x0000000000000044",
        "value_max_length": 0,
        "class_max_length": 0,
        "value_name_max_length": 0,
        "regkey": "HKEY_LOCAL_MACHINE\\SOFTWARE\\Microsoft\\.NETFramework\\Policy\\AppPatch",
        "value_count": 0,
        "subkey_max_length": 16,
        "class": "",
        "subkey_count": 1
      },
      "category": "registry"
    },
    {
      "time": 1746153036.971271,
      "api": "RegCloseKey",
      "pid": 2288,
      "arguments": {
        "key_handle": "0x0000000000000044"
      },
      "category": "registry"
    },
    {
      "time": 1746153036.971271,
      "api": "RegCloseKey",
      "pid": 2288,
      "arguments": {
        "key_handle": "0x0000000000000040"
      },
      "category": "registry"
    },
    {
      "time": 1746153036.971271,
      "api": "RegOpenKeyExW",
      "pid": 2288,
      "arguments": {
        "access": "0x00020019",
        "base_handle": "0xffffffff80000002",
        "key_handle": "0x0000000000000040",
        "regkey": "HKEY_LOCAL_MACHINE\\Software\\Microsoft\\.NETFramework",
        "regkey_r": "Software\\Microsoft\\.NETFramework",
        "options": 0
      },
      "category": "registry"
    },
    {
      "time": 1746153036.971271,
      "api": "RegQueryValueExW",
      "pid": 2288,
      "arguments": {
        "key_handle": "0x0000000000000040",
        "value": "",
        "regkey_r": "InstallRoot",
        "reg_type": 1,
        "regkey": "HKEY_LOCAL_MACHINE\\SOFTWARE\\Microsoft\\.NETFramework\\InstallRoot"
      },
      "category": "registry"
    },
    {
      "time": 1746153036.971271,
      "api": "RegQueryValueExW",
      "pid": 2288,
      "arguments": {
        "key_handle": "0x0000000000000040",
        "value": "C:\\Windows\\Microsoft.NET\\Framework64\\",
        "regkey_r": "InstallRoot",
        "reg_type": 1,
        "regkey": "HKEY_LOCAL_MACHINE\\SOFTWARE\\Microsoft\\.NETFramework\\InstallRoot"
      },
      "category": "registry"
    },
    {
      "time": 1746153036.971271,
      "api": "RegCloseKey",
      "pid": 2288,
      "arguments": {
        "key_handle": "0x0000000000000040"
      },
      "category": "registry"
    },
    {
      "time": 1746153036.971271,
      "api": "NtOpenFile",
      "pid": 2288,
      "arguments": {
        "file_handle": "0x0000000000000048",
        "filepath": "C:\\Windows\\Microsoft.NET\\Framework64\\Upgrades.2.0.50727\\",
        "desired_access": "0x00100001",
        "filepath_r": "\\??\\C:\\Windows\\Microsoft.NET\\Framework64\\Upgrades.2.0.50727\\",
        "open_options": 16417,
        "status_info": 4294967295,
        "share_access": 7
      },
      "category": "file"
    },
    {
      "time": 1746153036.971271,
      "api": "RegOpenKeyExW",
      "pid": 2288,
      "arguments": {
        "access": "0x00020019",
        "base_handle": "0xffffffff80000002",
        "key_handle": "0x0000000000000040",
        "regkey": "HKEY_LOCAL_MACHINE\\Software\\Microsoft\\.NETFramework",
        "regkey_r": "Software\\Microsoft\\.NETFramework",
        "options": 0
      },
      "category": "registry"
    },
    {
      "time": 1746153036.971271,
      "api": "RegQueryValueExW",
      "pid": 2288,
      "arguments": {
        "key_handle": "0x0000000000000040",
        "value": "",
        "regkey_r": "InstallRoot",
        "reg_type": 1,
        "regkey": "HKEY_LOCAL_MACHINE\\SOFTWARE\\Microsoft\\.NETFramework\\InstallRoot"
      },
      "category": "registry"
    },
    {
      "time": 1746153036.987271,
      "api": "RegQueryValueExW",
      "pid": 2288,
      "arguments": {
        "key_handle": "0x0000000000000040",
        "value": "C:\\Windows\\Microsoft.NET\\Framework64\\",
        "regkey_r": "InstallRoot",
        "reg_type": 1,
        "regkey": "HKEY_LOCAL_MACHINE\\SOFTWARE\\Microsoft\\.NETFramework\\InstallRoot"
      },
      "category": "registry"
    },
    {
      "time": 1746153036.987271,
      "api": "RegCloseKey",
      "pid": 2288,
      "arguments": {
        "key_handle": "0x0000000000000040"
      },
      "category": "registry"
    },
    {
      "time": 1746153036.987271,
      "api": "RegOpenKeyExW",
      "pid": 2288,
      "arguments": {
        "access": "0x00020019",
        "base_handle": "0xffffffff80000002",
        "key_handle": "0x0000000000000040",
        "regkey": "HKEY_LOCAL_MACHINE\\Software\\Microsoft\\.NETFramework",
        "regkey_r": "Software\\Microsoft\\.NETFramework",
        "options": 0
      },
      "category": "registry"
    },
    {
      "time": 1746153036.987271,
      "api": "RegQueryValueExW",
      "pid": 2288,
      "arguments": {
        "key_handle": "0x0000000000000040",
        "value": "",
        "regkey_r": "CLRLoadLogDir",
        "reg_type": 0,
        "regkey": "HKEY_LOCAL_MACHINE\\SOFTWARE\\Microsoft\\.NETFramework\\CLRLoadLogDir"
      },
      "category": "registry"
    },
    {
      "time": 1746153036.987271,
      "api": "RegCloseKey",
      "pid": 2288,
      "arguments": {
        "key_handle": "0x0000000000000040"
      },
      "category": "registry"
    },
    {
      "time": 1746153036.987271,
      "api": "RegOpenKeyExW",
      "pid": 2288,
      "arguments": {
        "access": "0x00020019",
        "base_handle": "0xffffffff80000002",
        "key_handle": "0x0000000000000040",
        "regkey": "HKEY_LOCAL_MACHINE\\Software\\Microsoft\\.NETFramework",
        "regkey_r": "Software\\Microsoft\\.NETFramework",
        "options": 0
      },
      "category": "registry"
    },
    {
      "time": 1746153036.987271,
      "api": "RegQueryValueExW",
      "pid": 2288,
      "arguments": {
        "key_handle": "0x0000000000000040",
        "value": "",
        "regkey_r": "OnlyUseLatestCLR",
        "reg_type": 0,
        "regkey": "HKEY_LOCAL_MACHINE\\SOFTWARE\\Microsoft\\.NETFramework\\OnlyUseLatestCLR"
      },
      "category": "registry"
    },
    {
      "time": 1746153036.987271,
      "api": "RegCloseKey",
      "pid": 2288,
      "arguments": {
        "key_handle": "0x0000000000000040"
      },
      "category": "registry"
    },
    {
      "time": 1746153037.003271,
      "api": "GetSystemTimeAsFileTime",
      "pid": 2288,
      "arguments": {},
      "category": "synchronisation"
    },
    {
      "time": 1746153037.003271,
      "api": "NtQuerySystemInformation",
      "pid": 2288,
      "arguments": {
        "information_class": 0
      },
      "category": "system"
    },
    {
      "time": 1746153037.003271,
      "api": "NtProtectVirtualMemory",
      "pid": 2288,
      "arguments": {
        "process_identifier": 2288,
        "stack_dep_bypass": 0,
        "stack_pivoted": 0,
        "heap_dep_bypass": 0,
        "length": 4096,
        "protection": 2,
        "process_handle": "0xffffffffffffffff",
        "base_address": "0x0000000077d33000"
      },
      "category": "process"
    },
    {
      "time": 1746153037.003271,
      "api": "GetSystemDirectoryW",
      "pid": 2288,
      "arguments": {
        "dirpath": "C:\\Windows\\system32"
      },
      "category": "file"
    },
    {
      "time": 1746153037.018271,
      "api": "LdrGetDllHandle",
      "pid": 2288,
      "arguments": {
        "module_name": "C:\\Windows\\system32\\IMM32.DLL",
        "stack_pivoted": 0,
        "module_address": "0x0000000000000000"
      },
      "category": "system"
    },
    {
      "time": 1746153037.018271,
      "api": "LdrGetDllHandle",
      "pid": 2288,
      "arguments": {
        "module_name": "C:\\Windows\\system32\\IMM32.DLL",
        "stack_pivoted": 0,
        "module_address": "0x0000000000000000"
      },
      "category": "system"
    },
    {
      "time": 1746153037.050271,
      "api": "LdrLoadDll",
      "pid": 2288,
      "arguments": {
        "basename": "IMM32",
        "module_address": "0x000007feff160000",
        "flags": 0,
        "module_name": "C:\\Windows\\system32\\IMM32.DLL",
        "stack_pivoted": 0
      },
      "category": "system"
    },
    {
      "time": 1746153037.050271,
      "api": "GetSystemDirectoryW",
      "pid": 2288,
      "arguments": {
        "dirpath": "C:\\Windows\\system32"
      },
      "category": "file"
    },
    {
      "time": 1746153037.050271,
      "api": "LdrGetDllHandle",
      "pid": 2288,
      "arguments": {
        "module_name": "C:\\Windows\\system32\\IMM32.DLL",
        "stack_pivoted": 0,
        "module_address": "0x000007feff160000"
      },
      "category": "system"
    },
    {
      "time": 1746153037.050271,
      "api": "NtOpenKey",
      "pid": 2288,
      "arguments": {
        "key_handle": "0x0000000000000000",
        "desired_access": "0x00020019",
        "regkey": "HKEY_LOCAL_MACHINE\\System\\CurrentControlSet\\Control\\Error Message Instrument\\"
      },
      "category": "registry"
    },
    {
      "time": 1746153037.050271,
      "api": "NtOpenKey",
      "pid": 2288,
      "arguments": {
        "key_handle": "0x0000000000000044",
        "desired_access": "0x00020019",
        "regkey": "HKEY_LOCAL_MACHINE\\Software\\Microsoft\\Windows NT\\CurrentVersion\\GRE_Initialize"
      },
      "category": "registry"
    },
    {
      "time": 1746153037.050271,
      "api": "NtQueryValueKey",
      "pid": 2288,
      "arguments": {
        "key_handle": "0x0000000000000044",
        "key_name": "",
        "value": "",
        "reg_type": 0,
        "information_class": 2,
        "regkey": "HKEY_LOCAL_MACHINE\\SOFTWARE\\Microsoft\\Windows NT\\CurrentVersion\\GRE_Initialize\\DisableMetaFiles"
      },
      "category": "registry"
    },
    {
      "time": 1746153037.050271,
      "api": "NtClose",
      "pid": 2288,
      "arguments": {
        "handle": "0x0000000000000044"
      },
      "category": "system"
    },
    {
      "time": 1746153037.050271,
      "api": "LdrGetDllHandle",
      "pid": 2288,
      "arguments": {
        "module_name": "LPK.DLL",
        "stack_pivoted": 0,
        "module_address": "0x000007feff900000"
      },
      "category": "system"
    },
    {
      "time": 1746153037.050271,
      "api": "LdrGetProcedureAddress",
      "pid": 2288,
      "arguments": {
        "ordinal": 0,
        "module": "LPK",
        "module_address": "0x000007feff900000",
        "function_address": "0x000007feff906ab0",
        "function_name": "LpkTabbedTextOut"
      },
      "category": "system"
    },
    {
      "time": 1746153037.050271,
      "api": "LdrGetProcedureAddress",
      "pid": 2288,
      "arguments": {
        "ordinal": 0,
        "module": "LPK",
        "module_address": "0x000007feff900000",
        "function_address": "0x000007feff905300",
        "function_name": "LpkPSMTextOut"
      },
      "category": "system"
    },
    {
      "time": 1746153037.050271,
      "api": "LdrGetProcedureAddress",
      "pid": 2288,
      "arguments": {
        "ordinal": 0,
        "module": "LPK",
        "module_address": "0x000007feff900000",
        "function_address": "0x000007feff901460",
        "function_name": "LpkDrawTextEx"
      },
      "category": "system"
    },
    {
      "time": 1746153037.050271,
      "api": "LdrGetProcedureAddress",
      "pid": 2288,
      "arguments": {
        "ordinal": 0,
        "module": "LPK",
        "module_address": "0x000007feff900000",
        "function_address": "0x000007feff90a050",
        "function_name": "LpkEditControl"
      },
      "category": "system"
    },
    {
      "time": 1746153037.050271,
      "api": "NtClose",
      "pid": 2288,
      "arguments": {
        "handle": "0x0000000000000058"
      },
      "category": "system"
    },
    {
      "time": 1746153037.050271,
      "api": "NtClose",
      "pid": 2288,
      "arguments": {
        "handle": "0x0000000000000054"
      },
      "category": "system"
    },
    {
      "time": 1746153037.050271,
      "api": "NtQueryKey",
      "pid": 2288,
      "arguments": {
        "key_handle": "0x0000000000000038",
        "buffer": "\u0000\u0000\u0000\u0000",
        "information_class": 7,
        "regkey": "HKEY_LOCAL_MACHINE"
      },
      "category": "registry"
    },
    {
      "time": 1746153037.050271,
      "api": "NtOpenKeyEx",
      "pid": 2288,
      "arguments": {
        "key_handle": "0x0000000000000054",
        "desired_access": "0x00020019",
        "regkey": "HKEY_LOCAL_MACHINE\\Software\\Microsoft\\Windows NT\\CurrentVersion\\Windows",
        "options": 0
      },
      "category": "registry"
    },
    {
      "time": 1746153037.065271,
      "api": "NtQueryValueKey",
      "pid": 2288,
      "arguments": {
        "key_handle": "0x0000000000000054",
        "key_name": "",
        "value": 0,
        "reg_type": 4,
        "information_class": 2,
        "regkey": "HKEY_LOCAL_MACHINE\\SOFTWARE\\Microsoft\\Windows NT\\CurrentVersion\\Windows\\LoadAppInit_DLLs"
      },
      "category": "registry"
    },
    {
      "time": 1746153037.065271,
      "api": "NtClose",
      "pid": 2288,
      "arguments": {
        "handle": "0x0000000000000054"
      },
      "category": "system"
    },
    {
      "time": 1746153037.065271,
      "api": "GetSystemTimeAsFileTime",
      "pid": 2288,
      "arguments": {},
      "category": "synchronisation"
    },
    {
      "time": 1746153037.065271,
      "api": "LdrLoadDll",
      "pid": 2288,
      "arguments": {
        "basename": "gdi32",
        "module_address": "0x000007feff330000",
        "flags": 0,
        "module_name": "gdi32.dll",
        "stack_pivoted": 0
      },
      "category": "system"
    },
    {
      "time": 1746153037.065271,
      "api": "LdrGetProcedureAddress",
      "pid": 2288,
      "arguments": {
        "ordinal": 0,
        "module": "GDI32",
        "module_address": "0x000007feff330000",
        "function_address": "0x000007feff335964",
        "function_name": "GetCharABCWidthsI"
      },
      "category": "system"
    },
    {
      "time": 1746153037.065271,
      "api": "GetSystemTimeAsFileTime",
      "pid": 2288,
      "arguments": {},
      "category": "synchronisation"
    },
    {
      "time": 1746153037.065271,
      "api": "GetSystemTimeAsFileTime",
      "pid": 2288,
      "arguments": {},
      "category": "synchronisation"
    },
    {
      "time": 1746153037.065271,
      "api": "GetSystemTimeAsFileTime",
      "pid": 2288,
      "arguments": {},
      "category": "synchronisation"
    },
    {
      "time": 1746153037.065271,
      "api": "LdrLoadDll",
      "pid": 2288,
      "arguments": {
        "basename": "SHLWAPI",
        "module_address": "0x000007feffcc0000",
        "flags": 0,
        "module_name": "SHLWAPI.dll",
        "stack_pivoted": 0
      },
      "category": "system"
    },
    {
      "time": 1746153037.065271,
      "api": "LdrGetProcedureAddress",
      "pid": 2288,
      "arguments": {
        "ordinal": 0,
        "module": "SHLWAPI",
        "module_address": "0x000007feffcc0000",
        "function_address": "0x000007feffcccee4",
        "function_name": "UrlIsW"
      },
      "category": "system"
    },
    {
      "time": 1746153037.065271,
      "api": "NtCreateFile",
      "pid": 2288,
      "arguments": {
        "create_disposition": 1,
        "file_handle": "0x00000000001be4c8",
        "filepath": "C:\\Users\\Administrator\\AppData\\Local\\Temp\\10feeb1b0fde32e0d3699bb8bb8558fafb03da45b7d204dd5b7200439a39cf2f.exe.config",
        "desired_access": "0x80100080",
        "file_attributes": 128,
        "filepath_r": "\\??\\C:\\Users\\Administrator\\AppData\\Local\\Temp\\10feeb1b0fde32e0d3699bb8bb8558fafb03da45b7d204dd5b7200439a39cf2f.exe.config",
        "create_options": 96,
        "status_info": 4294967295,
        "share_access": 1
      },
      "category": "file"
    },
    {
      "time": 1746153037.065271,
      "api": "NtCreateFile",
      "pid": 2288,
      "arguments": {
        "create_disposition": 1,
        "file_handle": "0x000000000000005c",
        "filepath": "C:\\Users\\Administrator\\AppData\\Local\\Temp\\10feeb1b0fde32e0d3699bb8bb8558fafb03da45b7d204dd5b7200439a39cf2f.exe",
        "desired_access": "0x80100080",
        "file_attributes": 0,
        "filepath_r": "\\??\\C:\\Users\\Administrator\\AppData\\Local\\Temp\\10feeb1b0fde32e0d3699bb8bb8558fafb03da45b7d204dd5b7200439a39cf2f.exe",
        "create_options": 100,
        "status_info": 1,
        "share_access": 1
      },
      "category": "file"
    },
    {
      "time": 1746153037.065271,
      "api": "GetFileSize",
      "pid": 2288,
      "arguments": {
        "file_size_low": 30704,
        "file_handle": "0x000000000000005c"
      },
      "category": "file"
    },
    {
      "time": 1746153037.065271,
      "api": "NtCreateSection",
      "pid": 2288,
      "arguments": {
        "section_handle": "0x0000000000000060",
        "object_handle": "0x0000000000000000",
        "desired_access": "0x000f0005",
        "protection": 2,
        "section_name": "",
        "file_handle": "0x000000000000005c"
      },
      "category": "process"
    },
    {
      "time": 1746153037.065271,
      "api": "NtMapViewOfSection",
      "pid": 2288,
      "arguments": {
        "section_handle": "0x0000000000000060",
        "process_identifier": 2288,
        "commit_size": 0,
        "win32_protect": 2,
        "buffer": "",
        "process_handle": "0xffffffffffffffff",
        "allocation_type": 0,
        "section_offset": 0,
        "view_size": 32768,
        "base_address": "0x0000000000960000"
      },
      "category": "process"
    },
    {
      "time": 1746153037.081271,
      "api": "GetSystemInfo",
      "pid": 2288,
      "arguments": {
        "processor_count": 2
      },
      "category": "system"
    },
    {
      "time": 1746153037.081271,
      "api": "NtClose",
      "pid": 2288,
      "arguments": {
        "handle": "0x000000000000005c"
      },
      "category": "system"
    },
    {
      "time": 1746153037.081271,
      "api": "NtUnmapViewOfSection",
      "pid": 2288,
      "arguments": {
        "process_identifier": 2288,
        "region_size": 32768,
        "process_handle": "0xffffffffffffffff",
        "base_address": "0x0000000000960000"
      },
      "category": "process"
    },
    {
      "time": 1746153037.081271,
      "api": "NtClose",
      "pid": 2288,
      "arguments": {
        "handle": "0x0000000000000060"
      },
      "category": "system"
    },
    {
      "time": 1746153037.081271,
      "api": "NtCreateFile",
      "pid": 2288,
      "arguments": {
        "create_disposition": 1,
        "file_handle": "0x0000000000000060",
        "filepath": "C:\\Users\\Administrator\\AppData\\Local\\Temp\\10feeb1b0fde32e0d3699bb8bb8558fafb03da45b7d204dd5b7200439a39cf2f.exe",
        "desired_access": "0x80100080",
        "file_attributes": 0,
        "filepath_r": "\\??\\C:\\Users\\Administrator\\AppData\\Local\\Temp\\10feeb1b0fde32e0d3699bb8bb8558fafb03da45b7d204dd5b7200439a39cf2f.exe",
        "create_options": 100,
        "status_info": 1,
        "share_access": 1
      },
      "category": "file"
    },
    {
      "time": 1746153037.081271,
      "api": "GetFileSize",
      "pid": 2288,
      "arguments": {
        "file_size_low": 30704,
        "file_handle": "0x0000000000000060"
      },
      "category": "file"
    },
    {
      "time": 1746153037.081271,
      "api": "NtCreateSection",
      "pid": 2288,
      "arguments": {
        "section_handle": "0x000000000000005c",
        "object_handle": "0x0000000000000000",
        "desired_access": "0x000f0005",
        "protection": 2,
        "section_name": "",
        "file_handle": "0x0000000000000060"
      },
      "category": "process"
    },
    {
      "time": 1746153037.081271,
      "api": "NtMapViewOfSection",
      "pid": 2288,
      "arguments": {
        "section_handle": "0x000000000000005c",
        "process_identifier": 2288,
        "commit_size": 0,
        "win32_protect": 2,
        "buffer": "",
        "process_handle": "0xffffffffffffffff",
        "allocation_type": 0,
        "section_offset": 0,
        "view_size": 32768,
        "base_address": "0x0000000000960000"
      },
      "category": "process"
    },
    {
      "time": 1746153037.081271,
      "api": "GetSystemInfo",
      "pid": 2288,
      "arguments": {
        "processor_count": 2
      },
      "category": "system"
    },
    {
      "time": 1746153037.081271,
      "api": "NtClose",
      "pid": 2288,
      "arguments": {
        "handle": "0x0000000000000060"
      },
      "category": "system"
    },
    {
      "time": 1746153037.081271,
      "api": "NtUnmapViewOfSection",
      "pid": 2288,
      "arguments": {
        "process_identifier": 2288,
        "region_size": 32768,
        "process_handle": "0xffffffffffffffff",
        "base_address": "0x0000000000960000"
      },
      "category": "process"
    },
    {
      "time": 1746153037.081271,
      "api": "NtClose",
      "pid": 2288,
      "arguments": {
        "handle": "0x000000000000005c"
      },
      "category": "system"
    },
    {
      "time": 1746153037.081271,
      "api": "RegOpenKeyExW",
      "pid": 2288,
      "arguments": {
        "access": "0x00020019",
        "base_handle": "0xffffffff80000001",
        "key_handle": "0x0000000000000000",
        "regkey": "HKEY_CURRENT_USER\\Software\\Microsoft\\.NETFramework\\Policy\\Standards",
        "regkey_r": "Software\\Microsoft\\.NETFramework\\Policy\\Standards",
        "options": 0
      },
      "category": "registry"
    },
    {
      "time": 1746153037.081271,
      "api": "RegOpenKeyExW",
      "pid": 2288,
      "arguments": {
        "access": "0x00020019",
        "base_handle": "0xffffffff80000002",
        "key_handle": "0x0000000000000060",
        "regkey": "HKEY_LOCAL_MACHINE\\Software\\Microsoft\\.NETFramework\\Policy\\Standards",
        "regkey_r": "Software\\Microsoft\\.NETFramework\\Policy\\Standards",
        "options": 0
      },
      "category": "registry"
    },
    {
      "time": 1746153037.081271,
      "api": "RegOpenKeyExW",
      "pid": 2288,
      "arguments": {
        "access": "0x00020019",
        "base_handle": "0x0000000000000060",
        "key_handle": "0x0000000000000000",
        "regkey": "HKEY_LOCAL_MACHINE\\SOFTWARE\\Microsoft\\.NETFramework\\Policy\\standards\\v4.0.30319",
        "regkey_r": "v4.0.30319",
        "options": 0
      },
      "category": "registry"
    },
    {
      "time": 1746153037.081271,
      "api": "RegCloseKey",
      "pid": 2288,
      "arguments": {
        "key_handle": "0x0000000000000060"
      },
      "category": "registry"
    },
    {
      "time": 1746153037.081271,
      "api": "RegOpenKeyExW",
      "pid": 2288,
      "arguments": {
        "access": "0x00020019",
        "base_handle": "0xffffffff80000002",
        "key_handle": "0x0000000000000060",
        "regkey": "HKEY_LOCAL_MACHINE\\Software\\Microsoft\\.NETFramework",
        "regkey_r": "Software\\Microsoft\\.NETFramework",
        "options": 0
      },
      "category": "registry"
    },
    {
      "time": 1746153037.081271,
      "api": "RegQueryValueExW",
      "pid": 2288,
      "arguments": {
        "key_handle": "0x0000000000000060",
        "value": "",
        "regkey_r": "InstallRoot",
        "reg_type": 1,
        "regkey": "HKEY_LOCAL_MACHINE\\SOFTWARE\\Microsoft\\.NETFramework\\InstallRoot"
      },
      "category": "registry"
    },
    {
      "time": 1746153037.081271,
      "api": "RegQueryValueExW",
      "pid": 2288,
      "arguments": {
        "key_handle": "0x0000000000000060",
        "value": "C:\\Windows\\Microsoft.NET\\Framework64\\",
        "regkey_r": "InstallRoot",
        "reg_type": 1,
        "regkey": "HKEY_LOCAL_MACHINE\\SOFTWARE\\Microsoft\\.NETFramework\\InstallRoot"
      },
      "category": "registry"
    },
    {
      "time": 1746153037.081271,
      "api": "RegCloseKey",
      "pid": 2288,
      "arguments": {
        "key_handle": "0x0000000000000060"
      },
      "category": "registry"
    },
    {
      "time": 1746153037.081271,
      "api": "NtOpenFile",
      "pid": 2288,
      "arguments": {
        "file_handle": "0xffffffffffffffff",
        "filepath": "C:\\Windows\\Microsoft.NET\\Framework64\\v4.0.30319\\",
        "desired_access": "0x00100001",
        "filepath_r": "\\??\\C:\\Windows\\Microsoft.NET\\Framework64\\v4.0.30319\\",
        "open_options": 16417,
        "status_info": 4294967295,
        "share_access": 7
      },
      "category": "file"
    },
    {
      "time": 1746153037.081271,
      "api": "RegOpenKeyExW",
      "pid": 2288,
      "arguments": {
        "access": "0x00020019",
        "base_handle": "0xffffffff80000001",
        "key_handle": "0x0000000000000000",
        "regkey": "HKEY_CURRENT_USER\\Software\\Microsoft\\.NETFramework\\Policy\\Upgrades",
        "regkey_r": "Software\\Microsoft\\.NETFramework\\Policy\\Upgrades",
        "options": 0
      },
      "category": "registry"
    },
    {
      "time": 1746153037.081271,
      "api": "RegOpenKeyExW",
      "pid": 2288,
      "arguments": {
        "access": "0x00020019",
        "base_handle": "0xffffffff80000002",
        "key_handle": "0x0000000000000060",
        "regkey": "HKEY_LOCAL_MACHINE\\Software\\Microsoft\\.NETFramework\\Policy\\Upgrades",
        "regkey_r": "Software\\Microsoft\\.NETFramework\\Policy\\Upgrades",
        "options": 0
      },
      "category": "registry"
    },
    {
      "time": 1746153037.081271,
      "api": "RegQueryInfoKeyW",
      "pid": 2288,
      "arguments": {
        "key_handle": "0x0000000000000060",
        "value_max_length": 32,
        "class_max_length": 0,
        "value_name_max_length": 9,
        "regkey": "HKEY_LOCAL_MACHINE\\SOFTWARE\\Microsoft\\.NETFramework\\Policy\\Upgrades",
        "value_count": 1,
        "subkey_max_length": 0,
        "class": "",
        "subkey_count": 0
      },
      "category": "registry"
    },
    {
      "time": 1746153037.081271,
      "api": "RegEnumValueW",
      "pid": 2288,
      "arguments": {
        "index": 0,
        "key_handle": "0x0000000000000060",
        "value": "1.0.0-2.0.50727",
        "regkey_r": "2.0.50727",
        "reg_type": 1,
        "regkey": "HKEY_LOCAL_MACHINE\\SOFTWARE\\Microsoft\\.NETFramework\\Policy\\Upgrades\\\ue5e4\u001b"
      },
      "category": "registry"
    },
    {
      "time": 1746153037.096271,
      "api": "RegCloseKey",
      "pid": 2288,
      "arguments": {
        "key_handle": "0x0000000000000060"
      },
      "category": "registry"
    },
    {
      "time": 1746153037.096271,
      "api": "RegOpenKeyExW",
      "pid": 2288,
      "arguments": {
        "access": "0x00020019",
        "base_handle": "0xffffffff80000002",
        "key_handle": "0x0000000000000060",
        "regkey": "HKEY_LOCAL_MACHINE\\Software\\Microsoft\\.NETFramework",
        "regkey_r": "Software\\Microsoft\\.NETFramework",
        "options": 0
      },
      "category": "registry"
    },
    {
      "time": 1746153037.096271,
      "api": "RegQueryValueExW",
      "pid": 2288,
      "arguments": {
        "key_handle": "0x0000000000000060",
        "value": "",
        "regkey_r": "InstallRoot",
        "reg_type": 1,
        "regkey": "HKEY_LOCAL_MACHINE\\SOFTWARE\\Microsoft\\.NETFramework\\InstallRoot"
      },
      "category": "registry"
    },
    {
      "time": 1746153037.096271,
      "api": "RegQueryValueExW",
      "pid": 2288,
      "arguments": {
        "key_handle": "0x0000000000000060",
        "value": "C:\\Windows\\Microsoft.NET\\Framework64\\",
        "regkey_r": "InstallRoot",
        "reg_type": 1,
        "regkey": "HKEY_LOCAL_MACHINE\\SOFTWARE\\Microsoft\\.NETFramework\\InstallRoot"
      },
      "category": "registry"
    },
    {
      "time": 1746153037.096271,
      "api": "RegCloseKey",
      "pid": 2288,
      "arguments": {
        "key_handle": "0x0000000000000060"
      },
      "category": "registry"
    },
    {
      "time": 1746153037.096271,
      "api": "NtOpenFile",
      "pid": 2288,
      "arguments": {
        "file_handle": "0x0000000000000000",
        "filepath": "C:\\Windows\\Microsoft.NET\\Framework64\\v4.0.30319\\",
        "desired_access": "0x00100001",
        "filepath_r": "\\??\\C:\\Windows\\Microsoft.NET\\Framework64\\v4.0.30319\\",
        "open_options": 16417,
        "status_info": 4294967295,
        "share_access": 7
      },
      "category": "file"
    },
    {
      "time": 1746153037.096271,
      "api": "RegOpenKeyExW",
      "pid": 2288,
      "arguments": {
        "access": "0x00020019",
        "base_handle": "0xffffffff80000001",
        "key_handle": "0x0000000000000000",
        "regkey": "HKEY_CURRENT_USER\\Software\\Microsoft\\.NETFramework",
        "regkey_r": "Software\\Microsoft\\.NETFramework",
        "options": 0
      },
      "category": "registry"
    },
    {
      "time": 1746153037.096271,
      "api": "RegOpenKeyExW",
      "pid": 2288,
      "arguments": {
        "access": "0x00020019",
        "base_handle": "0xffffffff80000002",
        "key_handle": "0x0000000000000060",
        "regkey": "HKEY_LOCAL_MACHINE\\Software\\Microsoft\\.NETFramework",
        "regkey_r": "Software\\Microsoft\\.NETFramework",
        "options": 0
      },
      "category": "registry"
    },
    {
      "time": 1746153037.096271,
      "api": "RegQueryValueExW",
      "pid": 2288,
      "arguments": {
        "key_handle": "0x0000000000000060",
        "value": "",
        "regkey_r": "NoGuiFromShim",
        "reg_type": 0,
        "regkey": "HKEY_LOCAL_MACHINE\\SOFTWARE\\Microsoft\\.NETFramework\\NoGuiFromShim"
      },
      "category": "registry"
    },
    {
      "time": 1746153037.096271,
      "api": "RegCloseKey",
      "pid": 2288,
      "arguments": {
        "key_handle": "0x0000000000000060"
      },
      "category": "registry"
    },
    {
      "time": 1746153037.096271,
      "api": "SetErrorMode",
      "pid": 2288,
      "arguments": {
        "mode": 0
      },
      "category": "system"
    },
    {
      "time": 1746153037.096271,
      "api": "SetErrorMode",
      "pid": 2288,
      "arguments": {
        "mode": 32775
      },
      "category": "system"
    },
    {
      "time": 1746153037.096271,
      "api": "NtTerminateProcess",
      "pid": 2288,
      "arguments": {
        "status_code": "0x80131700",
        "process_identifier": 0,
        "process_handle": "0x0000000000000000"
      },
      "category": "process"
    },
    {
      "time": 1746153037.096271,
      "api": "NtTerminateProcess",
      "pid": 2288,
      "arguments": {
        "status_code": "0x80131700",
        "process_identifier": 0,
        "process_handle": "0x0000000000000000"
      },
      "category": "process"
    },
    {
      "time": 1746153037.096271,
      "api": "NtClose",
      "pid": 2288,
      "arguments": {
        "handle": "0x0000000000000040"
      },
      "category": "system"
    },
    {
      "time": 1746153037.096271,
      "api": "NtClose",
      "pid": 2288,
      "arguments": {
        "handle": "0x0000000000000058"
      },
      "category": "system"
    },
    {
      "time": 1746153037.096271,
      "api": "NtClose",
      "pid": 2288,
      "arguments": {
        "handle": "0x0000000000000054"
      },
      "category": "system"
    },
    {
      "time": 1746153037.096271,
      "api": "LdrUnloadDll",
      "pid": 2288,
      "arguments": {
        "library": "IMM32",
        "module_address": "0x000007feff160000"
      },
      "category": "system"
    },
    {
      "time": 1746153037.096271,
      "api": "NtOpenKey",
      "pid": 2288,
      "arguments": {
        "key_handle": "0x0000000000000054",
        "desired_access": "0x00020019",
        "regkey": "HKEY_LOCAL_MACHINE\\Software\\Microsoft\\Windows NT\\CurrentVersion\\GRE_Initialize"
      },
      "category": "registry"
    },
    {
      "time": 1746153037.096271,
      "api": "NtQueryValueKey",
      "pid": 2288,
      "arguments": {
        "key_handle": "0x0000000000000054",
        "key_name": "",
        "value": "",
        "reg_type": 0,
        "information_class": 2,
        "regkey": "HKEY_LOCAL_MACHINE\\SOFTWARE\\Microsoft\\Windows NT\\CurrentVersion\\GRE_Initialize\\DisableMetaFiles"
      },
      "category": "registry"
    },
    {
      "time": 1746153037.096271,
      "api": "NtClose",
      "pid": 2288,
      "arguments": {
        "handle": "0x0000000000000054"
      },
      "category": "system"
    },
    {
      "time": 1746153037.096271,
      "api": "NtClose",
      "pid": 2288,
      "arguments": {
        "handle": "0x0000000000000034"
      },
      "category": "system"
    },
    {
      "time": 1746153037.096271,
      "api": "NtClose",
      "pid": 2288,
      "arguments": {
        "handle": "0x0000000000000020"
      },
      "category": "system"
    },
    {
      "time": 1746153037.096271,
      "api": "NtFreeVirtualMemory",
      "pid": 2288,
      "arguments": {
        "free_type": 32768,
        "process_identifier": 2288,
        "process_handle": "0xffffffffffffffff",
        "base_address": "0x0000000000560000",
        "size": 524288
      },
      "category": "process"
    },
    {
      "time": 1746153037.096271,
      "api": "NtTerminateProcess",
      "pid": 2288,
      "arguments": {
        "status_code": "0x80131700",
        "process_identifier": 2288,
        "process_handle": "0xffffffffffffffff"
      },
      "category": "process"
    }
  ],
  "network": {
    "http": [
      {
        "count": 1,
        "body": "",
        "uri": "http://www.msftncsi.com/ncsi.txt",
        "user-agent": "Microsoft NCSI",
        "method": "GET",
        "host": "www.msftncsi.com",
        "version": "1.1",
        "path": "/ncsi.txt",
        "data": "GET /ncsi.txt HTTP/1.1\r\nConnection: Close\r\nUser-Agent: Microsoft NCSI\r\nHost: www.msftncsi.com\r\n\r\n",
        "port": 80
      }
    ],
    "tcp": [
      {
        "src": "192.168.56.101",
        "dst": "113.171.230.17",
        "offset": 1294,
        "time": 2.8149211406707764,
        "dport": 80,
        "sport": 49161
      }
    ],
    "udp": [
      {
        "src": "192.168.56.101",
        "dst": "192.168.56.255",
        "offset": 1990,
        "time": 3.0792040824890137,
        "dport": 137,
        "sport": 137
      },
      {
        "src": "192.168.56.101",
        "dst": "224.0.0.252",
        "offset": 3522,
        "time": 1.6577200889587402,
        "dport": 5355,
        "sport": 50233
      },
      {
        "src": "192.168.56.101",
        "dst": "224.0.0.252",
        "offset": 3850,
        "time": 1.1310651302337646,
        "dport": 5355,
        "sport": 53526
      },
      {
        "src": "192.168.56.101",
        "dst": "224.0.0.252",
        "offset": 4170,
        "time": 2.4294040203094482,
        "dport": 5355,
        "sport": 54506
      },
      {
        "src": "192.168.56.101",
        "dst": "224.0.0.252",
        "offset": 4490,
        "time": 0.054811954498291016,
        "dport": 5355,
        "sport": 54795
      },
      {
        "src": "192.168.56.101",
        "dst": "224.0.0.252",
        "offset": 4818,
        "time": 3.0114970207214355,
        "dport": 5355,
        "sport": 58709
      },
      {
        "src": "192.168.56.101",
        "dst": "224.0.0.252",
        "offset": 5138,
        "time": 3.0108840465545654,
        "dport": 5355,
        "sport": 65068
      },
      {
        "src": "192.168.56.101",
        "dst": "8.8.8.8",
        "offset": 5466,
        "time": 2.057512044906616,
        "dport": 53,
        "sport": 51755
      },
      {
        "src": "192.168.56.101",
        "dst": "8.8.8.8",
        "offset": 5666,
        "time": 2.086488962173462,
        "dport": 53,
        "sport": 52790
      },
      {
        "src": "192.168.56.101",
        "dst": "8.8.8.8",
        "offset": 5878,
        "time": 2.7516729831695557,
        "dport": 53,
        "sport": 58224
      },
      {
        "src": "192.168.56.101",
        "dst": "8.8.8.8",
        "offset": 6152,
        "time": 3.010612964630127,
        "dport": 53,
        "sport": 64762
      }
    ],
    "dns": [
      {
        "type": "A",
        "request": "www.msftncsi.com",
        "answers": [
          {
            "data": "113.171.230.17",
            "type": "A"
          },
          {
            "data": "www.msftncsi.com.edgesuite.net",
            "type": "CNAME"
          },
          {
            "data": "a1961.g2.akamai.net",
            "type": "CNAME"
          }
        ]
      },
      {
        "type": "AAAA",
        "request": "dns.msftncsi.com",
        "answers": [
          {
            "data": "fd3e:4f5a:5b81::1",
            "type": "AAAA"
          }
        ]
      },
      {
        "type": "A",
        "request": "dns.msftncsi.com",
        "answers": [
          {
            "data": "131.107.255.255",
            "type": "A"
          }
        ]
      },
      {
        "type": "A",
        "request": "teredo.ipv6.microsoft.com",
        "answers": []
      }
    ],
    "hosts": [
      "113.171.230.17",
      "8.8.8.8"
    ],
    "icmp": [],
    "smtp": []
  },
  "static_imports": [
    "_CorExeMain"
  ],
  "signatures_ttp": {},
  "signatures_full": [
    {
      "name": "has_pdb",
      "description": "This executable has a PDB path",
      "severity": 1,
      "ttp": {},
      "markcount": 1,
      "marks": [
        {
          "category": "pdb_path",
          "ioc": "f:\\binaries\\Intermediate\\ConcurrencyVisualizer\\razzle.analysisservice.csproj_1433776461\\objr\\x86\\CVAnalysisService.pdb",
          "type": "ioc",
          "description": null
        }
      ]
    }
  ],
  "processes": [
    {
      "name": "lsass.exe",
      "path": "C:\\Windows\\System32\\lsass.exe",
      "pid": 484,
      "cmdline": "C:\\Windows\\system32\\lsass.exe",
      "modules": [
        "lsass.exe",
        "ntdll.dll",
        "kernel32.dll",
        "KERNELBASE.dll",
        "msvcrt.dll",
        "RPCRT4.dll",
        "SspiSrv.dll",
        "lsasrv.dll",
        "sechost.dll",
        "SspiCli.dll",
        "ADVAPI32.dll",
        "USER32.dll",
        "GDI32.dll",
        "LPK.dll",
        "USP10.dll",
        "SAMSRV.dll",
        "cryptdll.dll",
        "MSASN1.dll",
        "wevtapi.dll",
        "IMM32.DLL",
        "MSCTF.dll",
        "cngaudit.dll",
        "AUTHZ.dll",
        "ncrypt.dll",
        "bcrypt.dll",
        "msprivs.DLL",
        "netjoin.dll",
        "negoexts.DLL",
        "Secur32.dll",
        "cryptbase.dll",
        "kerberos.DLL",
        "CRYPTSP.dll",
        "WS2_32.dll",
        "NSI.dll",
        "mswsock.dll",
        "wship6.dll",
        "msv1_0.DLL",
        "netlogon.DLL",
        "DNSAPI.dll",
        "logoncli.dll",
        "schannel.DLL",
        "CRYPT32.dll",
        "wdigest.DLL",
        "rsaenh.dll",
        "tspkg.DLL",
        "pku2u.DLL",
        "bcryptprimitives.dll",
        "RpcRtRemote.dll",
        "efslsaext.dll",
        "WINSTA.dll",
        "scecli.DLL",
        "credssp.dll",
        "IPHLPAPI.DLL",
        "WINNSI.DLL",
        "netutils.dll",
        "USERENV.dll",
        "profapi.dll",
        "wshtcpip.dll",
        "monitor-x64.dll"
      ]
    },
    {
      "name": "10feeb1b0fde32e0d3699bb8bb8558fafb03da45b7d204dd5b7200439a39cf2f.exe",
      "path": "C:\\Users\\Administrator\\AppData\\Local\\Temp\\10feeb1b0fde32e0d3699bb8bb8558fafb03da45b7d204dd5b7200439a39cf2f.exe",
      "pid": 2288,
      "cmdline": "\"C:\\Users\\Administrator\\AppData\\Local\\Temp\\10feeb1b0fde32e0d3699bb8bb8558fafb03da45b7d204dd5b7200439a39cf2f.exe\" ",
      "modules": [
        "10feeb1b0fde32e0d3699bb8bb8558fafb03da45b7d204dd5b7200439a39cf2f.exe",
        "ntdll.dll",
        "MSCOREE.DLL",
        "KERNEL32.dll",
        "KERNELBASE.dll",
        "monitor-x64.dll",
        "msvcrt.dll"
      ]
    }
  ]
}