{
  "behavior_summary": {
    "file_created": [],
    "file_deleted": [],
    "file_read": [],
    "file_recreated": [],
    "file_exists": [],
    "file_opened": [],
    "regkey_opened": [],
    "regkey_read": [],
    "regkey_written": [],
    "dll_loaded": [],
    "executed_commands": [],
    "directory_created": [],
    "mutex": [],
    "processes_created": [],
    "resolves_host": []
  },
  "dropped_files": [],
  "api_statistics": {},
  "api_call_sequence": [],
  "network": {
    "http": [],
    "tcp": [],
    "udp": [
      {
        "src": "192.168.56.101",
        "dst": "224.0.0.252",
        "offset": 1058,
        "time": 4.048533916473389,
        "dport": 5355,
        "sport": 50233
      },
      {
        "src": "192.168.56.101",
        "dst": "224.0.0.252",
        "offset": 1378,
        "time": 4.552217960357666,
        "dport": 5355,
        "sport": 52790
      },
      {
        "src": "192.168.56.101",
        "dst": "224.0.0.252",
        "offset": 1542,
        "time": 3.0383288860321045,
        "dport": 5355,
        "sport": 53526
      }
    ],
    "dns": [],
    "hosts": [],
    "icmp": [],
    "smtp": []
  },
  "static_imports": [
    "EventRegister",
    "EventUnregister",
    "RegCloseKey",
    "RegQueryInfoKeyW",
    "RegEnumKeyExW",
    "RegOpenKeyExW",
    "RegSetValueExW",
    "RegCreateKeyExW",
    "RegDeleteValueW",
    "EventWrite",
    "RegDeleteTreeW",
    "RegQueryValueExW",
    "AllocateAndInitializeSid",
    "CreateWellKnownSid",
    "GetLastError",
    "DeleteCriticalSection",
    "EnterCriticalSection",
    "LeaveCriticalSection",
    "RtlCaptureStackBackTrace",
    "VerSetConditionMask",
    "DeleteTimerQueueEx",
    "CreateTimerQueue",
    "CloseHandle",
    "SetLastError",
    "GetProcAddress",
    "LocalFree",
    "LocalAlloc",
    "FreeLibrary",
    "LoadLibraryExW",
    "GetModuleHandleW",
    "lstrcmpiW",
    "LoadLibraryW",
    "ExpandEnvironmentStringsW",
    "Sleep",
    "GetCommandLineW",
    "CreateEventW",
    "RaiseException",
    "CreateThread",
    "MultiByteToWideChar",
    "SizeofResource",
    "LoadResource",
    "SetEvent",
    "GetCurrentThreadId",
    "FindResourceExW",
    "GetModuleFileNameW",
    "InitializeCriticalSection",
    "WaitForSingleObject",
    "DispatchMessageW",
    "UnregisterClassA",
    "CharNextW",
    "PostThreadMessageW",
    "TranslateMessage",
    "GetMessageW",
    "CharUpperW",
    "free",
    "memcpy_s",
    "_onexit",
    "__dllonexit",
    "_unlock",
    "_lock",
    "realloc",
    "_errno",
    "??1type_info@@UEAA@XZ",
    "?terminate@@YAXXZ",
    "_commode",
    "malloc",
    "_wcmdln",
    "__C_specific_handler",
    "_initterm",
    "__setusermatherr",
    "_cexit",
    "_exit",
    "exit",
    "__set_app_type",
    "__wgetmainargs",
    "_amsg_exit",
    "_XcptFilter",
    "_CxxThrowException",
    "_callnewh",
    "?what@exception@@UEBAPEBDXZ",
    "??1exception@@UEAA@XZ",
    "??0exception@@QEAA@AEBV0@@Z",
    "??0exception@@QEAA@AEBQEBDH@Z",
    "_vsnprintf",
    "_purecall",
    "wcscpy_s",
    "wcsncpy_s",
    "_fmode",
    "wcscat_s",
    "memset",
    "__CxxFrameHandler3",
    "RtlFreeSid",
    "RtlVerifyVersionInfo",
    "RtlAcquireResourceExclusive",
    "RtlReleaseResource",
    "RtlAcquireResourceShared",
    "RtlAllocateAndInitializeSid",
    "RtlInsertElementGenericTable",
    "RtlInitializeGenericTable",
    "RtlEnumerateGenericTable",
    "RtlLookupElementGenericTable",
    "RtlDeleteResource",
    "RtlDeleteElementGenericTable",
    "RtlVirtualUnwind",
    "RtlLookupFunctionEntry",
    "RtlNumberGenericTableElements",
    "RtlInitializeResource",
    "RtlCaptureContext",
    "RtlNtStatusToDosError",
    "UnRegisterTypeLib",
    "LoadTypeLib",
    "RegisterTypeLib",
    "VarUI4FromStr",
    "SysStringLen",
    "SysAllocString",
    "SysFreeString",
    "CoRevokeClassObject",
    "CoRegisterClassObject",
    "CoSuspendClassObjects",
    "CoCreateInstance",
    "StringFromGUID2",
    "CoResumeClassObjects",
    "CoTaskMemFree",
    "CoUninitialize",
    "CoTaskMemRealloc",
    "CoInitializeEx",
    "CoTaskMemAlloc",
    "GetSystemTimeAsFileTime",
    "GetTickCount",
    "GetCurrentProcessId",
    "GetStartupInfoW",
    "GetCurrentProcess",
    "TerminateProcess",
    "SetUnhandledExceptionFilter",
    "UnhandledExceptionFilter",
    "QueryPerformanceCounter",
    "OutputDebugStringA",
    "DeleteUserRegistryKeyFromAllUserStore"
  ],
  "signatures_ttp": {
    "T1045": "Software Packing"
  },
  "signatures_full": [
    {
      "name": "has_pdb",
      "description": "This executable has a PDB path",
      "severity": 1,
      "ttp": {},
      "markcount": 1,
      "marks": [
        {
          "category": "pdb_path",
          "ioc": "RDSPnf.pdb",
          "type": "ioc",
          "description": null
        }
      ]
    },
    {
      "name": "pe_unknown_resource_name",
      "description": "The file contains an unknown PE resource name possibly indicative of a packer",
      "severity": 1,
      "ttp": {
        "T1045": {
          "short": "Software Packing",
          "long": "Software packing is a method of compressing or encrypting an executable. Packing an executable changes the file signature in an attempt to avoid signature-based detection. Most decompression techniques decompress the executable code in memory."
        }
      },
      "markcount": 3,
      "marks": [
        {
          "category": "resource name",
          "ioc": "MUI",
          "type": "ioc",
          "description": null
        },
        {
          "category": "resource name",
          "ioc": "REGISTRY",
          "type": "ioc",
          "description": null
        },
        {
          "category": "resource name",
          "ioc": "TYPELIB",
          "type": "ioc",
          "description": null
        }
      ]
    }
  ],
  "processes": [
    {
      "name": "lsass.exe",
      "path": "C:\\Windows\\System32\\lsass.exe",
      "pid": 484,
      "cmdline": "C:\\Windows\\system32\\lsass.exe",
      "modules": [
        "lsass.exe",
        "ntdll.dll",
        "kernel32.dll",
        "KERNELBASE.dll",
        "msvcrt.dll",
        "RPCRT4.dll",
        "SspiSrv.dll",
        "lsasrv.dll",
        "sechost.dll",
        "SspiCli.dll",
        "ADVAPI32.dll",
        "USER32.dll",
        "GDI32.dll",
        "LPK.dll",
        "USP10.dll",
        "SAMSRV.dll",
        "cryptdll.dll",
        "MSASN1.dll",
        "wevtapi.dll",
        "IMM32.DLL",
        "MSCTF.dll",
        "cngaudit.dll",
        "AUTHZ.dll",
        "ncrypt.dll",
        "bcrypt.dll",
        "msprivs.DLL",
        "netjoin.dll",
        "negoexts.DLL",
        "Secur32.dll",
        "cryptbase.dll",
        "kerberos.DLL",
        "CRYPTSP.dll",
        "WS2_32.dll",
        "NSI.dll",
        "mswsock.dll",
        "wship6.dll",
        "msv1_0.DLL",
        "netlogon.DLL",
        "DNSAPI.dll",
        "logoncli.dll",
        "schannel.DLL",
        "CRYPT32.dll",
        "wdigest.DLL",
        "rsaenh.dll",
        "tspkg.DLL",
        "pku2u.DLL",
        "bcryptprimitives.dll",
        "RpcRtRemote.dll",
        "efslsaext.dll",
        "WINSTA.dll",
        "scecli.DLL",
        "credssp.dll",
        "IPHLPAPI.DLL",
        "WINNSI.DLL",
        "netutils.dll",
        "USERENV.dll",
        "profapi.dll",
        "wshtcpip.dll",
        "monitor-x64.dll"
      ]
    }
  ]
}