{
  "behavior_summary": {
    "file_created": [],
    "file_deleted": [],
    "file_read": [],
    "file_recreated": [],
    "file_exists": [],
    "file_opened": [],
    "regkey_opened": [],
    "regkey_read": [],
    "regkey_written": [],
    "dll_loaded": [],
    "executed_commands": [],
    "directory_created": [],
    "mutex": [],
    "processes_created": [],
    "resolves_host": []
  },
  "dropped_files": [],
  "api_statistics": {},
  "api_call_sequence": [],
  "network": {
    "http": [
      {
        "count": 1,
        "body": "",
        "uri": "http://www.msftncsi.com/ncsi.txt",
        "user-agent": "Microsoft NCSI",
        "method": "GET",
        "host": "www.msftncsi.com",
        "version": "1.1",
        "path": "/ncsi.txt",
        "data": "GET /ncsi.txt HTTP/1.1\r\nConnection: Close\r\nUser-Agent: Microsoft NCSI\r\nHost: www.msftncsi.com\r\n\r\n",
        "port": 80
      }
    ],
    "tcp": [
      {
        "src": "192.168.56.101",
        "dst": "113.171.230.17",
        "offset": 2154,
        "time": 15.833425998687744,
        "dport": 80,
        "sport": 49160
      }
    ],
    "udp": [
      {
        "src": "192.168.56.101",
        "dst": "192.168.56.255",
        "offset": 2920,
        "time": 13.079349040985107,
        "dport": 137,
        "sport": 137
      },
      {
        "src": "192.168.56.101",
        "dst": "224.0.0.252",
        "offset": 7544,
        "time": 11.59629201889038,
        "dport": 5355,
        "sport": 50233
      },
      {
        "src": "192.168.56.101",
        "dst": "224.0.0.252",
        "offset": 7872,
        "time": 12.439367055892944,
        "dport": 5355,
        "sport": 52790
      },
      {
        "src": "192.168.56.101",
        "dst": "224.0.0.252",
        "offset": 8192,
        "time": 11.01840615272522,
        "dport": 5355,
        "sport": 53526
      },
      {
        "src": "192.168.56.101",
        "dst": "224.0.0.252",
        "offset": 8512,
        "time": 10.055054187774658,
        "dport": 5355,
        "sport": 54795
      },
      {
        "src": "192.168.56.101",
        "dst": "224.0.0.252",
        "offset": 8840,
        "time": 13.035109996795654,
        "dport": 5355,
        "sport": 62139
      },
      {
        "src": "192.168.56.101",
        "dst": "224.0.0.252",
        "offset": 9160,
        "time": 13.03584599494934,
        "dport": 5355,
        "sport": 64762
      },
      {
        "src": "192.168.56.101",
        "dst": "8.8.8.8",
        "offset": 9488,
        "time": 13.034590005874634,
        "dport": 53,
        "sport": 54506
      },
      {
        "src": "192.168.56.101",
        "dst": "8.8.8.8",
        "offset": 9763,
        "time": 12.769251108169556,
        "dport": 53,
        "sport": 55116
      }
    ],
    "dns": [
      {
        "type": "A",
        "request": "www.msftncsi.com",
        "answers": [
          {
            "data": "113.171.230.17",
            "type": "A"
          },
          {
            "data": "www.msftncsi.com.edgesuite.net",
            "type": "CNAME"
          },
          {
            "data": "a1961.g2.akamai.net",
            "type": "CNAME"
          }
        ]
      },
      {
        "type": "A",
        "request": "teredo.ipv6.microsoft.com",
        "answers": []
      }
    ],
    "hosts": [
      "113.171.230.17",
      "8.8.8.8"
    ],
    "icmp": [],
    "smtp": []
  },
  "static_imports": [
    "gimp_ui_init",
    "gimp_window_set_transient",
    "DeleteCriticalSection",
    "EnterCriticalSection",
    "GetCurrentProcess",
    "GetCurrentProcessId",
    "GetCurrentThreadId",
    "GetLastError",
    "GetModuleHandleA",
    "GetProcAddress",
    "GetStartupInfoA",
    "GetSystemTimeAsFileTime",
    "GetTickCount",
    "InitializeCriticalSection",
    "LeaveCriticalSection",
    "QueryPerformanceCounter",
    "RtlAddFunctionTable",
    "RtlCaptureContext",
    "RtlLookupFunctionEntry",
    "RtlVirtualUnwind",
    "SetUnhandledExceptionFilter",
    "Sleep",
    "TerminateProcess",
    "TlsGetValue",
    "UnhandledExceptionFilter",
    "VirtualProtect",
    "VirtualQuery",
    "__C_specific_handler",
    "__argc",
    "__argv",
    "__dllonexit",
    "__getmainargs",
    "__initenv",
    "__iob_func",
    "__lconv_init",
    "__set_app_type",
    "__setusermatherr",
    "_acmdln",
    "_amsg_exit",
    "_cexit",
    "_fmode",
    "_initterm",
    "_lock",
    "_onexit",
    "_unlock",
    "abort",
    "calloc",
    "exit",
    "fprintf",
    "free",
    "fwrite",
    "malloc",
    "memcpy",
    "memset",
    "signal",
    "strlen",
    "strncmp",
    "strncpy",
    "vfprintf",
    "gimp_display_new",
    "gimp_image_insert_layer",
    "gimp_image_new",
    "gimp_image_undo_disable",
    "gimp_image_undo_enable",
    "gimp_install_procedure",
    "gimp_layer_new_from_pixbuf",
    "gimp_main",
    "gimp_plugin_menu_register",
    "gimp_procedural_db_get_data",
    "gimp_procedural_db_set_data",
    "gimp_progress_init_printf",
    "gimp_progress_update",
    "gimp_locale_directory",
    "gimp_dialog_get_type",
    "gimp_dialog_new",
    "gimp_dialog_run",
    "gimp_int_combo_box_get_active",
    "gimp_int_combo_box_get_type",
    "gimp_int_combo_box_new",
    "gimp_int_combo_box_set_active",
    "gimp_spin_button_new",
    "gimp_standard_help_func",
    "gtk_box_new",
    "gdk_pixbuf_get_height",
    "gdk_pixbuf_get_width",
    "g_dpgettext",
    "g_error_copy",
    "g_error_free",
    "g_free",
    "g_log",
    "g_set_error",
    "g_strconcat",
    "g_strdup",
    "g_strdup_printf",
    "g_uri_parse_scheme",
    "g_object_get",
    "g_object_set",
    "g_object_unref",
    "g_signal_connect_data",
    "g_type_check_instance_cast",
    "g_type_init",
    "gtk_adjustment_get_type",
    "gtk_adjustment_get_value",
    "gtk_box_get_type",
    "gtk_box_pack_start",
    "gtk_container_add",
    "gtk_container_get_type",
    "gtk_container_set_border_width",
    "gtk_dialog_get_content_area",
    "gtk_dialog_get_type",
    "gtk_dialog_set_alternative_button_order",
    "gtk_entry_get_text",
    "gtk_entry_get_type",
    "gtk_entry_new",
    "gtk_entry_set_activates_default",
    "gtk_entry_set_text",
    "gtk_image_new_from_stock",
    "gtk_label_new",
    "gtk_main",
    "gtk_main_quit",
    "gtk_misc_get_type",
    "gtk_misc_set_alignment",
    "gtk_offscreen_window_get_pixbuf",
    "gtk_offscreen_window_get_type",
    "gtk_offscreen_window_new",
    "gtk_size_group_add_widget",
    "gtk_size_group_new",
    "gtk_widget_destroy",
    "gtk_widget_set_size_request",
    "gtk_widget_show",
    "gtk_window_get_type",
    "libintl_bind_textdomain_codeset",
    "libintl_bindtextdomain",
    "libintl_gettext",
    "libintl_textdomain",
    "webkit_web_view_get_settings",
    "webkit_web_view_get_type",
    "webkit_web_view_new",
    "webkit_web_view_open"
  ],
  "signatures_ttp": {},
  "signatures_full": [],
  "processes": [
    {
      "name": "lsass.exe",
      "path": "C:\\Windows\\System32\\lsass.exe",
      "pid": 484,
      "cmdline": "C:\\Windows\\system32\\lsass.exe",
      "modules": [
        "lsass.exe",
        "ntdll.dll",
        "kernel32.dll",
        "KERNELBASE.dll",
        "msvcrt.dll",
        "RPCRT4.dll",
        "SspiSrv.dll",
        "lsasrv.dll",
        "sechost.dll",
        "SspiCli.dll",
        "ADVAPI32.dll",
        "USER32.dll",
        "GDI32.dll",
        "LPK.dll",
        "USP10.dll",
        "SAMSRV.dll",
        "cryptdll.dll",
        "MSASN1.dll",
        "wevtapi.dll",
        "IMM32.DLL",
        "MSCTF.dll",
        "cngaudit.dll",
        "AUTHZ.dll",
        "ncrypt.dll",
        "bcrypt.dll",
        "msprivs.DLL",
        "netjoin.dll",
        "negoexts.DLL",
        "Secur32.dll",
        "cryptbase.dll",
        "kerberos.DLL",
        "CRYPTSP.dll",
        "WS2_32.dll",
        "NSI.dll",
        "mswsock.dll",
        "wship6.dll",
        "msv1_0.DLL",
        "netlogon.DLL",
        "DNSAPI.dll",
        "logoncli.dll",
        "schannel.DLL",
        "CRYPT32.dll",
        "wdigest.DLL",
        "rsaenh.dll",
        "tspkg.DLL",
        "pku2u.DLL",
        "bcryptprimitives.dll",
        "RpcRtRemote.dll",
        "efslsaext.dll",
        "WINSTA.dll",
        "scecli.DLL",
        "credssp.dll",
        "IPHLPAPI.DLL",
        "WINNSI.DLL",
        "netutils.dll",
        "USERENV.dll",
        "profapi.dll",
        "wshtcpip.dll",
        "monitor-x64.dll"
      ]
    }
  ]
}