{
  "behavior_summary": {
    "file_created": [],
    "file_deleted": [],
    "file_read": [],
    "file_recreated": [],
    "file_exists": [],
    "file_opened": [
      "C:\\Windows\\SysWOW64\\en-US\\KERNELBASE.dll.mui"
    ],
    "regkey_opened": [
      "HKEY_LOCAL_MACHINE\\Software\\Microsoft\\Windows\\CurrentVersion\\Installer\\UserData\\S-1-5-18\\Components\\7EFA76308DD93D1118F000087C8201A8",
      "HKEY_LOCAL_MACHINE\\Software\\Microsoft\\Windows\\CurrentVersion",
      "HKEY_LOCAL_MACHINE\\Software\\Policies\\Microsoft\\Windows\\Installer",
      "HKEY_CURRENT_USER\\Software\\Microsoft\\Installer\\Components\\88ED77E1BACB73C49B5E70A35FD2DFA7",
      "HKEY_LOCAL_MACHINE\\SYSTEM\\CurrentControlSet\\Control\\FileSystem",
      "HKEY_LOCAL_MACHINE\\Software\\Classes\\Installer\\Components\\88ED77E1BACB73C49B5E70A35FD2DFA7",
      "HKEY_LOCAL_MACHINE\\Software\\Microsoft\\Windows\\CurrentVersion\\Installer\\Managed\\S-1-5-21-4075539832-1778082360-2774363866-500\\Installer\\Components\\88ED77E1BACB73C49B5E70A35FD2DFA7",
      "HKEY_LOCAL_MACHINE\\Software\\Microsoft\\Office\\14.0\\Common\\FilesPaths",
      "HKEY_LOCAL_MACHINE\\Software\\Microsoft\\Windows\\CurrentVersion\\Installer\\UserData\\S-1-5-21-4075539832-1778082360-2774363866-500\\Components\\7EFA76308DD93D1118F000087C8201A8"
    ],
    "regkey_read": [
      "HKEY_LOCAL_MACHINE\\SOFTWARE\\Wow6432Node\\Microsoft\\Windows\\CurrentVersion\\CommonFilesDir",
      "HKEY_LOCAL_MACHINE\\SYSTEM\\ControlSet001\\Control\\FileSystem\\Win31FileSystem",
      "HKEY_LOCAL_MACHINE\\SYSTEM\\ControlSet001\\Control\\CMF\\Config\\SYSTEM",
      "HKEY_LOCAL_MACHINE\\SOFTWARE\\Microsoft\\Windows NT\\CurrentVersion\\GRE_Initialize\\DisableMetaFiles",
      "HKEY_LOCAL_MACHINE\\SOFTWARE\\Wow6432Node\\Microsoft\\Windows\\Windows Error Reporting\\WMR\\Disable",
      "\\mso.dll"
    ],
    "regkey_written": [],
    "dll_loaded": [
      "C:\\Program Files (x86)\\Common Files\\Microsoft Shared\\office14\\mso.dll",
      "C:\\Windows\\system32\\msi.dll",
      "\\mso.dll"
    ],
    "executed_commands": [],
    "directory_created": [],
    "mutex": [],
    "processes_created": [],
    "resolves_host": []
  },
  "dropped_files": [],
  "api_statistics": {
    "2272": {
      "GetNativeSystemInfo": 2,
      "RegCloseKey": 2,
      "LdrUnloadDll": 2,
      "NtTerminateProcess": 3,
      "NtQueryValueKey": 3,
      "MessageBoxTimeoutA": 1,
      "RegQueryValueExW": 3,
      "NtMapViewOfSection": 1,
      "RegOpenKeyExW": 10,
      "NtAllocateVirtualMemory": 1,
      "LdrGetDllHandle": 30,
      "GetSystemDirectoryW": 1,
      "NtUnmapViewOfSection": 2,
      "SetUnhandledExceptionFilter": 1,
      "NtCreateFile": 1,
      "GetSystemTimeAsFileTime": 1,
      "NtProtectVirtualMemory": 2,
      "NtCreateSection": 1,
      "NtOpenKey": 3,
      "LdrGetProcedureAddress": 32,
      "LdrLoadDll": 3,
      "NtClose": 22
    }
  },
  "api_call_sequence": [
    {
      "time": 1746151765.1555,
      "api": "LdrGetDllHandle",
      "pid": 2272,
      "arguments": {
        "module_name": "kernel32.dll",
        "stack_pivoted": 0,
        "module_address": "0x77820000"
      },
      "category": "system"
    },
    {
      "time": 1746151765.1555,
      "api": "LdrGetProcedureAddress",
      "pid": 2272,
      "arguments": {
        "ordinal": 0,
        "module": "kernel32",
        "module_address": "0x77820000",
        "function_address": "0x77835651",
        "function_name": "HeapSetInformation"
      },
      "category": "system"
    },
    {
      "time": 1746151765.1555,
      "api": "GetSystemTimeAsFileTime",
      "pid": 2272,
      "arguments": {},
      "category": "synchronisation"
    },
    {
      "time": 1746151765.1555,
      "api": "NtProtectVirtualMemory",
      "pid": 2272,
      "arguments": {
        "process_identifier": 2272,
        "stack_dep_bypass": 0,
        "stack_pivoted": 0,
        "heap_dep_bypass": 0,
        "length": 4096,
        "protection": 64,
        "process_handle": "0xffffffff",
        "base_address": "0x2d5c2000"
      },
      "category": "process"
    },
    {
      "time": 1746151765.1555,
      "api": "NtProtectVirtualMemory",
      "pid": 2272,
      "arguments": {
        "process_identifier": 2272,
        "stack_dep_bypass": 0,
        "stack_pivoted": 0,
        "heap_dep_bypass": 0,
        "length": 4096,
        "protection": 32,
        "process_handle": "0xffffffff",
        "base_address": "0x2d5c2000"
      },
      "category": "process"
    },
    {
      "time": 1746151765.1555,
      "api": "SetUnhandledExceptionFilter",
      "pid": 2272,
      "arguments": {},
      "category": "exception"
    },
    {
      "time": 1746151765.1555,
      "api": "NtAllocateVirtualMemory",
      "pid": 2272,
      "arguments": {
        "process_identifier": 2272,
        "region_size": 4096,
        "stack_dep_bypass": 0,
        "stack_pivoted": 0,
        "heap_dep_bypass": 0,
        "protection": 4,
        "process_handle": "0xffffffff",
        "allocation_type": 4096,
        "base_address": "0x004e3000"
      },
      "category": "process"
    },
    {
      "time": 1746151765.1555,
      "api": "RegOpenKeyExW",
      "pid": 2272,
      "arguments": {
        "access": "0x00020019",
        "base_handle": "0x80000002",
        "key_handle": "0x00000090",
        "regkey": "HKEY_LOCAL_MACHINE\\Software\\Microsoft\\Windows\\CurrentVersion",
        "regkey_r": "Software\\Microsoft\\Windows\\CurrentVersion",
        "options": 0
      },
      "category": "registry"
    },
    {
      "time": 1746151765.1555,
      "api": "RegQueryValueExW",
      "pid": 2272,
      "arguments": {
        "key_handle": "0x00000090",
        "value": "C:\\Program Files (x86)\\Common Files",
        "regkey_r": "CommonFilesDir",
        "reg_type": 1,
        "regkey": "HKEY_LOCAL_MACHINE\\SOFTWARE\\Wow6432Node\\Microsoft\\Windows\\CurrentVersion\\CommonFilesDir"
      },
      "category": "registry"
    },
    {
      "time": 1746151765.1555,
      "api": "RegCloseKey",
      "pid": 2272,
      "arguments": {
        "key_handle": "0x00000090"
      },
      "category": "registry"
    },
    {
      "time": 1746151765.1555,
      "api": "LdrLoadDll",
      "pid": 2272,
      "arguments": {
        "basename": "mso",
        "module_address": "0x00000000",
        "flags": 0,
        "module_name": "C:\\Program Files (x86)\\Common Files\\Microsoft Shared\\office14\\mso.dll",
        "stack_pivoted": 0
      },
      "category": "system"
    },
    {
      "time": 1746151765.1555,
      "api": "RegOpenKeyExW",
      "pid": 2272,
      "arguments": {
        "access": "0x00020019",
        "base_handle": "0x80000002",
        "key_handle": "0x00000000",
        "regkey": "HKEY_LOCAL_MACHINE\\Software\\Microsoft\\Office\\14.0\\Common\\FilesPaths",
        "regkey_r": "Software\\Microsoft\\Office\\14.0\\Common\\FilesPaths",
        "options": 0
      },
      "category": "registry"
    },
    {
      "time": 1746151765.1555,
      "api": "RegQueryValueExW",
      "pid": 2272,
      "arguments": {
        "key_handle": "0x00000000",
        "value": "",
        "regkey_r": "mso.dll",
        "reg_type": 0,
        "regkey": "\\mso.dll"
      },
      "category": "registry"
    },
    {
      "time": 1746151765.1555,
      "api": "LdrLoadDll",
      "pid": 2272,
      "arguments": {
        "basename": "mso",
        "module_address": "0x00000000",
        "flags": 0,
        "module_name": "\\mso.dll",
        "stack_pivoted": 0
      },
      "category": "system"
    },
    {
      "time": 1746151765.1555,
      "api": "GetSystemDirectoryW",
      "pid": 2272,
      "arguments": {
        "dirpath": "C:\\Windows\\system32"
      },
      "category": "file"
    },
    {
      "time": 1746151765.1555,
      "api": "LdrGetDllHandle",
      "pid": 2272,
      "arguments": {
        "module_name": "KERNEL32.DLL",
        "stack_pivoted": 0,
        "module_address": "0x77820000"
      },
      "category": "system"
    },
    {
      "time": 1746151765.1555,
      "api": "LdrGetProcedureAddress",
      "pid": 2272,
      "arguments": {
        "ordinal": 0,
        "module": "kernel32",
        "module_address": "0x77820000",
        "function_address": "0x778410b5",
        "function_name": "GetNativeSystemInfo"
      },
      "category": "system"
    },
    {
      "time": 1746151765.1555,
      "api": "GetNativeSystemInfo",
      "pid": 2272,
      "arguments": {
        "processor_count": 2
      },
      "category": "system"
    },
    {
      "time": 1746151765.1715,
      "api": "RegOpenKeyExW",
      "pid": 2272,
      "arguments": {
        "access": "0x00020119",
        "base_handle": "0x80000002",
        "key_handle": "0x00000098",
        "regkey": "HKEY_LOCAL_MACHINE\\SYSTEM\\CurrentControlSet\\Control\\FileSystem",
        "regkey_r": "SYSTEM\\CurrentControlSet\\Control\\FileSystem",
        "options": 0
      },
      "category": "registry"
    },
    {
      "time": 1746151765.1715,
      "api": "RegQueryValueExW",
      "pid": 2272,
      "arguments": {
        "key_handle": "0x00000098",
        "value": 0,
        "regkey_r": "Win31FileSystem",
        "reg_type": 4,
        "regkey": "HKEY_LOCAL_MACHINE\\SYSTEM\\ControlSet001\\Control\\FileSystem\\Win31FileSystem"
      },
      "category": "registry"
    },
    {
      "time": 1746151765.1715,
      "api": "RegCloseKey",
      "pid": 2272,
      "arguments": {
        "key_handle": "0x00000098"
      },
      "category": "registry"
    },
    {
      "time": 1746151765.1715,
      "api": "LdrLoadDll",
      "pid": 2272,
      "arguments": {
        "basename": "msi",
        "module_address": "0x73ef0000",
        "flags": 0,
        "module_name": "C:\\Windows\\system32\\msi.dll",
        "stack_pivoted": 0
      },
      "category": "system"
    },
    {
      "time": 1746151765.1715,
      "api": "LdrGetProcedureAddress",
      "pid": 2272,
      "arguments": {
        "ordinal": 0,
        "module": "msi",
        "module_address": "0x73ef0000",
        "function_address": "0x73f1ee14",
        "function_name": "MsiGetProductCodeW"
      },
      "category": "system"
    },
    {
      "time": 1746151765.1715,
      "api": "LdrGetProcedureAddress",
      "pid": 2272,
      "arguments": {
        "ordinal": 0,
        "module": "msi",
        "module_address": "0x73ef0000",
        "function_address": "0x73ef8a57",
        "function_name": "MsiProvideQualifiedComponentExW"
      },
      "category": "system"
    },
    {
      "time": 1746151765.1715,
      "api": "NtClose",
      "pid": 2272,
      "arguments": {
        "handle": "0x00000098"
      },
      "category": "system"
    },
    {
      "time": 1746151765.1715,
      "api": "NtClose",
      "pid": 2272,
      "arguments": {
        "handle": "0x00000098"
      },
      "category": "system"
    },
    {
      "time": 1746151765.1715,
      "api": "RegOpenKeyExW",
      "pid": 2272,
      "arguments": {
        "access": "0x00020119",
        "base_handle": "0x80000002",
        "key_handle": "0x00000000",
        "regkey": "HKEY_LOCAL_MACHINE\\Software\\Microsoft\\Windows\\CurrentVersion\\Installer\\UserData\\S-1-5-21-4075539832-1778082360-2774363866-500\\Components\\7EFA76308DD93D1118F000087C8201A8",
        "regkey_r": "Software\\Microsoft\\Windows\\CurrentVersion\\Installer\\UserData\\S-1-5-21-4075539832-1778082360-2774363866-500\\Components\\7EFA76308DD93D1118F000087C8201A8",
        "options": 0
      },
      "category": "registry"
    },
    {
      "time": 1746151765.1715,
      "api": "RegOpenKeyExW",
      "pid": 2272,
      "arguments": {
        "access": "0x00020119",
        "base_handle": "0x80000002",
        "key_handle": "0x00000000",
        "regkey": "HKEY_LOCAL_MACHINE\\Software\\Microsoft\\Windows\\CurrentVersion\\Installer\\UserData\\S-1-5-18\\Components\\7EFA76308DD93D1118F000087C8201A8",
        "regkey_r": "Software\\Microsoft\\Windows\\CurrentVersion\\Installer\\UserData\\S-1-5-18\\Components\\7EFA76308DD93D1118F000087C8201A8",
        "options": 0
      },
      "category": "registry"
    },
    {
      "time": 1746151765.1715,
      "api": "LdrGetDllHandle",
      "pid": 2272,
      "arguments": {
        "module_name": "KERNEL32.DLL",
        "stack_pivoted": 0,
        "module_address": "0x77820000"
      },
      "category": "system"
    },
    {
      "time": 1746151765.1715,
      "api": "LdrGetProcedureAddress",
      "pid": 2272,
      "arguments": {
        "ordinal": 0,
        "module": "kernel32",
        "module_address": "0x77820000",
        "function_address": "0x778410b5",
        "function_name": "GetNativeSystemInfo"
      },
      "category": "system"
    },
    {
      "time": 1746151765.1715,
      "api": "GetNativeSystemInfo",
      "pid": 2272,
      "arguments": {
        "processor_count": 2
      },
      "category": "system"
    },
    {
      "time": 1746151765.1715,
      "api": "RegOpenKeyExW",
      "pid": 2272,
      "arguments": {
        "access": "0x00020119",
        "base_handle": "0x80000002",
        "key_handle": "0x00000000",
        "regkey": "HKEY_LOCAL_MACHINE\\Software\\Policies\\Microsoft\\Windows\\Installer",
        "regkey_r": "Software\\Policies\\Microsoft\\Windows\\Installer",
        "options": 0
      },
      "category": "registry"
    },
    {
      "time": 1746151765.1715,
      "api": "RegOpenKeyExW",
      "pid": 2272,
      "arguments": {
        "access": "0x00020119",
        "base_handle": "0x80000002",
        "key_handle": "0x00000000",
        "regkey": "HKEY_LOCAL_MACHINE\\Software\\Policies\\Microsoft\\Windows\\Installer",
        "regkey_r": "Software\\Policies\\Microsoft\\Windows\\Installer",
        "options": 0
      },
      "category": "registry"
    },
    {
      "time": 1746151765.1715,
      "api": "NtClose",
      "pid": 2272,
      "arguments": {
        "handle": "0x00000098"
      },
      "category": "system"
    },
    {
      "time": 1746151765.1715,
      "api": "RegOpenKeyExW",
      "pid": 2272,
      "arguments": {
        "access": "0x00020119",
        "base_handle": "0x80000002",
        "key_handle": "0x00000000",
        "regkey": "HKEY_LOCAL_MACHINE\\Software\\Microsoft\\Windows\\CurrentVersion\\Installer\\Managed\\S-1-5-21-4075539832-1778082360-2774363866-500\\Installer\\Components\\88ED77E1BACB73C49B5E70A35FD2DFA7",
        "regkey_r": "Software\\Microsoft\\Windows\\CurrentVersion\\Installer\\Managed\\S-1-5-21-4075539832-1778082360-2774363866-500\\Installer\\Components\\88ED77E1BACB73C49B5E70A35FD2DFA7",
        "options": 0
      },
      "category": "registry"
    },
    {
      "time": 1746151765.1715,
      "api": "NtClose",
      "pid": 2272,
      "arguments": {
        "handle": "0x00000098"
      },
      "category": "system"
    },
    {
      "time": 1746151765.1715,
      "api": "RegOpenKeyExW",
      "pid": 2272,
      "arguments": {
        "access": "0x00020119",
        "base_handle": "0x80000003",
        "key_handle": "0x00000000",
        "regkey": "HKEY_CURRENT_USER\\Software\\Microsoft\\Installer\\Components\\88ED77E1BACB73C49B5E70A35FD2DFA7",
        "regkey_r": "S-1-5-21-4075539832-1778082360-2774363866-500\\Software\\Microsoft\\Installer\\Components\\88ED77E1BACB73C49B5E70A35FD2DFA7",
        "options": 0
      },
      "category": "registry"
    },
    {
      "time": 1746151765.1715,
      "api": "RegOpenKeyExW",
      "pid": 2272,
      "arguments": {
        "access": "0x00020119",
        "base_handle": "0x80000002",
        "key_handle": "0x00000000",
        "regkey": "HKEY_LOCAL_MACHINE\\Software\\Classes\\Installer\\Components\\88ED77E1BACB73C49B5E70A35FD2DFA7",
        "regkey_r": "Software\\Classes\\Installer\\Components\\88ED77E1BACB73C49B5E70A35FD2DFA7",
        "options": 0
      },
      "category": "registry"
    },
    {
      "time": 1746151765.1715,
      "api": "NtOpenKey",
      "pid": 2272,
      "arguments": {
        "key_handle": "0x0000009c",
        "desired_access": "0x00020019",
        "regkey": "HKEY_LOCAL_MACHINE\\System\\CurrentControlSet\\Control\\CMF\\Config"
      },
      "category": "registry"
    },
    {
      "time": 1746151765.1715,
      "api": "NtQueryValueKey",
      "pid": 2272,
      "arguments": {
        "key_handle": "0x0000009c",
        "key_name": "",
        "value": 0,
        "reg_type": 4,
        "information_class": 2,
        "regkey": "HKEY_LOCAL_MACHINE\\SYSTEM\\ControlSet001\\Control\\CMF\\Config\\SYSTEM"
      },
      "category": "registry"
    },
    {
      "time": 1746151765.1715,
      "api": "NtClose",
      "pid": 2272,
      "arguments": {
        "handle": "0x0000009c"
      },
      "category": "system"
    },
    {
      "time": 1746151765.1715,
      "api": "NtCreateFile",
      "pid": 2272,
      "arguments": {
        "create_disposition": 1,
        "file_handle": "0x0000009c",
        "filepath": "C:\\Windows\\SysWOW64\\en-US\\KERNELBASE.dll.mui",
        "desired_access": "0x80100080",
        "file_attributes": 0,
        "filepath_r": "\\??\\C:\\Windows\\syswow64\\en-US\\KERNELBASE.dll.mui",
        "create_options": 0,
        "status_info": 1,
        "share_access": 5
      },
      "category": "file"
    },
    {
      "time": 1746151765.1715,
      "api": "NtCreateSection",
      "pid": 2272,
      "arguments": {
        "section_handle": "0x000000a0",
        "object_handle": "0x00000000",
        "desired_access": "0x000f0005",
        "protection": 8,
        "section_name": "",
        "file_handle": "0x0000009c"
      },
      "category": "process"
    },
    {
      "time": 1746151765.1715,
      "api": "NtMapViewOfSection",
      "pid": 2272,
      "arguments": {
        "section_handle": "0x000000a0",
        "process_identifier": 2272,
        "commit_size": 0,
        "win32_protect": 8,
        "buffer": "",
        "process_handle": "0xffffffff",
        "allocation_type": 0,
        "section_offset": 0,
        "view_size": 786432,
        "base_address": "0x003e0000"
      },
      "category": "process"
    },
    {
      "time": 1746151765.1715,
      "api": "NtClose",
      "pid": 2272,
      "arguments": {
        "handle": "0x000000a0"
      },
      "category": "system"
    },
    {
      "time": 1746151765.1715,
      "api": "NtOpenKey",
      "pid": 2272,
      "arguments": {
        "key_handle": "0x000000a0",
        "desired_access": "0x00000001",
        "regkey": "HKEY_LOCAL_MACHINE\\Software\\Microsoft\\Windows\\Windows Error Reporting\\WMR"
      },
      "category": "registry"
    },
    {
      "time": 1746151765.1715,
      "api": "NtQueryValueKey",
      "pid": 2272,
      "arguments": {
        "key_handle": "0x000000a0",
        "key_name": "",
        "value": 1,
        "reg_type": 4,
        "information_class": 2,
        "regkey": "HKEY_LOCAL_MACHINE\\SOFTWARE\\Wow6432Node\\Microsoft\\Windows\\Windows Error Reporting\\WMR\\Disable"
      },
      "category": "registry"
    },
    {
      "time": 1746151765.1715,
      "api": "NtClose",
      "pid": 2272,
      "arguments": {
        "handle": "0x000000a0"
      },
      "category": "system"
    },
    {
      "time": 1746151766.9845,
      "api": "MessageBoxTimeoutA",
      "pid": 2272,
      "arguments": {
        "window_handle": "0x00000000",
        "text": "The operating system is not presently configured to run this application.\r\n",
        "caption": "",
        "flags": 8192,
        "language_identifier": 0
      },
      "category": "ui"
    },
    {
      "time": 1746151766.9845,
      "api": "NtTerminateProcess",
      "pid": 2272,
      "arguments": {
        "status_code": "0x00000000",
        "process_identifier": 0,
        "process_handle": "0x00000000"
      },
      "category": "process"
    },
    {
      "time": 1746151766.9845,
      "api": "NtTerminateProcess",
      "pid": 2272,
      "arguments": {
        "status_code": "0x00000000",
        "process_identifier": 0,
        "process_handle": "0x00000000"
      },
      "category": "process"
    },
    {
      "time": 1746151766.9845,
      "api": "LdrUnloadDll",
      "pid": 2272,
      "arguments": {
        "library": "MSCTF",
        "module_address": "0x75c60000"
      },
      "category": "system"
    },
    {
      "time": 1746151766.9845,
      "api": "NtClose",
      "pid": 2272,
      "arguments": {
        "handle": "0x000000f0"
      },
      "category": "system"
    },
    {
      "time": 1746151766.9845,
      "api": "NtUnmapViewOfSection",
      "pid": 2272,
      "arguments": {
        "process_identifier": 2272,
        "region_size": 8192,
        "process_handle": "0xffffffff",
        "base_address": "0x00290000"
      },
      "category": "process"
    },
    {
      "time": 1746151766.9845,
      "api": "NtClose",
      "pid": 2272,
      "arguments": {
        "handle": "0x000000d4"
      },
      "category": "system"
    },
    {
      "time": 1746151766.9845,
      "api": "NtClose",
      "pid": 2272,
      "arguments": {
        "handle": "0x000000d0"
      },
      "category": "system"
    },
    {
      "time": 1746151766.9845,
      "api": "NtClose",
      "pid": 2272,
      "arguments": {
        "handle": "0x000000bc"
      },
      "category": "system"
    },
    {
      "time": 1746151766.9845,
      "api": "NtClose",
      "pid": 2272,
      "arguments": {
        "handle": "0x000000b8"
      },
      "category": "system"
    },
    {
      "time": 1746151766.9845,
      "api": "NtUnmapViewOfSection",
      "pid": 2272,
      "arguments": {
        "process_identifier": 2272,
        "region_size": 4096,
        "process_handle": "0xffffffff",
        "base_address": "0x002a0000"
      },
      "category": "process"
    },
    {
      "time": 1746151766.9845,
      "api": "NtClose",
      "pid": 2272,
      "arguments": {
        "handle": "0x000000ec"
      },
      "category": "system"
    },
    {
      "time": 1746151766.9845,
      "api": "NtClose",
      "pid": 2272,
      "arguments": {
        "handle": "0x00000094"
      },
      "category": "system"
    },
    {
      "time": 1746151766.9845,
      "api": "NtClose",
      "pid": 2272,
      "arguments": {
        "handle": "0x00000090"
      },
      "category": "system"
    },
    {
      "time": 1746151766.9845,
      "api": "NtClose",
      "pid": 2272,
      "arguments": {
        "handle": "0x000000dc"
      },
      "category": "system"
    },
    {
      "time": 1746151766.9845,
      "api": "NtClose",
      "pid": 2272,
      "arguments": {
        "handle": "0x00000044"
      },
      "category": "system"
    },
    {
      "time": 1746151766.9845,
      "api": "NtClose",
      "pid": 2272,
      "arguments": {
        "handle": "0x0000005c"
      },
      "category": "system"
    },
    {
      "time": 1746151766.9845,
      "api": "LdrUnloadDll",
      "pid": 2272,
      "arguments": {
        "library": "IMM32",
        "module_address": "0x77030000"
      },
      "category": "system"
    },
    {
      "time": 1746151766.9845,
      "api": "NtOpenKey",
      "pid": 2272,
      "arguments": {
        "key_handle": "0x0000005c",
        "desired_access": "0x00020019",
        "regkey": "HKEY_LOCAL_MACHINE\\Software\\Microsoft\\Windows NT\\CurrentVersion\\GRE_Initialize"
      },
      "category": "registry"
    },
    {
      "time": 1746151766.9845,
      "api": "NtQueryValueKey",
      "pid": 2272,
      "arguments": {
        "key_handle": "0x0000005c",
        "key_name": "",
        "value": "",
        "reg_type": 0,
        "information_class": 2,
        "regkey": "HKEY_LOCAL_MACHINE\\SOFTWARE\\Microsoft\\Windows NT\\CurrentVersion\\GRE_Initialize\\DisableMetaFiles"
      },
      "category": "registry"
    },
    {
      "time": 1746151766.9845,
      "api": "NtClose",
      "pid": 2272,
      "arguments": {
        "handle": "0x0000005c"
      },
      "category": "system"
    },
    {
      "time": 1746151766.9845,
      "api": "NtClose",
      "pid": 2272,
      "arguments": {
        "handle": "0x00000038"
      },
      "category": "system"
    },
    {
      "time": 1746151766.9845,
      "api": "NtClose",
      "pid": 2272,
      "arguments": {
        "handle": "0x00000030"
      },
      "category": "system"
    },
    {
      "time": 1746151766.9845,
      "api": "NtClose",
      "pid": 2272,
      "arguments": {
        "handle": "0x00000034"
      },
      "category": "system"
    },
    {
      "time": 1746151766.9845,
      "api": "LdrGetDllHandle",
      "pid": 2272,
      "arguments": {
        "module_name": "KERNEL32.DLL",
        "stack_pivoted": 0,
        "module_address": "0x77820000"
      },
      "category": "system"
    },
    {
      "time": 1746151766.9845,
      "api": "LdrGetProcedureAddress",
      "pid": 2272,
      "arguments": {
        "ordinal": 0,
        "module": "kernel32",
        "module_address": "0x77820000",
        "function_address": "0x77e19d35",
        "function_name": "DecodePointer"
      },
      "category": "system"
    },
    {
      "time": 1746151766.9845,
      "api": "LdrGetDllHandle",
      "pid": 2272,
      "arguments": {
        "module_name": "KERNEL32.DLL",
        "stack_pivoted": 0,
        "module_address": "0x77820000"
      },
      "category": "system"
    },
    {
      "time": 1746151766.9845,
      "api": "LdrGetProcedureAddress",
      "pid": 2272,
      "arguments": {
        "ordinal": 0,
        "module": "kernel32",
        "module_address": "0x77820000",
        "function_address": "0x77e19d35",
        "function_name": "DecodePointer"
      },
      "category": "system"
    },
    {
      "time": 1746151766.9845,
      "api": "LdrGetDllHandle",
      "pid": 2272,
      "arguments": {
        "module_name": "KERNEL32.DLL",
        "stack_pivoted": 0,
        "module_address": "0x77820000"
      },
      "category": "system"
    },
    {
      "time": 1746151766.9845,
      "api": "LdrGetProcedureAddress",
      "pid": 2272,
      "arguments": {
        "ordinal": 0,
        "module": "kernel32",
        "module_address": "0x77820000",
        "function_address": "0x77e20fcb",
        "function_name": "EncodePointer"
      },
      "category": "system"
    },
    {
      "time": 1746151766.9845,
      "api": "LdrGetDllHandle",
      "pid": 2272,
      "arguments": {
        "module_name": "KERNEL32.DLL",
        "stack_pivoted": 0,
        "module_address": "0x77820000"
      },
      "category": "system"
    },
    {
      "time": 1746151766.9845,
      "api": "LdrGetProcedureAddress",
      "pid": 2272,
      "arguments": {
        "ordinal": 0,
        "module": "kernel32",
        "module_address": "0x77820000",
        "function_address": "0x77e19d35",
        "function_name": "DecodePointer"
      },
      "category": "system"
    },
    {
      "time": 1746151766.9845,
      "api": "LdrGetDllHandle",
      "pid": 2272,
      "arguments": {
        "module_name": "KERNEL32.DLL",
        "stack_pivoted": 0,
        "module_address": "0x77820000"
      },
      "category": "system"
    },
    {
      "time": 1746151766.9845,
      "api": "LdrGetProcedureAddress",
      "pid": 2272,
      "arguments": {
        "ordinal": 0,
        "module": "kernel32",
        "module_address": "0x77820000",
        "function_address": "0x77e20fcb",
        "function_name": "EncodePointer"
      },
      "category": "system"
    },
    {
      "time": 1746151766.9845,
      "api": "LdrGetDllHandle",
      "pid": 2272,
      "arguments": {
        "module_name": "KERNEL32.DLL",
        "stack_pivoted": 0,
        "module_address": "0x77820000"
      },
      "category": "system"
    },
    {
      "time": 1746151766.9845,
      "api": "LdrGetProcedureAddress",
      "pid": 2272,
      "arguments": {
        "ordinal": 0,
        "module": "kernel32",
        "module_address": "0x77820000",
        "function_address": "0x77e19d35",
        "function_name": "DecodePointer"
      },
      "category": "system"
    },
    {
      "time": 1746151766.9845,
      "api": "LdrGetDllHandle",
      "pid": 2272,
      "arguments": {
        "module_name": "KERNEL32.DLL",
        "stack_pivoted": 0,
        "module_address": "0x77820000"
      },
      "category": "system"
    },
    {
      "time": 1746151766.9845,
      "api": "LdrGetProcedureAddress",
      "pid": 2272,
      "arguments": {
        "ordinal": 0,
        "module": "kernel32",
        "module_address": "0x77820000",
        "function_address": "0x77e19d35",
        "function_name": "DecodePointer"
      },
      "category": "system"
    },
    {
      "time": 1746151766.9845,
      "api": "LdrGetDllHandle",
      "pid": 2272,
      "arguments": {
        "module_name": "KERNEL32.DLL",
        "stack_pivoted": 0,
        "module_address": "0x77820000"
      },
      "category": "system"
    },
    {
      "time": 1746151766.9845,
      "api": "LdrGetProcedureAddress",
      "pid": 2272,
      "arguments": {
        "ordinal": 0,
        "module": "kernel32",
        "module_address": "0x77820000",
        "function_address": "0x77e20fcb",
        "function_name": "EncodePointer"
      },
      "category": "system"
    },
    {
      "time": 1746151766.9845,
      "api": "LdrGetDllHandle",
      "pid": 2272,
      "arguments": {
        "module_name": "KERNEL32.DLL",
        "stack_pivoted": 0,
        "module_address": "0x77820000"
      },
      "category": "system"
    },
    {
      "time": 1746151766.9845,
      "api": "LdrGetProcedureAddress",
      "pid": 2272,
      "arguments": {
        "ordinal": 0,
        "module": "kernel32",
        "module_address": "0x77820000",
        "function_address": "0x77e19d35",
        "function_name": "DecodePointer"
      },
      "category": "system"
    },
    {
      "time": 1746151766.9845,
      "api": "LdrGetDllHandle",
      "pid": 2272,
      "arguments": {
        "module_name": "KERNEL32.DLL",
        "stack_pivoted": 0,
        "module_address": "0x77820000"
      },
      "category": "system"
    },
    {
      "time": 1746151766.9845,
      "api": "LdrGetProcedureAddress",
      "pid": 2272,
      "arguments": {
        "ordinal": 0,
        "module": "kernel32",
        "module_address": "0x77820000",
        "function_address": "0x77e20fcb",
        "function_name": "EncodePointer"
      },
      "category": "system"
    },
    {
      "time": 1746151766.9845,
      "api": "LdrGetDllHandle",
      "pid": 2272,
      "arguments": {
        "module_name": "KERNEL32.DLL",
        "stack_pivoted": 0,
        "module_address": "0x77820000"
      },
      "category": "system"
    },
    {
      "time": 1746151766.9845,
      "api": "LdrGetProcedureAddress",
      "pid": 2272,
      "arguments": {
        "ordinal": 0,
        "module": "kernel32",
        "module_address": "0x77820000",
        "function_address": "0x77e19d35",
        "function_name": "DecodePointer"
      },
      "category": "system"
    },
    {
      "time": 1746151766.9845,
      "api": "LdrGetDllHandle",
      "pid": 2272,
      "arguments": {
        "module_name": "KERNEL32.DLL",
        "stack_pivoted": 0,
        "module_address": "0x77820000"
      },
      "category": "system"
    },
    {
      "time": 1746151766.9845,
      "api": "LdrGetProcedureAddress",
      "pid": 2272,
      "arguments": {
        "ordinal": 0,
        "module": "kernel32",
        "module_address": "0x77820000",
        "function_address": "0x77e19d35",
        "function_name": "DecodePointer"
      },
      "category": "system"
    },
    {
      "time": 1746151766.9845,
      "api": "LdrGetDllHandle",
      "pid": 2272,
      "arguments": {
        "module_name": "KERNEL32.DLL",
        "stack_pivoted": 0,
        "module_address": "0x77820000"
      },
      "category": "system"
    },
    {
      "time": 1746151766.9845,
      "api": "LdrGetProcedureAddress",
      "pid": 2272,
      "arguments": {
        "ordinal": 0,
        "module": "kernel32",
        "module_address": "0x77820000",
        "function_address": "0x77e20fcb",
        "function_name": "EncodePointer"
      },
      "category": "system"
    },
    {
      "time": 1746151766.9845,
      "api": "LdrGetDllHandle",
      "pid": 2272,
      "arguments": {
        "module_name": "KERNEL32.DLL",
        "stack_pivoted": 0,
        "module_address": "0x77820000"
      },
      "category": "system"
    },
    {
      "time": 1746151766.9845,
      "api": "LdrGetProcedureAddress",
      "pid": 2272,
      "arguments": {
        "ordinal": 0,
        "module": "kernel32",
        "module_address": "0x77820000",
        "function_address": "0x77e19d35",
        "function_name": "DecodePointer"
      },
      "category": "system"
    },
    {
      "time": 1746151766.9845,
      "api": "LdrGetDllHandle",
      "pid": 2272,
      "arguments": {
        "module_name": "KERNEL32.DLL",
        "stack_pivoted": 0,
        "module_address": "0x77820000"
      },
      "category": "system"
    },
    {
      "time": 1746151766.9845,
      "api": "LdrGetProcedureAddress",
      "pid": 2272,
      "arguments": {
        "ordinal": 0,
        "module": "kernel32",
        "module_address": "0x77820000",
        "function_address": "0x77e20fcb",
        "function_name": "EncodePointer"
      },
      "category": "system"
    },
    {
      "time": 1746151766.9845,
      "api": "LdrGetDllHandle",
      "pid": 2272,
      "arguments": {
        "module_name": "KERNEL32.DLL",
        "stack_pivoted": 0,
        "module_address": "0x77820000"
      },
      "category": "system"
    },
    {
      "time": 1746151766.9845,
      "api": "LdrGetProcedureAddress",
      "pid": 2272,
      "arguments": {
        "ordinal": 0,
        "module": "kernel32",
        "module_address": "0x77820000",
        "function_address": "0x77e19d35",
        "function_name": "DecodePointer"
      },
      "category": "system"
    },
    {
      "time": 1746151766.9845,
      "api": "LdrGetDllHandle",
      "pid": 2272,
      "arguments": {
        "module_name": "KERNEL32.DLL",
        "stack_pivoted": 0,
        "module_address": "0x77820000"
      },
      "category": "system"
    },
    {
      "time": 1746151766.9845,
      "api": "LdrGetProcedureAddress",
      "pid": 2272,
      "arguments": {
        "ordinal": 0,
        "module": "kernel32",
        "module_address": "0x77820000",
        "function_address": "0x77e19d35",
        "function_name": "DecodePointer"
      },
      "category": "system"
    },
    {
      "time": 1746151766.9845,
      "api": "LdrGetDllHandle",
      "pid": 2272,
      "arguments": {
        "module_name": "KERNEL32.DLL",
        "stack_pivoted": 0,
        "module_address": "0x77820000"
      },
      "category": "system"
    },
    {
      "time": 1746151766.9845,
      "api": "LdrGetProcedureAddress",
      "pid": 2272,
      "arguments": {
        "ordinal": 0,
        "module": "kernel32",
        "module_address": "0x77820000",
        "function_address": "0x77e20fcb",
        "function_name": "EncodePointer"
      },
      "category": "system"
    },
    {
      "time": 1746151766.9845,
      "api": "LdrGetDllHandle",
      "pid": 2272,
      "arguments": {
        "module_name": "KERNEL32.DLL",
        "stack_pivoted": 0,
        "module_address": "0x77820000"
      },
      "category": "system"
    },
    {
      "time": 1746151766.9845,
      "api": "LdrGetProcedureAddress",
      "pid": 2272,
      "arguments": {
        "ordinal": 0,
        "module": "kernel32",
        "module_address": "0x77820000",
        "function_address": "0x77e19d35",
        "function_name": "DecodePointer"
      },
      "category": "system"
    },
    {
      "time": 1746151766.9845,
      "api": "LdrGetDllHandle",
      "pid": 2272,
      "arguments": {
        "module_name": "KERNEL32.DLL",
        "stack_pivoted": 0,
        "module_address": "0x77820000"
      },
      "category": "system"
    },
    {
      "time": 1746151766.9845,
      "api": "LdrGetProcedureAddress",
      "pid": 2272,
      "arguments": {
        "ordinal": 0,
        "module": "kernel32",
        "module_address": "0x77820000",
        "function_address": "0x77e20fcb",
        "function_name": "EncodePointer"
      },
      "category": "system"
    },
    {
      "time": 1746151766.9845,
      "api": "LdrGetDllHandle",
      "pid": 2272,
      "arguments": {
        "module_name": "KERNEL32.DLL",
        "stack_pivoted": 0,
        "module_address": "0x77820000"
      },
      "category": "system"
    },
    {
      "time": 1746151766.9995,
      "api": "LdrGetProcedureAddress",
      "pid": 2272,
      "arguments": {
        "ordinal": 0,
        "module": "kernel32",
        "module_address": "0x77820000",
        "function_address": "0x77e19d35",
        "function_name": "DecodePointer"
      },
      "category": "system"
    },
    {
      "time": 1746151766.9995,
      "api": "LdrGetDllHandle",
      "pid": 2272,
      "arguments": {
        "module_name": "KERNEL32.DLL",
        "stack_pivoted": 0,
        "module_address": "0x77820000"
      },
      "category": "system"
    },
    {
      "time": 1746151766.9995,
      "api": "LdrGetProcedureAddress",
      "pid": 2272,
      "arguments": {
        "ordinal": 0,
        "module": "kernel32",
        "module_address": "0x77820000",
        "function_address": "0x77e19d35",
        "function_name": "DecodePointer"
      },
      "category": "system"
    },
    {
      "time": 1746151766.9995,
      "api": "LdrGetDllHandle",
      "pid": 2272,
      "arguments": {
        "module_name": "KERNEL32.DLL",
        "stack_pivoted": 0,
        "module_address": "0x77820000"
      },
      "category": "system"
    },
    {
      "time": 1746151766.9995,
      "api": "LdrGetProcedureAddress",
      "pid": 2272,
      "arguments": {
        "ordinal": 0,
        "module": "kernel32",
        "module_address": "0x77820000",
        "function_address": "0x77e20fcb",
        "function_name": "EncodePointer"
      },
      "category": "system"
    },
    {
      "time": 1746151766.9995,
      "api": "LdrGetDllHandle",
      "pid": 2272,
      "arguments": {
        "module_name": "KERNEL32.DLL",
        "stack_pivoted": 0,
        "module_address": "0x77820000"
      },
      "category": "system"
    },
    {
      "time": 1746151766.9995,
      "api": "LdrGetProcedureAddress",
      "pid": 2272,
      "arguments": {
        "ordinal": 0,
        "module": "kernel32",
        "module_address": "0x77820000",
        "function_address": "0x77e19d35",
        "function_name": "DecodePointer"
      },
      "category": "system"
    },
    {
      "time": 1746151766.9995,
      "api": "LdrGetDllHandle",
      "pid": 2272,
      "arguments": {
        "module_name": "KERNEL32.DLL",
        "stack_pivoted": 0,
        "module_address": "0x77820000"
      },
      "category": "system"
    },
    {
      "time": 1746151766.9995,
      "api": "LdrGetProcedureAddress",
      "pid": 2272,
      "arguments": {
        "ordinal": 0,
        "module": "kernel32",
        "module_address": "0x77820000",
        "function_address": "0x77e20fcb",
        "function_name": "EncodePointer"
      },
      "category": "system"
    },
    {
      "time": 1746151766.9995,
      "api": "LdrGetDllHandle",
      "pid": 2272,
      "arguments": {
        "module_name": "KERNEL32.DLL",
        "stack_pivoted": 0,
        "module_address": "0x77820000"
      },
      "category": "system"
    },
    {
      "time": 1746151766.9995,
      "api": "LdrGetProcedureAddress",
      "pid": 2272,
      "arguments": {
        "ordinal": 0,
        "module": "kernel32",
        "module_address": "0x77820000",
        "function_address": "0x77e19d35",
        "function_name": "DecodePointer"
      },
      "category": "system"
    },
    {
      "time": 1746151766.9995,
      "api": "LdrGetDllHandle",
      "pid": 2272,
      "arguments": {
        "module_name": "KERNEL32.DLL",
        "stack_pivoted": 0,
        "module_address": "0x77820000"
      },
      "category": "system"
    },
    {
      "time": 1746151766.9995,
      "api": "LdrGetProcedureAddress",
      "pid": 2272,
      "arguments": {
        "ordinal": 0,
        "module": "kernel32",
        "module_address": "0x77820000",
        "function_address": "0x77e19d35",
        "function_name": "DecodePointer"
      },
      "category": "system"
    },
    {
      "time": 1746151766.9995,
      "api": "NtTerminateProcess",
      "pid": 2272,
      "arguments": {
        "status_code": "0x00000000",
        "process_identifier": 2272,
        "process_handle": "0xffffffff"
      },
      "category": "process"
    }
  ],
  "network": {
    "http": [],
    "tcp": [],
    "udp": [
      {
        "src": "192.168.56.101",
        "dst": "192.168.56.255",
        "offset": 1324,
        "time": 6.079094171524048,
        "dport": 137,
        "sport": 137
      },
      {
        "src": "192.168.56.101",
        "dst": "224.0.0.252",
        "offset": 5696,
        "time": 4.144870042800903,
        "dport": 5355,
        "sport": 50233
      },
      {
        "src": "192.168.56.101",
        "dst": "224.0.0.252",
        "offset": 6016,
        "time": 4.620849132537842,
        "dport": 5355,
        "sport": 52790
      },
      {
        "src": "192.168.56.101",
        "dst": "224.0.0.252",
        "offset": 6344,
        "time": 3.0454890727996826,
        "dport": 5355,
        "sport": 53526
      },
      {
        "src": "192.168.56.101",
        "dst": "224.0.0.252",
        "offset": 6672,
        "time": 6.007800102233887,
        "dport": 5355,
        "sport": 57168
      },
      {
        "src": "192.168.56.101",
        "dst": "224.0.0.252",
        "offset": 6992,
        "time": 6.007497072219849,
        "dport": 5355,
        "sport": 60897
      },
      {
        "src": "192.168.56.101",
        "dst": "224.0.0.252",
        "offset": 7320,
        "time": 5.429525136947632,
        "dport": 5355,
        "sport": 62139
      },
      {
        "src": "192.168.56.101",
        "dst": "8.8.8.8",
        "offset": 7640,
        "time": 5.071764945983887,
        "dport": 53,
        "sport": 54506
      },
      {
        "src": "192.168.56.101",
        "dst": "8.8.8.8",
        "offset": 7852,
        "time": 5.042776107788086,
        "dport": 53,
        "sport": 55116
      },
      {
        "src": "192.168.56.101",
        "dst": "8.8.8.8",
        "offset": 8052,
        "time": 6.007982015609741,
        "dport": 53,
        "sport": 59798
      },
      {
        "src": "192.168.56.101",
        "dst": "8.8.8.8",
        "offset": 8327,
        "time": 5.751530170440674,
        "dport": 53,
        "sport": 65068
      }
    ],
    "dns": [
      {
        "type": "A",
        "request": "www.msftncsi.com",
        "answers": [
          {
            "data": "113.171.230.17",
            "type": "A"
          },
          {
            "data": "www.msftncsi.com.edgesuite.net",
            "type": "CNAME"
          },
          {
            "data": "a1961.g2.akamai.net",
            "type": "CNAME"
          }
        ]
      },
      {
        "type": "A",
        "request": "dns.msftncsi.com",
        "answers": [
          {
            "data": "131.107.255.255",
            "type": "A"
          }
        ]
      },
      {
        "type": "AAAA",
        "request": "dns.msftncsi.com",
        "answers": [
          {
            "data": "fd3e:4f5a:5b81::1",
            "type": "AAAA"
          }
        ]
      },
      {
        "type": "A",
        "request": "teredo.ipv6.microsoft.com",
        "answers": []
      }
    ],
    "hosts": [
      "113.171.230.17",
      "8.8.8.8"
    ],
    "icmp": [],
    "smtp": []
  },
  "static_imports": [
    "?_type_info_dtor_internal_method@type_info@@QAEXXZ",
    "_controlfp_s",
    "_invoke_watson",
    "_crt_debugger_hook",
    "_decode_pointer",
    "_onexit",
    "_lock",
    "__dllonexit",
    "_unlock",
    "_except_handler4_common",
    "?terminate@@YAXXZ",
    "__set_app_type",
    "_encode_pointer",
    "__p__fmode",
    "__p__commode",
    "_adjust_fdiv",
    "__setusermatherr",
    "_configthreadlocale",
    "_initterm_e",
    "_initterm",
    "_wcmdln",
    "exit",
    "_XcptFilter",
    "_exit",
    "_cexit",
    "__wgetmainargs",
    "_amsg_exit",
    "wcsncpy_s",
    "__CxxFrameHandler3",
    "_wtoi",
    "wcsstr",
    "malloc",
    "free",
    "memcpy_s",
    "_CxxThrowException",
    "_recalloc",
    "_vsnwprintf",
    "swscanf_s",
    "vswprintf_s",
    "memset",
    "InterlockedExchange",
    "IsDebuggerPresent",
    "SetUnhandledExceptionFilter",
    "UnhandledExceptionFilter",
    "GetCurrentProcess",
    "TerminateProcess",
    "GetStartupInfoW",
    "InterlockedCompareExchange",
    "LocalAlloc",
    "HeapAlloc",
    "HeapFree",
    "GetProcessHeap",
    "GetSystemTimeAsFileTime",
    "GetCurrentProcessId",
    "QueryPerformanceCounter",
    "VirtualProtect",
    "FormatMessageA",
    "LocalFree",
    "GetSystemDirectoryW",
    "GetCommandLineW",
    "ExitProcess",
    "GetTickCount",
    "LoadLibraryA",
    "GetACP",
    "FindResourceW",
    "LoadResource",
    "GetModuleHandleA",
    "GetModuleHandleW",
    "GetProcAddress",
    "GetFileAttributesW",
    "GetVersion",
    "RaiseException",
    "CloseHandle",
    "WaitForSingleObject",
    "InitializeCriticalSection",
    "DeleteCriticalSection",
    "LoadLibraryW",
    "GetLastError",
    "SetLastError",
    "GetModuleFileNameW",
    "OutputDebugStringA",
    "SetEvent",
    "CreateThread",
    "CreateEventW",
    "GetCurrentThreadId",
    "AddAtomW",
    "SetErrorMode",
    "lstrlenW",
    "lstrcmpiW",
    "LoadLibraryExW",
    "FreeLibrary",
    "Sleep",
    "MultiByteToWideChar",
    "SizeofResource",
    "LoadIconW",
    "GetWindowLongW",
    "GetClassNameW",
    "IsIconic",
    "MoveWindow",
    "GetWindowPlacement",
    "DestroyWindow",
    "SetWindowPos",
    "DispatchMessageW",
    "EndPaint",
    "FillRect",
    "BeginPaint",
    "IsWindow",
    "GetClientRect",
    "LoadCursorW",
    "ShowWindow",
    "UpdateWindow",
    "LoadAcceleratorsW",
    "PeekMessageW",
    "WaitMessage",
    "TranslateAcceleratorW",
    "TranslateMessage",
    "RegisterClassExW",
    "SendMessageW",
    "GetMessageW",
    "PostThreadMessageW",
    "RegisterWindowMessageW",
    "GetWindowRect",
    "PostQuitMessage",
    "GetSystemMetrics",
    "SystemParametersInfoW",
    "EnableWindow",
    "LoadCursorA",
    "SetCursor",
    "GetFocus",
    "MessageBeep",
    "SetRect",
    "MessageBoxA",
    "CharNextW",
    "OffsetRect",
    "RegQueryInfoKeyW",
    "RegisterEventSourceW",
    "ReportEventW",
    "DeregisterEventSource",
    "RegQueryValueExW",
    "RegEnumKeyExW",
    "RegDeleteKeyW",
    "RegSetValueExW",
    "RegOpenKeyExW",
    "RegCreateKeyExW",
    "RegCloseKey",
    "RegDeleteValueW",
    "CoCreateInstance",
    "OleUninitialize",
    "CoRegisterMessageFilter",
    "OleGetClipboard",
    "OleFlushClipboard",
    "OleSetClipboard",
    "CoTaskMemFree",
    "CoTaskMemRealloc",
    "CoTaskMemAlloc",
    "CoRegisterClassObject",
    "CoRevokeClassObject",
    "SysFreeString",
    "SysAllocString",
    "SysStringLen",
    "SysAllocStringLen",
    "VarUI4FromStr"
  ],
  "signatures_ttp": {},
  "signatures_full": [
    {
      "name": "has_pdb",
      "description": "This executable has a PDB path",
      "severity": 1,
      "ttp": {},
      "markcount": 1,
      "marks": [
        {
          "category": "pdb_path",
          "ioc": "t:\\cag\\x86\\ship\\0\\mstore.pdb\u000086\\ship\\0\\mstore.exe\\bbtopt\\mstoreO.pdb",
          "type": "ioc",
          "description": null
        }
      ]
    },
    {
      "name": "allocates_rwx",
      "description": "Allocates read-write-execute memory (usually to unpack itself)",
      "severity": 2,
      "ttp": {},
      "markcount": 1,
      "marks": [
        {
          "call": {
            "category": "process",
            "status": 1,
            "stacktrace": [],
            "api": "NtProtectVirtualMemory",
            "return_value": 0,
            "arguments": {
              "process_identifier": 2272,
              "stack_dep_bypass": 0,
              "stack_pivoted": 0,
              "heap_dep_bypass": 0,
              "length": 4096,
              "protection": 64,
              "process_handle": "0xffffffff",
              "base_address": "0x2d5c2000"
            },
            "time": 1746151765.1555,
            "tid": 2276,
            "flags": {
              "protection": "PAGE_EXECUTE_READWRITE"
            }
          },
          "pid": 2272,
          "type": "call",
          "cid": 3
        }
      ]
    }
  ],
  "processes": [
    {
      "name": "lsass.exe",
      "path": "C:\\Windows\\System32\\lsass.exe",
      "pid": 484,
      "cmdline": "C:\\Windows\\system32\\lsass.exe",
      "modules": [
        "lsass.exe",
        "ntdll.dll",
        "kernel32.dll",
        "KERNELBASE.dll",
        "msvcrt.dll",
        "RPCRT4.dll",
        "SspiSrv.dll",
        "lsasrv.dll",
        "sechost.dll",
        "SspiCli.dll",
        "ADVAPI32.dll",
        "USER32.dll",
        "GDI32.dll",
        "LPK.dll",
        "USP10.dll",
        "SAMSRV.dll",
        "cryptdll.dll",
        "MSASN1.dll",
        "wevtapi.dll",
        "IMM32.DLL",
        "MSCTF.dll",
        "cngaudit.dll",
        "AUTHZ.dll",
        "ncrypt.dll",
        "bcrypt.dll",
        "msprivs.DLL",
        "netjoin.dll",
        "negoexts.DLL",
        "Secur32.dll",
        "cryptbase.dll",
        "kerberos.DLL",
        "CRYPTSP.dll",
        "WS2_32.dll",
        "NSI.dll",
        "mswsock.dll",
        "wship6.dll",
        "msv1_0.DLL",
        "netlogon.DLL",
        "DNSAPI.dll",
        "logoncli.dll",
        "schannel.DLL",
        "CRYPT32.dll",
        "wdigest.DLL",
        "rsaenh.dll",
        "tspkg.DLL",
        "pku2u.DLL",
        "bcryptprimitives.dll",
        "RpcRtRemote.dll",
        "efslsaext.dll",
        "WINSTA.dll",
        "scecli.DLL",
        "credssp.dll",
        "IPHLPAPI.DLL",
        "WINNSI.DLL",
        "netutils.dll",
        "USERENV.dll",
        "profapi.dll",
        "wshtcpip.dll",
        "monitor-x64.dll"
      ]
    },
    {
      "name": "072ceab189d6abc94a7a4a76245c361a16e6a1e1b731fe0874d7399860f61227.exe",
      "path": "C:\\Users\\Administrator\\AppData\\Local\\Temp\\072ceab189d6abc94a7a4a76245c361a16e6a1e1b731fe0874d7399860f61227.exe",
      "pid": 2272,
      "cmdline": "\"C:\\Users\\Administrator\\AppData\\Local\\Temp\\072ceab189d6abc94a7a4a76245c361a16e6a1e1b731fe0874d7399860f61227.exe\" ",
      "modules": [
        "072ceab189d6abc94a7a4a76245c361a16e6a1e1b731fe0874d7399860f61227.exe",
        "ntdll.dll",
        "kernel32.dll",
        "KERNELBASE.dll",
        "MSVCR90.dll",
        "USER32.dll",
        "GDI32.dll",
        "LPK.dll",
        "USP10.dll",
        "msvcrt.dll",
        "ADVAPI32.dll",
        "sechost.dll",
        "RPCRT4.dll",
        "SspiCli.dll",
        "CRYPTBASE.dll",
        "ole32.dll",
        "OLEAUT32.dll",
        "IMM32.DLL",
        "MSCTF.dll",
        "monitor-x86.dll"
      ]
    }
  ]
}