{
  "behavior_summary": {
    "file_created": [],
    "file_deleted": [],
    "file_read": [],
    "file_recreated": [],
    "file_exists": [],
    "file_opened": [],
    "regkey_opened": [],
    "regkey_read": [],
    "regkey_written": [],
    "dll_loaded": [],
    "executed_commands": [],
    "directory_created": [],
    "mutex": [],
    "processes_created": [],
    "resolves_host": []
  },
  "dropped_files": [],
  "api_statistics": {},
  "api_call_sequence": [],
  "network": {
    "http": [],
    "tcp": [],
    "udp": [
      {
        "src": "192.168.56.101",
        "dst": "192.168.56.255",
        "offset": 1150,
        "time": 6.091295003890991,
        "dport": 137,
        "sport": 137
      },
      {
        "src": "192.168.56.101",
        "dst": "224.0.0.252",
        "offset": 3794,
        "time": 4.124244928359985,
        "dport": 5355,
        "sport": 50233
      },
      {
        "src": "192.168.56.101",
        "dst": "224.0.0.252",
        "offset": 4114,
        "time": 4.618592977523804,
        "dport": 5355,
        "sport": 52790
      },
      {
        "src": "192.168.56.101",
        "dst": "224.0.0.252",
        "offset": 4442,
        "time": 3.0402419567108154,
        "dport": 5355,
        "sport": 53526
      },
      {
        "src": "192.168.56.101",
        "dst": "224.0.0.252",
        "offset": 4770,
        "time": 6.0223119258880615,
        "dport": 5355,
        "sport": 58709
      },
      {
        "src": "192.168.56.101",
        "dst": "224.0.0.252",
        "offset": 5098,
        "time": 6.022634029388428,
        "dport": 5355,
        "sport": 59798
      },
      {
        "src": "192.168.56.101",
        "dst": "224.0.0.252",
        "offset": 5418,
        "time": 5.443602085113525,
        "dport": 5355,
        "sport": 62139
      },
      {
        "src": "192.168.56.101",
        "dst": "8.8.8.8",
        "offset": 5738,
        "time": 5.102394104003906,
        "dport": 53,
        "sport": 54506
      },
      {
        "src": "192.168.56.101",
        "dst": "8.8.8.8",
        "offset": 5950,
        "time": 5.0736260414123535,
        "dport": 53,
        "sport": 55116
      },
      {
        "src": "192.168.56.101",
        "dst": "8.8.8.8",
        "offset": 6150,
        "time": 6.021507978439331,
        "dport": 53,
        "sport": 64762
      },
      {
        "src": "192.168.56.101",
        "dst": "8.8.8.8",
        "offset": 6425,
        "time": 5.764481067657471,
        "dport": 53,
        "sport": 65068
      }
    ],
    "dns": [
      {
        "type": "A",
        "request": "www.msftncsi.com",
        "answers": [
          {
            "data": "113.171.230.17",
            "type": "A"
          },
          {
            "data": "www.msftncsi.com.edgesuite.net",
            "type": "CNAME"
          },
          {
            "data": "a1961.g2.akamai.net",
            "type": "CNAME"
          }
        ]
      },
      {
        "type": "A",
        "request": "dns.msftncsi.com",
        "answers": [
          {
            "data": "131.107.255.255",
            "type": "A"
          }
        ]
      },
      {
        "type": "AAAA",
        "request": "dns.msftncsi.com",
        "answers": [
          {
            "data": "fd3e:4f5a:5b81::1",
            "type": "AAAA"
          }
        ]
      },
      {
        "type": "A",
        "request": "teredo.ipv6.microsoft.com",
        "answers": []
      }
    ],
    "hosts": [
      "113.171.230.17",
      "8.8.8.8"
    ],
    "icmp": [],
    "smtp": []
  },
  "static_imports": [
    "__assert",
    "__errno",
    "__infinity",
    "__main",
    "__mb_cur_max",
    "_ctype_",
    "_exit",
    "_tzname",
    "abort",
    "access",
    "atexit",
    "bsearch",
    "calloc",
    "chdir",
    "close",
    "closedir",
    "ctime",
    "cygwin_conv_to_posix_path",
    "cygwin_internal",
    "difftime",
    "dirfd",
    "dll_crt0__FP11per_process",
    "dup",
    "endgrent",
    "endmntent",
    "endpwent",
    "execvp",
    "exit",
    "fchdir",
    "fclose",
    "fcntl",
    "fdopen",
    "fflush",
    "fileno",
    "fopen",
    "fork",
    "fprintf",
    "fputs",
    "free",
    "fseek",
    "fstat",
    "ftell",
    "fwrite",
    "getc",
    "getcwd",
    "getenv",
    "getgrgid",
    "getgrnam",
    "getmntent",
    "getpwnam",
    "getpwuid",
    "gettimeofday",
    "gmtime",
    "isatty",
    "localeconv",
    "localtime",
    "localtime_r",
    "lseek",
    "lstat",
    "malloc",
    "memchr",
    "memcpy",
    "memmove",
    "memset",
    "open",
    "opendir",
    "putc",
    "puts",
    "qsort",
    "readdir",
    "readlink",
    "realloc",
    "rmdir",
    "setenv",
    "setlocale",
    "setmntent",
    "signal",
    "sprintf",
    "stat",
    "strcat",
    "strchr",
    "strcmp",
    "strcpy",
    "strdup",
    "strerror",
    "strftime",
    "strlen",
    "strncmp",
    "strncpy",
    "strpbrk",
    "strrchr",
    "strspn",
    "strstr",
    "strtod",
    "strtok_r",
    "strtol",
    "strtoul",
    "sysconf",
    "time",
    "unlink",
    "unsetenv",
    "vsnprintf",
    "waitpid",
    "__printf__",
    "libintl_bindtextdomain",
    "libintl_fprintf",
    "libintl_gettext",
    "libintl_snprintf",
    "libintl_sprintf",
    "libintl_textdomain",
    "libintl_vfprintf",
    "GetDriveTypeA",
    "GetModuleFileNameA",
    "GetModuleHandleA",
    "GetStdHandle",
    "VirtualProtect",
    "VirtualQuery",
    "WriteFile"
  ],
  "signatures_ttp": {
    "T1045": "Software Packing"
  },
  "signatures_full": [
    {
      "name": "pe_features",
      "description": "The executable contains unknown PE section names indicative of a packer (could be a false positive)",
      "severity": 1,
      "ttp": {
        "T1045": {
          "short": "Software Packing",
          "long": "Software packing is a method of compressing or encrypting an executable. Packing an executable changes the file signature in an attempt to avoid signature-based detection. Most decompression techniques decompress the executable code in memory."
        }
      },
      "markcount": 1,
      "marks": [
        {
          "category": "section",
          "ioc": ".data_cy",
          "type": "ioc",
          "description": null
        }
      ]
    }
  ],
  "processes": [
    {
      "name": "lsass.exe",
      "path": "C:\\Windows\\System32\\lsass.exe",
      "pid": 484,
      "cmdline": "C:\\Windows\\system32\\lsass.exe",
      "modules": [
        "lsass.exe",
        "ntdll.dll",
        "kernel32.dll",
        "KERNELBASE.dll",
        "msvcrt.dll",
        "RPCRT4.dll",
        "SspiSrv.dll",
        "lsasrv.dll",
        "sechost.dll",
        "SspiCli.dll",
        "ADVAPI32.dll",
        "USER32.dll",
        "GDI32.dll",
        "LPK.dll",
        "USP10.dll",
        "SAMSRV.dll",
        "cryptdll.dll",
        "MSASN1.dll",
        "wevtapi.dll",
        "IMM32.DLL",
        "MSCTF.dll",
        "cngaudit.dll",
        "AUTHZ.dll",
        "ncrypt.dll",
        "bcrypt.dll",
        "msprivs.DLL",
        "netjoin.dll",
        "negoexts.DLL",
        "Secur32.dll",
        "cryptbase.dll",
        "kerberos.DLL",
        "CRYPTSP.dll",
        "WS2_32.dll",
        "NSI.dll",
        "mswsock.dll",
        "wship6.dll",
        "msv1_0.DLL",
        "netlogon.DLL",
        "DNSAPI.dll",
        "logoncli.dll",
        "schannel.DLL",
        "CRYPT32.dll",
        "wdigest.DLL",
        "rsaenh.dll",
        "tspkg.DLL",
        "pku2u.DLL",
        "bcryptprimitives.dll",
        "RpcRtRemote.dll",
        "efslsaext.dll",
        "WINSTA.dll",
        "scecli.DLL",
        "credssp.dll",
        "IPHLPAPI.DLL",
        "WINNSI.DLL",
        "netutils.dll",
        "USERENV.dll",
        "profapi.dll",
        "wshtcpip.dll",
        "monitor-x64.dll"
      ]
    }
  ]
}