{
  "behavior_summary": {
    "file_created": [],
    "file_deleted": [],
    "file_read": [],
    "file_recreated": [],
    "file_exists": [],
    "file_opened": [],
    "regkey_opened": [],
    "regkey_read": [],
    "regkey_written": [],
    "dll_loaded": [],
    "executed_commands": [],
    "directory_created": [],
    "mutex": [],
    "processes_created": [],
    "resolves_host": []
  },
  "dropped_files": [],
  "api_statistics": {},
  "api_call_sequence": [],
  "network": {
    "http": [
      {
        "count": 1,
        "body": "",
        "uri": "http://www.msftncsi.com/ncsi.txt",
        "user-agent": "Microsoft NCSI",
        "method": "GET",
        "host": "www.msftncsi.com",
        "version": "1.1",
        "path": "/ncsi.txt",
        "data": "GET /ncsi.txt HTTP/1.1\r\nConnection: Close\r\nUser-Agent: Microsoft NCSI\r\nHost: www.msftncsi.com\r\n\r\n",
        "port": 80
      }
    ],
    "tcp": [
      {
        "src": "192.168.56.101",
        "dst": "113.171.230.17",
        "offset": 1642,
        "time": 2.817960023880005,
        "dport": 80,
        "sport": 49161
      }
    ],
    "udp": [
      {
        "src": "192.168.56.101",
        "dst": "192.168.56.255",
        "offset": 2338,
        "time": 3.08111310005188,
        "dport": 137,
        "sport": 137
      },
      {
        "src": "192.168.56.101",
        "dst": "224.0.0.252",
        "offset": 6710,
        "time": 1.0142600536346436,
        "dport": 5355,
        "sport": 50233
      },
      {
        "src": "192.168.56.101",
        "dst": "224.0.0.252",
        "offset": 7030,
        "time": 1.5576379299163818,
        "dport": 5355,
        "sport": 52790
      },
      {
        "src": "192.168.56.101",
        "dst": "224.0.0.252",
        "offset": 7358,
        "time": 0.05462908744812012,
        "dport": 5355,
        "sport": 53526
      },
      {
        "src": "192.168.56.101",
        "dst": "224.0.0.252",
        "offset": 7686,
        "time": 3.018781900405884,
        "dport": 5355,
        "sport": 57168
      },
      {
        "src": "192.168.56.101",
        "dst": "224.0.0.252",
        "offset": 8006,
        "time": 3.0178420543670654,
        "dport": 5355,
        "sport": 60897
      },
      {
        "src": "192.168.56.101",
        "dst": "224.0.0.252",
        "offset": 8334,
        "time": 2.4297800064086914,
        "dport": 5355,
        "sport": 62139
      },
      {
        "src": "192.168.56.101",
        "dst": "8.8.8.8",
        "offset": 8654,
        "time": 2.03377103805542,
        "dport": 53,
        "sport": 54506
      },
      {
        "src": "192.168.56.101",
        "dst": "8.8.8.8",
        "offset": 8866,
        "time": 2.0050089359283447,
        "dport": 53,
        "sport": 55116
      },
      {
        "src": "192.168.56.101",
        "dst": "8.8.8.8",
        "offset": 9066,
        "time": 3.0221259593963623,
        "dport": 53,
        "sport": 59798
      },
      {
        "src": "192.168.56.101",
        "dst": "8.8.8.8",
        "offset": 9341,
        "time": 2.75360107421875,
        "dport": 53,
        "sport": 65068
      }
    ],
    "dns": [
      {
        "type": "A",
        "request": "www.msftncsi.com",
        "answers": [
          {
            "data": "113.171.230.17",
            "type": "A"
          },
          {
            "data": "www.msftncsi.com.edgesuite.net",
            "type": "CNAME"
          },
          {
            "data": "a1961.g2.akamai.net",
            "type": "CNAME"
          }
        ]
      },
      {
        "type": "A",
        "request": "dns.msftncsi.com",
        "answers": [
          {
            "data": "131.107.255.255",
            "type": "A"
          }
        ]
      },
      {
        "type": "AAAA",
        "request": "dns.msftncsi.com",
        "answers": [
          {
            "data": "fd3e:4f5a:5b81::1",
            "type": "AAAA"
          }
        ]
      },
      {
        "type": "A",
        "request": "teredo.ipv6.microsoft.com",
        "answers": []
      }
    ],
    "hosts": [
      "113.171.230.17",
      "8.8.8.8"
    ],
    "icmp": [],
    "smtp": []
  },
  "static_imports": [
    "ts_allocate_id",
    "zend_execute_scripts",
    "_zend_hash_index_update_or_next_insert",
    "virtual_getcwd",
    "zend_hash_del_key_or_index",
    "php_set_sock_blocking",
    "spprintf",
    "zend_llist_apply_with_argument",
    "php_raw_url_decode",
    "OnUpdateBool",
    "vspprintf",
    "zend_hash_apply_with_arguments",
    "zend_llist_get_next_ex",
    "zend_hash_get_current_key_ex",
    "zend_ini_boolean_displayer_cb",
    "php_select",
    "_array_init",
    "zend_hash_num_elements",
    "zend_register_ini_entries",
    "php_network_freeaddresses",
    "php_register_variable_safe",
    "php_handle_auth_data",
    "_estrdup",
    "add_assoc_stringl_ex",
    "add_assoc_string_ex",
    "zend_hash_index_find",
    "zend_hash_move_forward_ex",
    "zend_llist_get_first_ex",
    "zend_hash_internal_pointer_reset_ex",
    "php_socket_strerror",
    "php_escape_html_entities_ex",
    "_erealloc",
    "php_network_populate_name_from_sockaddr",
    "virtual_chdir",
    "zend_hash_get_current_data_ex",
    "php_poll2",
    "sapi_send_headers",
    "ap_php_snprintf",
    "zend_unregister_ini_entries",
    "_safe_malloc",
    "php_error_docref0",
    "zend_parse_parameters",
    "php_ini_scanned_files",
    "zend_read_property",
    "zend_printf",
    "reflection_extension_ptr",
    "zend_eval_string_ex",
    "gc_remove_zval_from_buffer",
    "zend_strndup",
    "php_module_shutdown_wrapper",
    "zend_register_constant",
    "php_getopt",
    "zend_ini_deactivate",
    "_php_stream_free",
    "virtual_fopen",
    "sapi_shutdown",
    "get_zend_version",
    "compiler_globals_id",
    "php_output_write",
    "php_module_shutdown",
    "zend_is_auto_global",
    "_zend_hash_add_or_update",
    "zend_hash_copy",
    "core_globals_id",
    "php_execute_script",
    "_zval_ptr_dtor",
    "php_handle_aborted_connection",
    "_efree",
    "zend_strip",
    "display_ini_entries",
    "php_get_highlight_struct",
    "php_ini_scanned_path",
    "reflection_ptr",
    "reflection_zend_extension_ptr",
    "executor_globals_id",
    "_emalloc",
    "sapi_module",
    "zend_hash_destroy",
    "php_output_end_all",
    "reflection_method_ptr",
    "zend_exception_get_default",
    "zend_llist_copy",
    "zend_load_extension",
    "zend_hash_apply",
    "php_register_variable",
    "php_ini_opened_path",
    "php_lint_script",
    "reflection_function_ptr",
    "module_registry",
    "zend_call_method",
    "zend_str_tolower_dup",
    "php_printf",
    "zend_error",
    "php_module_startup",
    "_php_stream_open_wrapper_ex",
    "tsrm_shutdown",
    "zif_dl",
    "php_print_info",
    "sapi_globals_id",
    "php_request_startup",
    "ts_resource_ex",
    "zend_extensions",
    "_zend_hash_init",
    "php_import_environment_variables",
    "sapi_startup",
    "zend_highlight",
    "zend_hash_find",
    "php_info_print_module",
    "_php_stream_get_line",
    "_object_init_ex",
    "open_file_for_scanning",
    "virtual_realpath",
    "zend_qsort",
    "zend_hash_sort",
    "_estrndup",
    "zend_llist_destroy",
    "tsrm_startup",
    "php_request_shutdown",
    "reflection_class_ptr",
    "sapi_deactivate",
    "zend_llist_sort",
    "php_network_getaddresses",
    "zend_llist_apply",
    "htons",
    "ntohs",
    "getsockname",
    "setsockopt",
    "recv",
    "bind",
    "socket",
    "closesocket",
    "send",
    "listen",
    "accept",
    "WSAGetLastError",
    "_stricmp",
    "_setjmp3",
    "memset",
    "_strdup",
    "_except_handler4_common",
    "_controlfp_s",
    "_invoke_watson",
    "_onexit",
    "__dllonexit",
    "_calloc_crt",
    "_unlock",
    "_lock",
    "__crtSetUnhandledExceptionFilter",
    "?terminate@@YAXXZ",
    "_commode",
    "__initenv",
    "_initterm",
    "_initterm_e",
    "__setusermatherr",
    "_configthreadlocale",
    "_cexit",
    "_exit",
    "__set_app_type",
    "__getmainargs",
    "_amsg_exit",
    "_XcptFilter",
    "__crtTerminateProcess",
    "__crtUnhandledException",
    "_crt_debugger_hook",
    "sprintf",
    "_stat32",
    "_ctime32_s",
    "toupper",
    "bsearch",
    "strncpy",
    "strtol",
    "_ftime32",
    "signal",
    "strerror",
    "strncmp",
    "_close",
    "exit",
    "clearerr",
    "fclose",
    "getenv",
    "fseek",
    "_write",
    "realloc",
    "_lseek",
    "ftell",
    "_setmode",
    "strrchr",
    "fwrite",
    "_fmode",
    "ferror",
    "_fileno",
    "fprintf",
    "fread",
    "fopen",
    "_read",
    "printf",
    "fgets",
    "isalnum",
    "fgetc",
    "_errno",
    "fflush",
    "strchr",
    "__iob_func",
    "strstr",
    "rewind",
    "malloc",
    "_open",
    "free",
    "memmove",
    "feof",
    "memcpy",
    "GetCurrentProcessId",
    "SetConsoleTitleA",
    "GetLastError",
    "IsDebuggerPresent",
    "DecodePointer",
    "GetSystemTimeAsFileTime",
    "GetCurrentThreadId",
    "GetConsoleTitleA",
    "QueryPerformanceCounter",
    "EncodePointer",
    "IsProcessorFeaturePresent"
  ],
  "signatures_ttp": {},
  "signatures_full": [
    {
      "name": "has_pdb",
      "description": "This executable has a PDB path",
      "severity": 1,
      "ttp": {},
      "markcount": 1,
      "marks": [
        {
          "category": "pdb_path",
          "ioc": "C:\\php-sdk\\php56\\vc11\\x86\\obj\\Release_TS\\php.pdb",
          "type": "ioc",
          "description": null
        }
      ]
    }
  ],
  "processes": [
    {
      "name": "lsass.exe",
      "path": "C:\\Windows\\System32\\lsass.exe",
      "pid": 484,
      "cmdline": "C:\\Windows\\system32\\lsass.exe",
      "modules": [
        "lsass.exe",
        "ntdll.dll",
        "kernel32.dll",
        "KERNELBASE.dll",
        "msvcrt.dll",
        "RPCRT4.dll",
        "SspiSrv.dll",
        "lsasrv.dll",
        "sechost.dll",
        "SspiCli.dll",
        "ADVAPI32.dll",
        "USER32.dll",
        "GDI32.dll",
        "LPK.dll",
        "USP10.dll",
        "SAMSRV.dll",
        "cryptdll.dll",
        "MSASN1.dll",
        "wevtapi.dll",
        "IMM32.DLL",
        "MSCTF.dll",
        "cngaudit.dll",
        "AUTHZ.dll",
        "ncrypt.dll",
        "bcrypt.dll",
        "msprivs.DLL",
        "netjoin.dll",
        "negoexts.DLL",
        "Secur32.dll",
        "cryptbase.dll",
        "kerberos.DLL",
        "CRYPTSP.dll",
        "WS2_32.dll",
        "NSI.dll",
        "mswsock.dll",
        "wship6.dll",
        "msv1_0.DLL",
        "netlogon.DLL",
        "DNSAPI.dll",
        "logoncli.dll",
        "schannel.DLL",
        "CRYPT32.dll",
        "wdigest.DLL",
        "rsaenh.dll",
        "tspkg.DLL",
        "pku2u.DLL",
        "bcryptprimitives.dll",
        "RpcRtRemote.dll",
        "efslsaext.dll",
        "WINSTA.dll",
        "scecli.DLL",
        "credssp.dll",
        "IPHLPAPI.DLL",
        "WINNSI.DLL",
        "netutils.dll",
        "USERENV.dll",
        "profapi.dll",
        "wshtcpip.dll",
        "monitor-x64.dll"
      ]
    }
  ]
}