{
  "behavior_summary": {
    "file_created": [],
    "file_deleted": [],
    "file_read": [],
    "file_recreated": [],
    "file_exists": [],
    "file_opened": [],
    "regkey_opened": [],
    "regkey_read": [],
    "regkey_written": [],
    "dll_loaded": [],
    "executed_commands": [],
    "directory_created": [],
    "mutex": [],
    "processes_created": [],
    "resolves_host": []
  },
  "dropped_files": [],
  "api_statistics": {},
  "api_call_sequence": [],
  "network": {
    "http": [
      {
        "count": 1,
        "body": "",
        "uri": "http://www.msftncsi.com/ncsi.txt",
        "user-agent": "Microsoft NCSI",
        "method": "GET",
        "host": "www.msftncsi.com",
        "version": "1.1",
        "path": "/ncsi.txt",
        "data": "GET /ncsi.txt HTTP/1.1\r\nConnection: Close\r\nUser-Agent: Microsoft NCSI\r\nHost: www.msftncsi.com\r\n\r\n",
        "port": 80
      }
    ],
    "tcp": [
      {
        "src": "192.168.56.101",
        "dst": "113.171.230.17",
        "offset": 1412,
        "time": 2.8092758655548096,
        "dport": 80,
        "sport": 49161
      }
    ],
    "udp": [
      {
        "src": "192.168.56.101",
        "dst": "192.168.56.255",
        "offset": 2108,
        "time": 3.0797979831695557,
        "dport": 137,
        "sport": 137
      },
      {
        "src": "192.168.56.101",
        "dst": "224.0.0.252",
        "offset": 5724,
        "time": 1.0353658199310303,
        "dport": 5355,
        "sport": 50233
      },
      {
        "src": "192.168.56.101",
        "dst": "224.0.0.252",
        "offset": 6044,
        "time": 1.5577778816223145,
        "dport": 5355,
        "sport": 52790
      },
      {
        "src": "192.168.56.101",
        "dst": "224.0.0.252",
        "offset": 6372,
        "time": 0.044412851333618164,
        "dport": 5355,
        "sport": 53526
      },
      {
        "src": "192.168.56.101",
        "dst": "224.0.0.252",
        "offset": 6700,
        "time": 3.0127158164978027,
        "dport": 5355,
        "sport": 57168
      },
      {
        "src": "192.168.56.101",
        "dst": "224.0.0.252",
        "offset": 7028,
        "time": 3.0123538970947266,
        "dport": 5355,
        "sport": 58709
      },
      {
        "src": "192.168.56.101",
        "dst": "224.0.0.252",
        "offset": 7348,
        "time": 2.4316368103027344,
        "dport": 5355,
        "sport": 62139
      },
      {
        "src": "192.168.56.101",
        "dst": "8.8.8.8",
        "offset": 7668,
        "time": 2.070020914077759,
        "dport": 53,
        "sport": 54506
      },
      {
        "src": "192.168.56.101",
        "dst": "8.8.8.8",
        "offset": 7880,
        "time": 2.040498971939087,
        "dport": 53,
        "sport": 55116
      },
      {
        "src": "192.168.56.101",
        "dst": "8.8.8.8",
        "offset": 8080,
        "time": 3.012838840484619,
        "dport": 53,
        "sport": 59798
      },
      {
        "src": "192.168.56.101",
        "dst": "8.8.8.8",
        "offset": 8355,
        "time": 2.753700017929077,
        "dport": 53,
        "sport": 65068
      }
    ],
    "dns": [
      {
        "type": "A",
        "request": "www.msftncsi.com",
        "answers": [
          {
            "data": "113.171.230.17",
            "type": "A"
          },
          {
            "data": "www.msftncsi.com.edgesuite.net",
            "type": "CNAME"
          },
          {
            "data": "a1961.g2.akamai.net",
            "type": "CNAME"
          }
        ]
      },
      {
        "type": "A",
        "request": "dns.msftncsi.com",
        "answers": [
          {
            "data": "131.107.255.255",
            "type": "A"
          }
        ]
      },
      {
        "type": "AAAA",
        "request": "dns.msftncsi.com",
        "answers": [
          {
            "data": "fd3e:4f5a:5b81::1",
            "type": "AAAA"
          }
        ]
      },
      {
        "type": "A",
        "request": "teredo.ipv6.microsoft.com",
        "answers": []
      }
    ],
    "hosts": [
      "113.171.230.17",
      "8.8.8.8"
    ],
    "icmp": [],
    "smtp": []
  },
  "static_imports": [
    "RegQueryValueExW",
    "RegDeleteValueW",
    "RegCloseKey",
    "RegCreateKeyExW",
    "RegSetValueExW",
    "RegOpenKeyExW",
    "GlobalUnlock",
    "FreeLibrary",
    "GetFileAttributesW",
    "GetUserDefaultUILanguage",
    "LoadLibraryExW",
    "GetModuleFileNameW",
    "GetModuleHandleW",
    "GetCurrentThreadId",
    "FormatMessageW",
    "LoadLibraryW",
    "GetVersion",
    "GetProcAddress",
    "EncodePointer",
    "DecodePointer",
    "QueryPerformanceCounter",
    "GetSystemTimeAsFileTime",
    "GetTickCount64",
    "IsDebuggerPresent",
    "IsProcessorFeaturePresent",
    "GlobalLock",
    "MultiByteToWideChar",
    "__wgetmainargs",
    "__set_app_type",
    "exit",
    "_amsg_exit",
    "_cexit",
    "_configthreadlocale",
    "__setusermatherr",
    "__crtGetShowWindowMode",
    "_initterm",
    "_wcmdln",
    "_fmode",
    "_commode",
    "??1type_info@@UAE@XZ",
    "_lock",
    "_unlock",
    "_calloc_crt",
    "__dllonexit",
    "_onexit",
    "?terminate@@YAXXZ",
    "__crtSetUnhandledExceptionFilter",
    "_invoke_watson",
    "_controlfp_s",
    "_except_handler4_common",
    "_crt_debugger_hook",
    "__crtUnhandledException",
    "__crtTerminateProcess",
    "__CxxFrameHandler3",
    "_XcptFilter",
    "iswdigit",
    "iswxdigit",
    "??2@YAPAXI@Z",
    "wcstok_s",
    "wcsncpy_s",
    "??3@YAXPAX@Z",
    "_initterm_e",
    "_exit",
    "memset",
    "GetClipboardData",
    "OpenClipboard",
    "IsClipboardFormatAvailable",
    "WinHelpW",
    "DrawIcon",
    "GetClientRect",
    "GetSystemMetrics",
    "IsIconic",
    "SetFocus",
    "AttachThreadInput",
    "GetWindowThreadProcessId",
    "SendMessageW",
    "AppendMenuW",
    "DeleteMenu",
    "GetSystemMenu",
    "LoadIconW",
    "SetForegroundWindow",
    "FindWindowW",
    "EnableWindow",
    "GetParent",
    "CloseClipboard",
    "InitCommonControlsEx"
  ],
  "signatures_ttp": {},
  "signatures_full": [
    {
      "name": "has_pdb",
      "description": "This executable has a PDB path",
      "severity": 1,
      "ttp": {},
      "markcount": 1,
      "marks": [
        {
          "category": "pdb_path",
          "ioc": "ErrLook.pdb",
          "type": "ioc",
          "description": null
        }
      ]
    },
    {
      "name": "dead_host",
      "description": "Connects to an IP address that is no longer responding to requests (legitimate services will remain up-and-running usually)",
      "severity": 5,
      "ttp": {},
      "markcount": 1,
      "marks": [
        {
          "category": "dead_host",
          "ioc": "192.168.56.101:49163",
          "type": "ioc",
          "description": null
        }
      ]
    }
  ],
  "processes": [
    {
      "name": "lsass.exe",
      "path": "C:\\Windows\\System32\\lsass.exe",
      "pid": 484,
      "cmdline": "C:\\Windows\\system32\\lsass.exe",
      "modules": [
        "lsass.exe",
        "ntdll.dll",
        "kernel32.dll",
        "KERNELBASE.dll",
        "msvcrt.dll",
        "RPCRT4.dll",
        "SspiSrv.dll",
        "lsasrv.dll",
        "sechost.dll",
        "SspiCli.dll",
        "ADVAPI32.dll",
        "USER32.dll",
        "GDI32.dll",
        "LPK.dll",
        "USP10.dll",
        "SAMSRV.dll",
        "cryptdll.dll",
        "MSASN1.dll",
        "wevtapi.dll",
        "IMM32.DLL",
        "MSCTF.dll",
        "cngaudit.dll",
        "AUTHZ.dll",
        "ncrypt.dll",
        "bcrypt.dll",
        "msprivs.DLL",
        "netjoin.dll",
        "negoexts.DLL",
        "Secur32.dll",
        "cryptbase.dll",
        "kerberos.DLL",
        "CRYPTSP.dll",
        "WS2_32.dll",
        "NSI.dll",
        "mswsock.dll",
        "wship6.dll",
        "msv1_0.DLL",
        "netlogon.DLL",
        "DNSAPI.dll",
        "logoncli.dll",
        "schannel.DLL",
        "CRYPT32.dll",
        "wdigest.DLL",
        "rsaenh.dll",
        "tspkg.DLL",
        "pku2u.DLL",
        "bcryptprimitives.dll",
        "RpcRtRemote.dll",
        "efslsaext.dll",
        "WINSTA.dll",
        "scecli.DLL",
        "credssp.dll",
        "IPHLPAPI.DLL",
        "WINNSI.DLL",
        "netutils.dll",
        "USERENV.dll",
        "profapi.dll",
        "wshtcpip.dll",
        "monitor-x64.dll"
      ]
    }
  ]
}