{
  "behavior_summary": {
    "file_created": [],
    "file_deleted": [],
    "file_read": [],
    "file_recreated": [],
    "file_exists": [],
    "file_opened": [],
    "regkey_opened": [],
    "regkey_read": [],
    "regkey_written": [],
    "dll_loaded": [],
    "executed_commands": [],
    "directory_created": [],
    "mutex": [],
    "processes_created": [],
    "resolves_host": []
  },
  "dropped_files": [],
  "api_statistics": {},
  "api_call_sequence": [],
  "network": {
    "http": [],
    "tcp": [],
    "udp": [
      {
        "src": "192.168.56.101",
        "dst": "192.168.56.255",
        "offset": 1150,
        "time": 3.1156179904937744,
        "dport": 137,
        "sport": 137
      },
      {
        "src": "192.168.56.101",
        "dst": "224.0.0.252",
        "offset": 4550,
        "time": 1.5885891914367676,
        "dport": 5355,
        "sport": 50233
      },
      {
        "src": "192.168.56.101",
        "dst": "224.0.0.252",
        "offset": 4878,
        "time": 1.083177089691162,
        "dport": 5355,
        "sport": 53526
      },
      {
        "src": "192.168.56.101",
        "dst": "224.0.0.252",
        "offset": 5198,
        "time": 2.464478015899658,
        "dport": 5355,
        "sport": 54506
      },
      {
        "src": "192.168.56.101",
        "dst": "224.0.0.252",
        "offset": 5518,
        "time": 0.07995200157165527,
        "dport": 5355,
        "sport": 54795
      },
      {
        "src": "192.168.56.101",
        "dst": "224.0.0.252",
        "offset": 5846,
        "time": 3.0461699962615967,
        "dport": 5355,
        "sport": 60897
      },
      {
        "src": "192.168.56.101",
        "dst": "224.0.0.252",
        "offset": 6166,
        "time": 3.0458321571350098,
        "dport": 5355,
        "sport": 65068
      },
      {
        "src": "192.168.56.101",
        "dst": "8.8.8.8",
        "offset": 6494,
        "time": 2.3050100803375244,
        "dport": 53,
        "sport": 51755
      },
      {
        "src": "192.168.56.101",
        "dst": "8.8.8.8",
        "offset": 6694,
        "time": 2.3340539932250977,
        "dport": 53,
        "sport": 52790
      },
      {
        "src": "192.168.56.101",
        "dst": "8.8.8.8",
        "offset": 6906,
        "time": 2.7882561683654785,
        "dport": 53,
        "sport": 58224
      },
      {
        "src": "192.168.56.101",
        "dst": "8.8.8.8",
        "offset": 7180,
        "time": 3.046326160430908,
        "dport": 53,
        "sport": 58709
      }
    ],
    "dns": [
      {
        "type": "A",
        "request": "www.msftncsi.com",
        "answers": [
          {
            "data": "113.171.230.17",
            "type": "A"
          },
          {
            "data": "www.msftncsi.com.edgesuite.net",
            "type": "CNAME"
          },
          {
            "data": "a1961.g2.akamai.net",
            "type": "CNAME"
          }
        ]
      },
      {
        "type": "AAAA",
        "request": "dns.msftncsi.com",
        "answers": [
          {
            "data": "fd3e:4f5a:5b81::1",
            "type": "AAAA"
          }
        ]
      },
      {
        "type": "A",
        "request": "dns.msftncsi.com",
        "answers": [
          {
            "data": "131.107.255.255",
            "type": "A"
          }
        ]
      },
      {
        "type": "A",
        "request": "teredo.ipv6.microsoft.com",
        "answers": []
      }
    ],
    "hosts": [
      "113.171.230.17",
      "8.8.8.8"
    ],
    "icmp": [],
    "smtp": []
  },
  "static_imports": [
    "gimp_ui_init",
    "gimp_window_set_transient",
    "DeleteCriticalSection",
    "EnterCriticalSection",
    "GetCurrentProcess",
    "GetCurrentProcessId",
    "GetCurrentThreadId",
    "GetLastError",
    "GetModuleHandleA",
    "GetProcAddress",
    "GetStartupInfoA",
    "GetSystemTimeAsFileTime",
    "GetTickCount",
    "InitializeCriticalSection",
    "LeaveCriticalSection",
    "QueryPerformanceCounter",
    "RtlAddFunctionTable",
    "RtlCaptureContext",
    "RtlLookupFunctionEntry",
    "RtlVirtualUnwind",
    "SetUnhandledExceptionFilter",
    "Sleep",
    "TerminateProcess",
    "TlsGetValue",
    "UnhandledExceptionFilter",
    "VirtualProtect",
    "VirtualQuery",
    "__C_specific_handler",
    "__argc",
    "__argv",
    "__dllonexit",
    "__getmainargs",
    "__initenv",
    "__iob_func",
    "__lconv_init",
    "__set_app_type",
    "__setusermatherr",
    "_acmdln",
    "_amsg_exit",
    "_cexit",
    "_errno",
    "_fmode",
    "_initterm",
    "_lock",
    "_onexit",
    "_unlock",
    "abort",
    "calloc",
    "exit",
    "fclose",
    "fgets",
    "fprintf",
    "free",
    "fwrite",
    "malloc",
    "memcpy",
    "memset",
    "signal",
    "sscanf",
    "strlen",
    "strncmp",
    "vfprintf",
    "gimp_context_pop",
    "gimp_context_push",
    "gimp_context_set_interpolation",
    "gimp_context_set_transform_resize",
    "gimp_displays_flush",
    "gimp_drawable_get",
    "gimp_drawable_has_alpha",
    "gimp_drawable_height",
    "gimp_drawable_is_rgb",
    "gimp_drawable_mask_bounds",
    "gimp_drawable_offsets",
    "gimp_drawable_type",
    "gimp_drawable_width",
    "gimp_edit_copy",
    "gimp_edit_paste",
    "gimp_image_base_type",
    "gimp_image_delete",
    "gimp_image_get_selection",
    "gimp_image_insert_layer",
    "gimp_image_new",
    "gimp_image_remove_layer",
    "gimp_image_undo_disable",
    "gimp_image_undo_group_end",
    "gimp_image_undo_group_start",
    "gimp_install_procedure",
    "gimp_item_get_image",
    "gimp_item_get_name",
    "gimp_item_get_visible",
    "gimp_item_is_layer",
    "gimp_item_set_name",
    "gimp_item_set_visible",
    "gimp_item_transform_rotate",
    "gimp_layer_add_alpha",
    "gimp_layer_copy",
    "gimp_layer_get_mask",
    "gimp_layer_get_mode",
    "gimp_layer_get_opacity",
    "gimp_layer_is_floating_sel",
    "gimp_layer_new",
    "gimp_layer_resize",
    "gimp_layer_set_offsets",
    "gimp_main",
    "gimp_pixel_fetcher_destroy",
    "gimp_pixel_fetcher_get_pixel",
    "gimp_pixel_fetcher_new",
    "gimp_pixel_fetcher_put_pixel",
    "gimp_pixel_fetcher_set_edge_mode",
    "gimp_pixel_rgn_init",
    "gimp_pixel_rgns_process",
    "gimp_pixel_rgns_register",
    "gimp_plugin_menu_register",
    "gimp_procedural_db_get_data",
    "gimp_procedural_db_set_data",
    "gimp_progress_init",
    "gimp_progress_update",
    "gimp_selection_bounds",
    "gimp_tile_height",
    "gimp_tile_width",
    "gimp_filename_to_utf8",
    "gimp_locale_directory",
    "gimp_dialog_new",
    "gimp_frame_new",
    "gimp_help_set_help_data",
    "gimp_int_radio_group_new",
    "gimp_preview_area_draw",
    "gimp_preview_area_get_type",
    "gimp_preview_area_new",
    "gimp_radio_button_update",
    "gimp_spin_button_new",
    "gimp_standard_help_func",
    "gtk_box_new",
    "cairo_arc",
    "cairo_destroy",
    "cairo_line_to",
    "cairo_move_to",
    "cairo_new_sub_path",
    "cairo_paint",
    "cairo_set_line_width",
    "cairo_stroke",
    "cairo_translate",
    "gdk_cairo_create",
    "gdk_cairo_set_source_color",
    "gdk_cursor_new_for_display",
    "gdk_flush",
    "gdk_pixmap_new",
    "gdk_window_get_pointer",
    "gdk_window_set_cursor",
    "g_fopen",
    "g_free",
    "g_getenv_utf8",
    "g_log",
    "g_malloc",
    "g_malloc_n",
    "g_printerr",
    "g_set_error",
    "g_strdup_printf",
    "g_strerror",
    "g_object_get_data",
    "g_object_set_data",
    "g_signal_connect_data",
    "g_type_check_instance_cast",
    "gtk_adjustment_get_type",
    "gtk_adjustment_get_value",
    "gtk_adjustment_set_value",
    "gtk_alignment_new",
    "gtk_box_get_type",
    "gtk_box_pack_end",
    "gtk_box_pack_start",
    "gtk_button_new_from_stock",
    "gtk_button_new_with_mnemonic",
    "gtk_check_button_new_with_mnemonic",
    "gtk_container_add",
    "gtk_container_get_type",
    "gtk_container_set_border_width",
    "gtk_dialog_get_content_area",
    "gtk_dialog_get_type",
    "gtk_dialog_set_alternative_button_order",
    "gtk_dialog_set_default_response",
    "gtk_drawing_area_new",
    "gtk_file_chooser_dialog_new",
    "gtk_file_chooser_get_filename_utf8",
    "gtk_file_chooser_get_type",
    "gtk_file_chooser_set_current_name",
    "gtk_frame_get_type",
    "gtk_frame_new",
    "gtk_frame_set_shadow_type",
    "gtk_label_get_type",
    "gtk_label_new_with_mnemonic",
    "gtk_label_set_mnemonic_widget",
    "gtk_main",
    "gtk_main_quit",
    "gtk_toggle_button_get_active",
    "gtk_toggle_button_get_type",
    "gtk_toggle_button_set_active",
    "gtk_widget_destroy",
    "gtk_widget_destroyed",
    "gtk_widget_get_display",
    "gtk_widget_get_style",
    "gtk_widget_get_toplevel",
    "gtk_widget_get_type",
    "gtk_widget_get_visible",
    "gtk_widget_get_window",
    "gtk_widget_queue_draw",
    "gtk_widget_set_events",
    "gtk_widget_set_size_request",
    "gtk_widget_show",
    "gtk_window_get_type",
    "gtk_window_present",
    "libintl_bind_textdomain_codeset",
    "libintl_bindtextdomain",
    "libintl_fprintf",
    "libintl_gettext",
    "libintl_printf",
    "libintl_textdomain"
  ],
  "signatures_ttp": {},
  "signatures_full": [],
  "processes": [
    {
      "name": "lsass.exe",
      "path": "C:\\Windows\\System32\\lsass.exe",
      "pid": 484,
      "cmdline": "C:\\Windows\\system32\\lsass.exe",
      "modules": [
        "lsass.exe",
        "ntdll.dll",
        "kernel32.dll",
        "KERNELBASE.dll",
        "msvcrt.dll",
        "RPCRT4.dll",
        "SspiSrv.dll",
        "lsasrv.dll",
        "sechost.dll",
        "SspiCli.dll",
        "ADVAPI32.dll",
        "USER32.dll",
        "GDI32.dll",
        "LPK.dll",
        "USP10.dll",
        "SAMSRV.dll",
        "cryptdll.dll",
        "MSASN1.dll",
        "wevtapi.dll",
        "IMM32.DLL",
        "MSCTF.dll",
        "cngaudit.dll",
        "AUTHZ.dll",
        "ncrypt.dll",
        "bcrypt.dll",
        "msprivs.DLL",
        "netjoin.dll",
        "negoexts.DLL",
        "Secur32.dll",
        "cryptbase.dll",
        "kerberos.DLL",
        "CRYPTSP.dll",
        "WS2_32.dll",
        "NSI.dll",
        "mswsock.dll",
        "wship6.dll",
        "msv1_0.DLL",
        "netlogon.DLL",
        "DNSAPI.dll",
        "logoncli.dll",
        "schannel.DLL",
        "CRYPT32.dll",
        "wdigest.DLL",
        "rsaenh.dll",
        "tspkg.DLL",
        "pku2u.DLL",
        "bcryptprimitives.dll",
        "RpcRtRemote.dll",
        "efslsaext.dll",
        "WINSTA.dll",
        "scecli.DLL",
        "credssp.dll",
        "IPHLPAPI.DLL",
        "WINNSI.DLL",
        "netutils.dll",
        "USERENV.dll",
        "profapi.dll",
        "wshtcpip.dll",
        "monitor-x64.dll"
      ]
    }
  ]
}