{
  "behavior_summary": {
    "file_created": [],
    "file_deleted": [],
    "file_read": [],
    "file_recreated": [],
    "file_exists": [],
    "file_opened": [],
    "regkey_opened": [
      "HKEY_LOCAL_MACHINE\\Software\\Microsoft\\Tracing\\CMSTP",
      "HKEY_LOCAL_MACHINE\\Software\\Microsoft\\Tracing"
    ],
    "regkey_read": [
      "HKEY_LOCAL_MACHINE\\SOFTWARE\\Wow6432Node\\Microsoft\\Tracing\\CMSTP\\EnableFileTracing",
      "HKEY_LOCAL_MACHINE\\SOFTWARE\\Wow6432Node\\Microsoft\\Tracing\\CMSTP\\ConsoleTracingMask",
      "HKEY_LOCAL_MACHINE\\SOFTWARE\\Wow6432Node\\Microsoft\\Tracing\\CMSTP\\FileDirectory",
      "HKEY_LOCAL_MACHINE\\SOFTWARE\\Wow6432Node\\Microsoft\\Tracing\\CMSTP\\FileTracingMask",
      "HKEY_LOCAL_MACHINE\\SOFTWARE\\Microsoft\\Windows NT\\CurrentVersion\\GRE_Initialize\\DisableMetaFiles",
      "HKEY_LOCAL_MACHINE\\SOFTWARE\\Wow6432Node\\Microsoft\\Tracing\\CMSTP\\EnableConsoleTracing",
      "HKEY_LOCAL_MACHINE\\SOFTWARE\\Wow6432Node\\Microsoft\\Tracing\\EnableConsoleTracing",
      "HKEY_LOCAL_MACHINE\\SOFTWARE\\Wow6432Node\\Microsoft\\Tracing\\CMSTP\\MaxFileSize"
    ],
    "regkey_written": [
      "HKEY_LOCAL_MACHINE\\SOFTWARE\\Wow6432Node\\Microsoft\\Tracing\\CMSTP\\EnableFileTracing",
      "HKEY_LOCAL_MACHINE\\SOFTWARE\\Wow6432Node\\Microsoft\\Tracing\\CMSTP\\ConsoleTracingMask",
      "HKEY_LOCAL_MACHINE\\SOFTWARE\\Wow6432Node\\Microsoft\\Tracing\\CMSTP\\FileDirectory",
      "HKEY_LOCAL_MACHINE\\SOFTWARE\\Wow6432Node\\Microsoft\\Tracing\\CMSTP\\FileTracingMask",
      "HKEY_LOCAL_MACHINE\\SOFTWARE\\Wow6432Node\\Microsoft\\Tracing\\CMSTP\\EnableConsoleTracing",
      "HKEY_LOCAL_MACHINE\\SOFTWARE\\Wow6432Node\\Microsoft\\Tracing\\EnableConsoleTracing",
      "HKEY_LOCAL_MACHINE\\SOFTWARE\\Wow6432Node\\Microsoft\\Tracing\\CMSTP\\MaxFileSize"
    ],
    "dll_loaded": [
      "RTUTILS.DLL",
      "kernel32.dll"
    ],
    "executed_commands": [],
    "directory_created": [],
    "mutex": [],
    "processes_created": [],
    "resolves_host": []
  },
  "dropped_files": [],
  "api_statistics": {
    "2292": {
      "LdrUnloadDll": 4,
      "RegCloseKey": 3,
      "RegCreateKeyExA": 3,
      "LoadStringW": 2,
      "RegSetValueExA": 7,
      "GetSystemInfo": 1,
      "RegQueryValueExA": 13,
      "LdrGetProcedureAddress": 6,
      "MessageBoxTimeoutW": 1,
      "SetUnhandledExceptionFilter": 1,
      "NtTerminateProcess": 3,
      "NtClose": 19,
      "GetSystemTimeAsFileTime": 1,
      "RegOpenKeyExA": 1,
      "LdrLoadDll": 2,
      "LdrGetDllHandle": 2,
      "NtOpenKey": 1,
      "NtQueryValueKey": 1
    }
  },
  "api_call_sequence": [
    {
      "time": 1746151475.23425,
      "api": "GetSystemTimeAsFileTime",
      "pid": 2292,
      "arguments": {},
      "category": "synchronisation"
    },
    {
      "time": 1746151475.23425,
      "api": "SetUnhandledExceptionFilter",
      "pid": 2292,
      "arguments": {},
      "category": "exception"
    },
    {
      "time": 1746151475.23425,
      "api": "GetSystemInfo",
      "pid": 2292,
      "arguments": {
        "processor_count": 2
      },
      "category": "system"
    },
    {
      "time": 1746151475.23425,
      "api": "LdrLoadDll",
      "pid": 2292,
      "arguments": {
        "basename": "kernel32",
        "module_address": "0x77820000",
        "flags": 0,
        "module_name": "kernel32.dll",
        "stack_pivoted": 0
      },
      "category": "system"
    },
    {
      "time": 1746151475.23425,
      "api": "LdrGetProcedureAddress",
      "pid": 2292,
      "arguments": {
        "ordinal": 0,
        "module": "kernel32",
        "module_address": "0x77820000",
        "function_address": "0x77835651",
        "function_name": "HeapSetInformation"
      },
      "category": "system"
    },
    {
      "time": 1746151475.23425,
      "api": "LdrUnloadDll",
      "pid": 2292,
      "arguments": {
        "library": "kernel32",
        "module_address": "0x77820000"
      },
      "category": "system"
    },
    {
      "time": 1746151475.23425,
      "api": "LdrLoadDll",
      "pid": 2292,
      "arguments": {
        "basename": "RTUTILS",
        "module_address": "0x74640000",
        "flags": 0,
        "module_name": "RTUTILS.DLL",
        "stack_pivoted": 0
      },
      "category": "system"
    },
    {
      "time": 1746151475.23425,
      "api": "LdrGetProcedureAddress",
      "pid": 2292,
      "arguments": {
        "ordinal": 0,
        "module": "RTUTILS",
        "module_address": "0x74640000",
        "function_address": "0x74642305",
        "function_name": "TraceRegisterExA"
      },
      "category": "system"
    },
    {
      "time": 1746151475.23425,
      "api": "LdrGetProcedureAddress",
      "pid": 2292,
      "arguments": {
        "ordinal": 0,
        "module": "RTUTILS",
        "module_address": "0x74640000",
        "function_address": "0x74643576",
        "function_name": "TraceDeregisterExA"
      },
      "category": "system"
    },
    {
      "time": 1746151475.23425,
      "api": "LdrGetProcedureAddress",
      "pid": 2292,
      "arguments": {
        "ordinal": 0,
        "module": "RTUTILS",
        "module_address": "0x74640000",
        "function_address": "0x74644e4d",
        "function_name": "TracePrintfA"
      },
      "category": "system"
    },
    {
      "time": 1746151475.23425,
      "api": "LdrGetProcedureAddress",
      "pid": 2292,
      "arguments": {
        "ordinal": 0,
        "module": "RTUTILS",
        "module_address": "0x74640000",
        "function_address": "0x74641b2d",
        "function_name": "TracePrintfExA"
      },
      "category": "system"
    },
    {
      "time": 1746151475.23425,
      "api": "LdrGetProcedureAddress",
      "pid": 2292,
      "arguments": {
        "ordinal": 0,
        "module": "RTUTILS",
        "module_address": "0x74640000",
        "function_address": "0x74644ae9",
        "function_name": "TraceDumpExA"
      },
      "category": "system"
    },
    {
      "time": 1746151475.23425,
      "api": "RegCreateKeyExA",
      "pid": 2292,
      "arguments": {
        "access": "0x00000003",
        "base_handle": "0x80000002",
        "regkey": "HKEY_LOCAL_MACHINE\\Software\\Microsoft\\Tracing",
        "key_handle": "0x000000b4",
        "options": 0,
        "regkey_r": "Software\\Microsoft\\Tracing",
        "disposition": 2,
        "class": ""
      },
      "category": "registry"
    },
    {
      "time": 1746151475.23425,
      "api": "RegQueryValueExA",
      "pid": 2292,
      "arguments": {
        "key_handle": "0x000000b4",
        "value": "",
        "regkey_r": "EnableConsoleTracing",
        "reg_type": 0,
        "regkey": "HKEY_LOCAL_MACHINE\\SOFTWARE\\Wow6432Node\\Microsoft\\Tracing\\EnableConsoleTracing"
      },
      "category": "registry"
    },
    {
      "time": 1746151475.23425,
      "api": "RegSetValueExA",
      "pid": 2292,
      "arguments": {
        "key_handle": "0x000000b4",
        "value": 0,
        "regkey_r": "EnableConsoleTracing",
        "reg_type": 4,
        "regkey": "HKEY_LOCAL_MACHINE\\SOFTWARE\\Wow6432Node\\Microsoft\\Tracing\\EnableConsoleTracing"
      },
      "category": "registry"
    },
    {
      "time": 1746151475.23425,
      "api": "RegCloseKey",
      "pid": 2292,
      "arguments": {
        "key_handle": "0x000000b4"
      },
      "category": "registry"
    },
    {
      "time": 1746151475.23425,
      "api": "RegOpenKeyExA",
      "pid": 2292,
      "arguments": {
        "access": "0x00020019",
        "base_handle": "0x80000002",
        "key_handle": "0x00000000",
        "regkey": "HKEY_LOCAL_MACHINE\\Software\\Microsoft\\Tracing\\CMSTP",
        "regkey_r": "Software\\Microsoft\\Tracing\\CMSTP",
        "options": 0
      },
      "category": "registry"
    },
    {
      "time": 1746151475.23425,
      "api": "RegCreateKeyExA",
      "pid": 2292,
      "arguments": {
        "access": "0x0002001f",
        "base_handle": "0x80000002",
        "regkey": "HKEY_LOCAL_MACHINE\\Software\\Microsoft\\Tracing",
        "key_handle": "0x000000b8",
        "options": 0,
        "regkey_r": "Software\\Microsoft\\Tracing",
        "disposition": 2,
        "class": ""
      },
      "category": "registry"
    },
    {
      "time": 1746151475.23425,
      "api": "RegCloseKey",
      "pid": 2292,
      "arguments": {
        "key_handle": "0x000000b8"
      },
      "category": "registry"
    },
    {
      "time": 1746151475.23425,
      "api": "RegCreateKeyExA",
      "pid": 2292,
      "arguments": {
        "access": "0x0002001b",
        "base_handle": "0x80000002",
        "regkey": "HKEY_LOCAL_MACHINE\\Software\\Microsoft\\Tracing\\CMSTP",
        "key_handle": "0x000000b8",
        "options": 0,
        "regkey_r": "Software\\Microsoft\\Tracing\\CMSTP",
        "disposition": 1,
        "class": ""
      },
      "category": "registry"
    },
    {
      "time": 1746151475.23425,
      "api": "RegSetValueExA",
      "pid": 2292,
      "arguments": {
        "key_handle": "0x000000b8",
        "value": 0,
        "regkey_r": "EnableFileTracing",
        "reg_type": 4,
        "regkey": "HKEY_LOCAL_MACHINE\\SOFTWARE\\Wow6432Node\\Microsoft\\Tracing\\CMSTP\\EnableFileTracing"
      },
      "category": "registry"
    },
    {
      "time": 1746151475.23425,
      "api": "RegSetValueExA",
      "pid": 2292,
      "arguments": {
        "key_handle": "0x000000b8",
        "value": 0,
        "regkey_r": "EnableConsoleTracing",
        "reg_type": 4,
        "regkey": "HKEY_LOCAL_MACHINE\\SOFTWARE\\Wow6432Node\\Microsoft\\Tracing\\CMSTP\\EnableConsoleTracing"
      },
      "category": "registry"
    },
    {
      "time": 1746151475.23425,
      "api": "RegSetValueExA",
      "pid": 2292,
      "arguments": {
        "key_handle": "0x000000b8",
        "value": 4294901760,
        "regkey_r": "FileTracingMask",
        "reg_type": 4,
        "regkey": "HKEY_LOCAL_MACHINE\\SOFTWARE\\Wow6432Node\\Microsoft\\Tracing\\CMSTP\\FileTracingMask"
      },
      "category": "registry"
    },
    {
      "time": 1746151475.23425,
      "api": "RegSetValueExA",
      "pid": 2292,
      "arguments": {
        "key_handle": "0x000000b8",
        "value": 4294901760,
        "regkey_r": "ConsoleTracingMask",
        "reg_type": 4,
        "regkey": "HKEY_LOCAL_MACHINE\\SOFTWARE\\Wow6432Node\\Microsoft\\Tracing\\CMSTP\\ConsoleTracingMask"
      },
      "category": "registry"
    },
    {
      "time": 1746151475.23425,
      "api": "RegSetValueExA",
      "pid": 2292,
      "arguments": {
        "key_handle": "0x000000b8",
        "value": 1048576,
        "regkey_r": "MaxFileSize",
        "reg_type": 4,
        "regkey": "HKEY_LOCAL_MACHINE\\SOFTWARE\\Wow6432Node\\Microsoft\\Tracing\\CMSTP\\MaxFileSize"
      },
      "category": "registry"
    },
    {
      "time": 1746151475.23425,
      "api": "RegSetValueExA",
      "pid": 2292,
      "arguments": {
        "key_handle": "0x000000b8",
        "value": "%windir%\\tracing",
        "regkey_r": "FileDirectory",
        "reg_type": 2,
        "regkey": "HKEY_LOCAL_MACHINE\\SOFTWARE\\Wow6432Node\\Microsoft\\Tracing\\CMSTP\\FileDirectory"
      },
      "category": "registry"
    },
    {
      "time": 1746151475.23425,
      "api": "RegQueryValueExA",
      "pid": 2292,
      "arguments": {
        "key_handle": "0x000000b8",
        "value": 0,
        "regkey_r": "EnableFileTracing",
        "reg_type": 4,
        "regkey": "HKEY_LOCAL_MACHINE\\SOFTWARE\\Wow6432Node\\Microsoft\\Tracing\\CMSTP\\EnableFileTracing"
      },
      "category": "registry"
    },
    {
      "time": 1746151475.23425,
      "api": "RegQueryValueExA",
      "pid": 2292,
      "arguments": {
        "key_handle": "0x000000b8",
        "value": 4294901760,
        "regkey_r": "FileTracingMask",
        "reg_type": 4,
        "regkey": "HKEY_LOCAL_MACHINE\\SOFTWARE\\Wow6432Node\\Microsoft\\Tracing\\CMSTP\\FileTracingMask"
      },
      "category": "registry"
    },
    {
      "time": 1746151475.23425,
      "api": "RegQueryValueExA",
      "pid": 2292,
      "arguments": {
        "key_handle": "0x000000b8",
        "value": 0,
        "regkey_r": "EnableConsoleTracing",
        "reg_type": 4,
        "regkey": "HKEY_LOCAL_MACHINE\\SOFTWARE\\Wow6432Node\\Microsoft\\Tracing\\CMSTP\\EnableConsoleTracing"
      },
      "category": "registry"
    },
    {
      "time": 1746151475.23425,
      "api": "RegQueryValueExA",
      "pid": 2292,
      "arguments": {
        "key_handle": "0x000000b8",
        "value": 4294901760,
        "regkey_r": "ConsoleTracingMask",
        "reg_type": 4,
        "regkey": "HKEY_LOCAL_MACHINE\\SOFTWARE\\Wow6432Node\\Microsoft\\Tracing\\CMSTP\\ConsoleTracingMask"
      },
      "category": "registry"
    },
    {
      "time": 1746151475.23425,
      "api": "RegQueryValueExA",
      "pid": 2292,
      "arguments": {
        "key_handle": "0x000000b8",
        "value": 1048576,
        "regkey_r": "MaxFileSize",
        "reg_type": 4,
        "regkey": "HKEY_LOCAL_MACHINE\\SOFTWARE\\Wow6432Node\\Microsoft\\Tracing\\CMSTP\\MaxFileSize"
      },
      "category": "registry"
    },
    {
      "time": 1746151475.23425,
      "api": "RegQueryValueExA",
      "pid": 2292,
      "arguments": {
        "key_handle": "0x000000b8",
        "value": "%windir%\\tracing",
        "regkey_r": "FileDirectory",
        "reg_type": 2,
        "regkey": "HKEY_LOCAL_MACHINE\\SOFTWARE\\Wow6432Node\\Microsoft\\Tracing\\CMSTP\\FileDirectory"
      },
      "category": "registry"
    },
    {
      "time": 1746151475.23425,
      "api": "RegQueryValueExA",
      "pid": 2292,
      "arguments": {
        "key_handle": "0x000000b8",
        "value": 0,
        "regkey_r": "EnableFileTracing",
        "reg_type": 4,
        "regkey": "HKEY_LOCAL_MACHINE\\SOFTWARE\\Wow6432Node\\Microsoft\\Tracing\\CMSTP\\EnableFileTracing"
      },
      "category": "registry"
    },
    {
      "time": 1746151475.23425,
      "api": "RegQueryValueExA",
      "pid": 2292,
      "arguments": {
        "key_handle": "0x000000b8",
        "value": 4294901760,
        "regkey_r": "FileTracingMask",
        "reg_type": 4,
        "regkey": "HKEY_LOCAL_MACHINE\\SOFTWARE\\Wow6432Node\\Microsoft\\Tracing\\CMSTP\\FileTracingMask"
      },
      "category": "registry"
    },
    {
      "time": 1746151475.23425,
      "api": "RegQueryValueExA",
      "pid": 2292,
      "arguments": {
        "key_handle": "0x000000b8",
        "value": 0,
        "regkey_r": "EnableConsoleTracing",
        "reg_type": 4,
        "regkey": "HKEY_LOCAL_MACHINE\\SOFTWARE\\Wow6432Node\\Microsoft\\Tracing\\CMSTP\\EnableConsoleTracing"
      },
      "category": "registry"
    },
    {
      "time": 1746151475.23425,
      "api": "RegQueryValueExA",
      "pid": 2292,
      "arguments": {
        "key_handle": "0x000000b8",
        "value": 4294901760,
        "regkey_r": "ConsoleTracingMask",
        "reg_type": 4,
        "regkey": "HKEY_LOCAL_MACHINE\\SOFTWARE\\Wow6432Node\\Microsoft\\Tracing\\CMSTP\\ConsoleTracingMask"
      },
      "category": "registry"
    },
    {
      "time": 1746151475.23425,
      "api": "RegQueryValueExA",
      "pid": 2292,
      "arguments": {
        "key_handle": "0x000000b8",
        "value": 1048576,
        "regkey_r": "MaxFileSize",
        "reg_type": 4,
        "regkey": "HKEY_LOCAL_MACHINE\\SOFTWARE\\Wow6432Node\\Microsoft\\Tracing\\CMSTP\\MaxFileSize"
      },
      "category": "registry"
    },
    {
      "time": 1746151475.23425,
      "api": "RegQueryValueExA",
      "pid": 2292,
      "arguments": {
        "key_handle": "0x000000b8",
        "value": "%windir%\\tracing",
        "regkey_r": "FileDirectory",
        "reg_type": 2,
        "regkey": "HKEY_LOCAL_MACHINE\\SOFTWARE\\Wow6432Node\\Microsoft\\Tracing\\CMSTP\\FileDirectory"
      },
      "category": "registry"
    },
    {
      "time": 1746151475.23425,
      "api": "LoadStringW",
      "pid": 2292,
      "arguments": {
        "module_handle": "0x00bd0000",
        "id": 210,
        "string": ""
      },
      "category": "ui"
    },
    {
      "time": 1746151475.23425,
      "api": "LoadStringW",
      "pid": 2292,
      "arguments": {
        "module_handle": "0x00bd0000",
        "id": 200,
        "string": ""
      },
      "category": "ui"
    },
    {
      "time": 1746151477.14025,
      "api": "MessageBoxTimeoutW",
      "pid": 2292,
      "arguments": {
        "window_handle": "0x00000000",
        "text": "",
        "caption": "",
        "flags": 64,
        "language_identifier": 0
      },
      "category": "ui"
    },
    {
      "time": 1746151477.14025,
      "api": "NtClose",
      "pid": 2292,
      "arguments": {
        "handle": "0x000000b4"
      },
      "category": "system"
    },
    {
      "time": 1746151477.14025,
      "api": "RegCloseKey",
      "pid": 2292,
      "arguments": {
        "key_handle": "0x000000b8"
      },
      "category": "registry"
    },
    {
      "time": 1746151477.14025,
      "api": "NtClose",
      "pid": 2292,
      "arguments": {
        "handle": "0x000000bc"
      },
      "category": "system"
    },
    {
      "time": 1746151477.14025,
      "api": "LdrUnloadDll",
      "pid": 2292,
      "arguments": {
        "library": "RTUTILS",
        "module_address": "0x74640000"
      },
      "category": "system"
    },
    {
      "time": 1746151477.14025,
      "api": "LdrGetDllHandle",
      "pid": 2292,
      "arguments": {
        "module_name": "mscoree.dll",
        "stack_pivoted": 0,
        "module_address": "0x00000000"
      },
      "category": "system"
    },
    {
      "time": 1746151477.14025,
      "api": "LdrGetDllHandle",
      "pid": 2292,
      "arguments": {
        "module_name": "mscoree.dll",
        "stack_pivoted": 0,
        "module_address": "0x00000000"
      },
      "category": "system"
    },
    {
      "time": 1746151477.14025,
      "api": "NtTerminateProcess",
      "pid": 2292,
      "arguments": {
        "status_code": "0x00000000",
        "process_identifier": 0,
        "process_handle": "0x00000000"
      },
      "category": "process"
    },
    {
      "time": 1746151477.14025,
      "api": "NtTerminateProcess",
      "pid": 2292,
      "arguments": {
        "status_code": "0x00000000",
        "process_identifier": 0,
        "process_handle": "0x00000000"
      },
      "category": "process"
    },
    {
      "time": 1746151477.14025,
      "api": "LdrUnloadDll",
      "pid": 2292,
      "arguments": {
        "library": "MSCTF",
        "module_address": "0x75c60000"
      },
      "category": "system"
    },
    {
      "time": 1746151477.15625,
      "api": "NtClose",
      "pid": 2292,
      "arguments": {
        "handle": "0x00000100"
      },
      "category": "system"
    },
    {
      "time": 1746151477.15625,
      "api": "NtClose",
      "pid": 2292,
      "arguments": {
        "handle": "0x000000d0"
      },
      "category": "system"
    },
    {
      "time": 1746151477.15625,
      "api": "NtClose",
      "pid": 2292,
      "arguments": {
        "handle": "0x000000cc"
      },
      "category": "system"
    },
    {
      "time": 1746151477.15625,
      "api": "NtClose",
      "pid": 2292,
      "arguments": {
        "handle": "0x000000e8"
      },
      "category": "system"
    },
    {
      "time": 1746151477.15625,
      "api": "NtClose",
      "pid": 2292,
      "arguments": {
        "handle": "0x00000040"
      },
      "category": "system"
    },
    {
      "time": 1746151477.15625,
      "api": "NtClose",
      "pid": 2292,
      "arguments": {
        "handle": "0x0000008c"
      },
      "category": "system"
    },
    {
      "time": 1746151477.15625,
      "api": "NtClose",
      "pid": 2292,
      "arguments": {
        "handle": "0x00000080"
      },
      "category": "system"
    },
    {
      "time": 1746151477.15625,
      "api": "NtClose",
      "pid": 2292,
      "arguments": {
        "handle": "0x00000084"
      },
      "category": "system"
    },
    {
      "time": 1746151477.15625,
      "api": "NtClose",
      "pid": 2292,
      "arguments": {
        "handle": "0x00000088"
      },
      "category": "system"
    },
    {
      "time": 1746151477.15625,
      "api": "NtClose",
      "pid": 2292,
      "arguments": {
        "handle": "0x00000090"
      },
      "category": "system"
    },
    {
      "time": 1746151477.15625,
      "api": "NtClose",
      "pid": 2292,
      "arguments": {
        "handle": "0x0000007c"
      },
      "category": "system"
    },
    {
      "time": 1746151477.15625,
      "api": "NtClose",
      "pid": 2292,
      "arguments": {
        "handle": "0x00000078"
      },
      "category": "system"
    },
    {
      "time": 1746151477.15625,
      "api": "NtClose",
      "pid": 2292,
      "arguments": {
        "handle": "0x00000058"
      },
      "category": "system"
    },
    {
      "time": 1746151477.15625,
      "api": "LdrUnloadDll",
      "pid": 2292,
      "arguments": {
        "library": "IMM32",
        "module_address": "0x77030000"
      },
      "category": "system"
    },
    {
      "time": 1746151477.15625,
      "api": "NtOpenKey",
      "pid": 2292,
      "arguments": {
        "key_handle": "0x00000058",
        "desired_access": "0x00020019",
        "regkey": "HKEY_LOCAL_MACHINE\\Software\\Microsoft\\Windows NT\\CurrentVersion\\GRE_Initialize"
      },
      "category": "registry"
    },
    {
      "time": 1746151477.15625,
      "api": "NtQueryValueKey",
      "pid": 2292,
      "arguments": {
        "key_handle": "0x00000058",
        "key_name": "",
        "value": "",
        "reg_type": 0,
        "information_class": 2,
        "regkey": "HKEY_LOCAL_MACHINE\\SOFTWARE\\Microsoft\\Windows NT\\CurrentVersion\\GRE_Initialize\\DisableMetaFiles"
      },
      "category": "registry"
    },
    {
      "time": 1746151477.15625,
      "api": "NtClose",
      "pid": 2292,
      "arguments": {
        "handle": "0x00000058"
      },
      "category": "system"
    },
    {
      "time": 1746151477.15625,
      "api": "NtClose",
      "pid": 2292,
      "arguments": {
        "handle": "0x00000030"
      },
      "category": "system"
    },
    {
      "time": 1746151477.15625,
      "api": "NtClose",
      "pid": 2292,
      "arguments": {
        "handle": "0x00000024"
      },
      "category": "system"
    },
    {
      "time": 1746151477.15625,
      "api": "NtClose",
      "pid": 2292,
      "arguments": {
        "handle": "0x0000002c"
      },
      "category": "system"
    },
    {
      "time": 1746151477.15625,
      "api": "NtTerminateProcess",
      "pid": 2292,
      "arguments": {
        "status_code": "0x00000000",
        "process_identifier": 2292,
        "process_handle": "0xffffffff"
      },
      "category": "process"
    }
  ],
  "network": {
    "http": [
      {
        "count": 1,
        "body": "",
        "uri": "http://www.msftncsi.com/ncsi.txt",
        "user-agent": "Microsoft NCSI",
        "method": "GET",
        "host": "www.msftncsi.com",
        "version": "1.1",
        "path": "/ncsi.txt",
        "data": "GET /ncsi.txt HTTP/1.1\r\nConnection: Close\r\nUser-Agent: Microsoft NCSI\r\nHost: www.msftncsi.com\r\n\r\n",
        "port": 80
      }
    ],
    "tcp": [
      {
        "src": "192.168.56.101",
        "dst": "113.171.230.17",
        "offset": 1642,
        "time": 2.8078420162200928,
        "dport": 80,
        "sport": 49161
      }
    ],
    "udp": [
      {
        "src": "192.168.56.101",
        "dst": "192.168.56.255",
        "offset": 2338,
        "time": 3.0796010494232178,
        "dport": 137,
        "sport": 137
      },
      {
        "src": "192.168.56.101",
        "dst": "224.0.0.252",
        "offset": 6710,
        "time": 1.0216600894927979,
        "dport": 5355,
        "sport": 50233
      },
      {
        "src": "192.168.56.101",
        "dst": "224.0.0.252",
        "offset": 7030,
        "time": 1.0780091285705566,
        "dport": 5355,
        "sport": 52790
      },
      {
        "src": "192.168.56.101",
        "dst": "224.0.0.252",
        "offset": 7358,
        "time": 0.043290138244628906,
        "dport": 5355,
        "sport": 53526
      },
      {
        "src": "192.168.56.101",
        "dst": "224.0.0.252",
        "offset": 7686,
        "time": 3.0132250785827637,
        "dport": 5355,
        "sport": 57168
      },
      {
        "src": "192.168.56.101",
        "dst": "224.0.0.252",
        "offset": 8006,
        "time": 3.013641119003296,
        "dport": 5355,
        "sport": 58709
      },
      {
        "src": "192.168.56.101",
        "dst": "224.0.0.252",
        "offset": 8334,
        "time": 2.430410146713257,
        "dport": 5355,
        "sport": 62139
      },
      {
        "src": "192.168.56.101",
        "dst": "8.8.8.8",
        "offset": 8654,
        "time": 2.0873382091522217,
        "dport": 53,
        "sport": 54506
      },
      {
        "src": "192.168.56.101",
        "dst": "8.8.8.8",
        "offset": 8866,
        "time": 2.0552291870117188,
        "dport": 53,
        "sport": 55116
      },
      {
        "src": "192.168.56.101",
        "dst": "8.8.8.8",
        "offset": 9066,
        "time": 3.0151760578155518,
        "dport": 53,
        "sport": 59798
      },
      {
        "src": "192.168.56.101",
        "dst": "8.8.8.8",
        "offset": 9341,
        "time": 2.7520580291748047,
        "dport": 53,
        "sport": 65068
      }
    ],
    "dns": [
      {
        "type": "A",
        "request": "www.msftncsi.com",
        "answers": [
          {
            "data": "113.171.230.17",
            "type": "A"
          },
          {
            "data": "www.msftncsi.com.edgesuite.net",
            "type": "CNAME"
          },
          {
            "data": "a1961.g2.akamai.net",
            "type": "CNAME"
          }
        ]
      },
      {
        "type": "A",
        "request": "dns.msftncsi.com",
        "answers": [
          {
            "data": "131.107.255.255",
            "type": "A"
          }
        ]
      },
      {
        "type": "AAAA",
        "request": "dns.msftncsi.com",
        "answers": [
          {
            "data": "fd3e:4f5a:5b81::1",
            "type": "AAAA"
          }
        ]
      },
      {
        "type": "A",
        "request": "teredo.ipv6.microsoft.com",
        "answers": []
      }
    ],
    "hosts": [
      "113.171.230.17",
      "8.8.8.8"
    ],
    "icmp": [],
    "smtp": []
  },
  "static_imports": [
    "RegQueryValueExW",
    "RegOpenKeyExW",
    "RegCloseKey",
    "OpenProcessToken",
    "RegQueryInfoKeyW",
    "RegDeleteKeyW",
    "RegEnumKeyExW",
    "RegCreateKeyW",
    "RegCreateKeyExW",
    "LookupPrivilegeValueW",
    "RegDeleteValueW",
    "AllocateAndInitializeSid",
    "FreeSid",
    "AdjustTokenPrivileges",
    "InitiateSystemShutdownW",
    "RegSetValueExW",
    "RegEnumValueW",
    "GetProcAddress",
    "GetCurrentProcessId",
    "FindFirstFileW",
    "GetCurrentProcess",
    "WritePrivateProfileSectionW",
    "CreateFileW",
    "CompareStringW",
    "lstrcmpW",
    "lstrlenW",
    "WritePrivateProfileStringW",
    "GetPrivateProfileIntW",
    "GetLastError",
    "FindClose",
    "lstrcmpiW",
    "FindNextFileW",
    "CloseHandle",
    "GetWindowsDirectoryW",
    "GetCurrentDirectoryW",
    "SetFileAttributesW",
    "lstrlenA",
    "GetWindowsDirectoryA",
    "GetSystemDirectoryW",
    "LoadLibraryW",
    "CopyFileW",
    "GetModuleHandleA",
    "LoadLibraryExA",
    "LocalFree",
    "ExpandEnvironmentStringsW",
    "CreateMutexW",
    "WaitForSingleObject",
    "ReleaseMutex",
    "GetProcessHeap",
    "HeapFree",
    "HeapAlloc",
    "GetSystemInfo",
    "GetVersionExW",
    "SetCurrentDirectoryW",
    "CreateDirectoryW",
    "LocalAlloc",
    "LoadLibraryA",
    "WideCharToMultiByte",
    "GetTickCount",
    "GetSystemTimeAsFileTime",
    "GetCurrentThreadId",
    "QueryPerformanceCounter",
    "TerminateProcess",
    "SetUnhandledExceptionFilter",
    "GetFileType",
    "UnhandledExceptionFilter",
    "GetStartupInfoA",
    "Sleep",
    "GetPrivateProfileStringW",
    "GetModuleHandleW",
    "LoadLibraryExW",
    "FreeLibrary",
    "GetCommandLineW",
    "GetPrivateProfileSectionW",
    "CheckDlgButton",
    "EndDialog",
    "GetDlgItem",
    "IsDlgButtonChecked",
    "DialogBoxParamW",
    "MessageBoxW",
    "IsWindow",
    "CheckRadioButton",
    "GetDlgItemTextW",
    "CharPrevW",
    "SetWindowTextW",
    "MessageBoxExW",
    "CharNextW",
    "LoadStringW",
    "SetFocus",
    "exit",
    "__set_app_type",
    "__getmainargs",
    "_amsg_exit",
    "__p__commode",
    "_XcptFilter",
    "_cexit",
    "__p__fmode",
    "_vsnprintf",
    "_exit",
    "_ismbblead",
    "_except_handler4_common",
    "_controlfp",
    "?terminate@@YAXXZ",
    "_acmdln",
    "_initterm",
    "__setusermatherr",
    "_vsnwprintf",
    "memset",
    "CmRealloc",
    "SzToWzWithAlloc",
    "GetOSVersion",
    "CmMalloc",
    "GetOSMajorVersion",
    "WzToSzWithAlloc",
    "CmFree",
    "CoUninitialize",
    "CoInitialize",
    "SHGetFolderPathW",
    "SHChangeNotify",
    "SHFileOperationW",
    "SHGetMalloc",
    "SHGetPathFromIDListW",
    "SHGetDesktopFolder",
    "ShellExecuteExW",
    "SHGetSpecialFolderLocation",
    "GetFileVersionInfoA",
    "GetFileVersionInfoSizeA",
    "VerQueryValueA"
  ],
  "signatures_ttp": {
    "T1045": "Software Packing"
  },
  "signatures_full": [
    {
      "name": "has_pdb",
      "description": "This executable has a PDB path",
      "severity": 1,
      "ttp": {},
      "markcount": 1,
      "marks": [
        {
          "category": "pdb_path",
          "ioc": "cmstp.pdb",
          "type": "ioc",
          "description": null
        }
      ]
    },
    {
      "name": "pe_unknown_resource_name",
      "description": "The file contains an unknown PE resource name possibly indicative of a packer",
      "severity": 1,
      "ttp": {
        "T1045": {
          "short": "Software Packing",
          "long": "Software packing is a method of compressing or encrypting an executable. Packing an executable changes the file signature in an attempt to avoid signature-based detection. Most decompression techniques decompress the executable code in memory."
        }
      },
      "markcount": 2,
      "marks": [
        {
          "category": "resource name",
          "ioc": "MUI",
          "type": "ioc",
          "description": null
        },
        {
          "category": "resource name",
          "ioc": "REGINST",
          "type": "ioc",
          "description": null
        }
      ]
    }
  ],
  "processes": [
    {
      "name": "lsass.exe",
      "path": "C:\\Windows\\System32\\lsass.exe",
      "pid": 484,
      "cmdline": "C:\\Windows\\system32\\lsass.exe",
      "modules": [
        "lsass.exe",
        "ntdll.dll",
        "kernel32.dll",
        "KERNELBASE.dll",
        "msvcrt.dll",
        "RPCRT4.dll",
        "SspiSrv.dll",
        "lsasrv.dll",
        "sechost.dll",
        "SspiCli.dll",
        "ADVAPI32.dll",
        "USER32.dll",
        "GDI32.dll",
        "LPK.dll",
        "USP10.dll",
        "SAMSRV.dll",
        "cryptdll.dll",
        "MSASN1.dll",
        "wevtapi.dll",
        "IMM32.DLL",
        "MSCTF.dll",
        "cngaudit.dll",
        "AUTHZ.dll",
        "ncrypt.dll",
        "bcrypt.dll",
        "msprivs.DLL",
        "netjoin.dll",
        "negoexts.DLL",
        "Secur32.dll",
        "cryptbase.dll",
        "kerberos.DLL",
        "CRYPTSP.dll",
        "WS2_32.dll",
        "NSI.dll",
        "mswsock.dll",
        "wship6.dll",
        "msv1_0.DLL",
        "netlogon.DLL",
        "DNSAPI.dll",
        "logoncli.dll",
        "schannel.DLL",
        "CRYPT32.dll",
        "wdigest.DLL",
        "rsaenh.dll",
        "tspkg.DLL",
        "pku2u.DLL",
        "bcryptprimitives.dll",
        "RpcRtRemote.dll",
        "efslsaext.dll",
        "WINSTA.dll",
        "scecli.DLL",
        "credssp.dll",
        "IPHLPAPI.DLL",
        "WINNSI.DLL",
        "netutils.dll",
        "USERENV.dll",
        "profapi.dll",
        "wshtcpip.dll",
        "monitor-x64.dll"
      ]
    },
    {
      "name": "04720bfdcf20864606b17eabea2b9ead471c1fbd71bf8ce8246edb7247b5d148.exe",
      "path": "C:\\Users\\Administrator\\AppData\\Local\\Temp\\04720bfdcf20864606b17eabea2b9ead471c1fbd71bf8ce8246edb7247b5d148.exe",
      "pid": 2292,
      "cmdline": "\"C:\\Users\\Administrator\\AppData\\Local\\Temp\\04720bfdcf20864606b17eabea2b9ead471c1fbd71bf8ce8246edb7247b5d148.exe\" ",
      "modules": [
        "04720bfdcf20864606b17eabea2b9ead471c1fbd71bf8ce8246edb7247b5d148.exe",
        "ntdll.dll",
        "kernel32.dll",
        "KERNELBASE.dll",
        "ADVAPI32.dll",
        "msvcrt.dll",
        "sechost.dll",
        "RPCRT4.dll",
        "SspiCli.dll",
        "CRYPTBASE.dll",
        "USER32.dll",
        "GDI32.dll",
        "LPK.dll",
        "USP10.dll",
        "cmutil.dll",
        "VERSION.dll",
        "ole32.dll",
        "SHELL32.dll",
        "SHLWAPI.dll",
        "IMM32.DLL",
        "MSCTF.dll",
        "monitor-x86.dll"
      ]
    }
  ]
}