{
  "behavior_summary": {
    "file_created": [],
    "file_deleted": [],
    "file_read": [],
    "file_recreated": [],
    "file_exists": [],
    "file_opened": [],
    "regkey_opened": [],
    "regkey_read": [],
    "regkey_written": [],
    "dll_loaded": [],
    "executed_commands": [],
    "directory_created": [],
    "mutex": [],
    "processes_created": [],
    "resolves_host": []
  },
  "dropped_files": [],
  "api_statistics": {},
  "api_call_sequence": [],
  "network": {
    "http": [
      {
        "count": 1,
        "body": "",
        "uri": "http://www.msftncsi.com/ncsi.txt",
        "user-agent": "Microsoft NCSI",
        "method": "GET",
        "host": "www.msftncsi.com",
        "version": "1.1",
        "path": "/ncsi.txt",
        "data": "GET /ncsi.txt HTTP/1.1\r\nConnection: Close\r\nUser-Agent: Microsoft NCSI\r\nHost: www.msftncsi.com\r\n\r\n",
        "port": 80
      }
    ],
    "tcp": [
      {
        "src": "192.168.56.101",
        "dst": "113.171.230.17",
        "offset": 1758,
        "time": 12.668239831924438,
        "dport": 80,
        "sport": 49160
      }
    ],
    "udp": [
      {
        "src": "192.168.56.101",
        "dst": "192.168.56.255",
        "offset": 2524,
        "time": 12.937927007675171,
        "dport": 137,
        "sport": 137
      },
      {
        "src": "192.168.56.101",
        "dst": "224.0.0.252",
        "offset": 5924,
        "time": 10.899240016937256,
        "dport": 5355,
        "sport": 50233
      },
      {
        "src": "192.168.56.101",
        "dst": "224.0.0.252",
        "offset": 6244,
        "time": 11.90111780166626,
        "dport": 5355,
        "sport": 52790
      },
      {
        "src": "192.168.56.101",
        "dst": "224.0.0.252",
        "offset": 6572,
        "time": 9.90371584892273,
        "dport": 5355,
        "sport": 53526
      },
      {
        "src": "192.168.56.101",
        "dst": "224.0.0.252",
        "offset": 6900,
        "time": 12.867519855499268,
        "dport": 5355,
        "sport": 58709
      },
      {
        "src": "192.168.56.101",
        "dst": "224.0.0.252",
        "offset": 7228,
        "time": 12.867938995361328,
        "dport": 5355,
        "sport": 59798
      },
      {
        "src": "192.168.56.101",
        "dst": "224.0.0.252",
        "offset": 7548,
        "time": 12.293015003204346,
        "dport": 5355,
        "sport": 62139
      },
      {
        "src": "192.168.56.101",
        "dst": "8.8.8.8",
        "offset": 7868,
        "time": 11.976337909698486,
        "dport": 53,
        "sport": 54506
      },
      {
        "src": "192.168.56.101",
        "dst": "8.8.8.8",
        "offset": 8080,
        "time": 11.941874980926514,
        "dport": 53,
        "sport": 55116
      },
      {
        "src": "192.168.56.101",
        "dst": "8.8.8.8",
        "offset": 8280,
        "time": 12.867244005203247,
        "dport": 53,
        "sport": 60897
      },
      {
        "src": "192.168.56.101",
        "dst": "8.8.8.8",
        "offset": 8555,
        "time": 12.6093168258667,
        "dport": 53,
        "sport": 65068
      }
    ],
    "dns": [
      {
        "type": "A",
        "request": "www.msftncsi.com",
        "answers": [
          {
            "data": "113.171.230.17",
            "type": "A"
          },
          {
            "data": "www.msftncsi.com.edgesuite.net",
            "type": "CNAME"
          },
          {
            "data": "a1961.g2.akamai.net",
            "type": "CNAME"
          }
        ]
      },
      {
        "type": "A",
        "request": "dns.msftncsi.com",
        "answers": [
          {
            "data": "131.107.255.255",
            "type": "A"
          }
        ]
      },
      {
        "type": "AAAA",
        "request": "dns.msftncsi.com",
        "answers": [
          {
            "data": "fd3e:4f5a:5b81::1",
            "type": "AAAA"
          }
        ]
      },
      {
        "type": "A",
        "request": "teredo.ipv6.microsoft.com",
        "answers": []
      }
    ],
    "hosts": [
      "113.171.230.17",
      "8.8.8.8"
    ],
    "icmp": [],
    "smtp": []
  },
  "static_imports": [
    "ShellExecuteExA",
    "Plat_GetModuleProcAddress",
    "V_sinf",
    "V_strtoui64",
    "V_strtoi64",
    "?EnterScope@CVProfile@@QEAAXPEBDH0_NH@Z",
    "?ExitScope@CVProfile@@QEAAXXZ",
    "g_VProfCurrentProfile",
    "Plat_GetCPUFrequency",
    "V_qsort",
    "_V_StringAfterPrefixCaseSensitive",
    "_V_MakeAbsolutePath",
    "?ConColorMsg@@YAXAEBVColor@@PEBDZZ",
    "?ConMsg@@YAXPEBDZZ",
    "LoggingSystem_SetLoggingResponsePolicy",
    "_V_StringAfterPrefix",
    "V_qsort_s",
    "V_atoi64",
    "V_atoui64",
    "V_atod",
    "Plat_UUIDToString",
    "V_UTF16ToUTF8",
    "Plat_UUIDFromString",
    "V_strtod",
    "V_atan2f",
    "V_cosf",
    "V_CopyMemory3D",
    "Plat_UnloadSDL",
    "Plat_CheckSDL",
    "Plat_LoadSDL",
    "COM_TimestampedLog",
    "LoggingSystem_SetChannelVerbosity",
    "Plat_VirtualFree",
    "LoggingSystem_CurrentStateIndex",
    "LoggingSystem_PopLoggingState",
    "LoggingSystem_PushLoggingState",
    "LoggingSystem_ResetCurrentLoggingState",
    "LoggingSystem_RegisterLoggingListener",
    "?Set@CThreadEvent@@QEAA_NXZ",
    "RestoreWin32ConsoleColor",
    "SetWin32ConsoleColor",
    "InitWin32ConsoleColorContext",
    "Plat_ShutdownCOM",
    "Plat_InitializeCOM",
    "Plat_GetModuleInterfaceFactory",
    "Plat_UnloadModule",
    "Plat_LoadModuleRaw",
    "Plat_IsRunningOnCustomerMachine",
    "Plat_Printf",
    "Plat_TickDiffMilliSecF",
    "Plat_RelativeTicks",
    "Plat_DebugString",
    "EarlyInit_Tier0",
    "Plat_DebugPrint",
    "??1CThreadLocalScope@@QEAA@XZ",
    "??0CThreadLocalScope@@QEAA@PEAUThreadHandle_t__@@_N@Z",
    "DeclareCurrentThreadIsMainThread",
    "MiniDumpExceptionHandler",
    "MinidumpLog",
    "Tier0GenericMiniDumpHandler_SetOptions",
    "_V_GetFirstDir",
    "_V_DefaultExtension",
    "V_strlower_fast",
    "Plat_AttachDebuggerToProcess",
    "Plat_GetProcAddress",
    "Plat_FloatTime",
    "_V_ExtractFilePath",
    "_V_SetExtension",
    "_V_FileBase",
    "ThreadSleep",
    "Msg",
    "SetAssertionPrompt",
    "LoggingSystem_ResetBackdoorLoggingState",
    "LoggingSystem_RegisterBackdoorLoggingListener",
    "?LoggingSystem_Log@@YA?AW4LoggingResponse_t@@HW4LoggingSeverity_t@@VColor@@PEBDZZ",
    "LoggingSystem_Log",
    "LoggingSystem_RegisterLoggingChannel",
    "_V_FixupPathName",
    "V_RemoveDotSlashes",
    "_V_StripLastDir",
    "V_StripFilename",
    "V_StripTrailingSlash",
    "ThreadInterlockedExchange64",
    "V_atoi",
    "V_powf",
    "GetWin32ConsoleCursorColumnIndex",
    "V_vsnprintfSize",
    "_V_ExtractFileExtension",
    "?LockForRead@CThreadSpinRWLock@@QEAAXXZ",
    "?UnlockRead@CThreadSpinRWLock@@QEAAXXZ",
    "?UnlockWrite@CThreadSpinRWLock@@QEAAXXZ",
    "?SpinLockForWrite@CThreadSpinRWLock@@AEAAXI@Z",
    "KeyValuesSystem",
    "V_GetErrno",
    "V_SetErrno",
    "V_snwprintf",
    "V_swscanf",
    "V_wcstoi64",
    "V_wcstod",
    "V_atof",
    "V_UTF8ToUTF16",
    "DevMsg",
    "?DevMsg@@YAXPEBDZZ",
    "?Lock@CThreadFastMutex@@AECAXII@Z",
    "_V_strnistr_fast",
    "Plat_FileSize",
    "V_FixDoubleSlashes",
    "V_PathContainsPath",
    "AssertMsg_ConditionFailed",
    "Plat_IsHighDPI",
    "g_Tier1_CRC64Table",
    "_V_strnicmp_fast",
    "_V_MakeRelativePath",
    "Plat_GetLocalTime",
    "LoggingSystem_GetChannel",
    "V_wcsnicmp",
    "_V_wcsncpy_bytes",
    "V_iswspace",
    "V_UTF8ToUTF32",
    "V_UTF16ToUTF32",
    "V_UTF32ToUTF16",
    "_V_StrSubst",
    "_V_strncat",
    "?V_stristr_fast@@YAPEBDPEBD0@Z",
    "V_snprintf",
    "Plat_GetOSType",
    "Plat_LoadModule",
    "Plat_GetModuleFilename",
    "Plat_IgnoreContentAsserts",
    "Plat_IsInTestMode",
    "Plat_DisableIOBuffering",
    "Plat_IsDirectory",
    "Plat_FileExists",
    "Plat_getwd",
    "Plat_TranslateSymbolicLinks",
    "Plat_GetEnv",
    "Plat_MessageBox",
    "Plat_IsInDebugSessionRaw",
    "LOG_GENERAL",
    "g_pMemAlloc",
    "Warning",
    "InvokeMiniDumpHandler",
    "GetDefaultMiniDumpTypeFlags",
    "?LoggingSystem_Log@@YA?AW4LoggingResponse_t@@HW4LoggingSeverity_t@@AEBULeafCodeInfo_t@@PEBDZZ",
    "LoggingSystem_IsChannelEnabled",
    "CommandLine",
    "CMemAllocSystemInitialize",
    "V_FixSlashes",
    "V_IsAbsolutePath",
    "V_GetFileExtensionSafe",
    "V_GetFileExtension",
    "_V_ComposeFileName",
    "V_UnqualifiedFileName",
    "_V_StripExtension",
    "V_sscanf",
    "V_vsnprintfRet",
    "V_vsnprintf",
    "_V_strncpy",
    "V_stricmp_fast",
    "Plat_ShouldCollectMiniDumpsForFatalErrors",
    "Plat_ExitProcess",
    "GetCPUInformation",
    "UuidCreate",
    "UuidFromStringA",
    "UuidToStringA",
    "RpcStringFreeA",
    "RegisterStringToken",
    "RandomInt",
    "RequireKeyValuesSystem",
    "g_pThreadPool",
    "?V_SplitString@@YAXPEBD0AEAV?$CUtlVector@PEADV?$CUtlMemory@PEADH@@@@@Z",
    "GetDmElementTypeSymbolMap",
    "GetProcessHeap",
    "SetEnvironmentVariableA",
    "FreeEnvironmentStringsW",
    "GetEnvironmentStringsW",
    "GetCPInfo",
    "GetOEMCP",
    "IsValidCodePage",
    "FindNextFileA",
    "FindFirstFileExA",
    "ReadConsoleW",
    "GetConsoleMode",
    "GetConsoleCP",
    "GetFileType",
    "LCMapStringW",
    "CompareStringW",
    "GetStringTypeW",
    "GetACP",
    "GetCommandLineW",
    "GetCommandLineA",
    "GetStdHandle",
    "WideCharToMultiByte",
    "MultiByteToWideChar",
    "GetModuleFileNameA",
    "GetModuleHandleExW",
    "ExitProcess",
    "DeleteCriticalSection",
    "RaiseException",
    "RtlPcToFileHeader",
    "RtlUnwindEx",
    "InitializeSListHead",
    "GetSystemTimeAsFileTime",
    "QueryPerformanceCounter",
    "GetModuleHandleW",
    "GetStartupInfoW",
    "IsDebuggerPresent",
    "IsProcessorFeaturePresent",
    "TerminateProcess",
    "SetUnhandledExceptionFilter",
    "UnhandledExceptionFilter",
    "RtlVirtualUnwind",
    "RtlLookupFunctionEntry",
    "RtlCaptureContext",
    "GetTickCount",
    "GetCurrentProcessId",
    "GetCurrentProcess",
    "SetLastError",
    "CloseHandle",
    "WriteFile",
    "SetFileTime",
    "SetFilePointer",
    "SetEndOfFile",
    "ReadFile",
    "FlushFileBuffers",
    "FindClose",
    "CreateFileW",
    "GlobalUnlock",
    "GlobalLock",
    "GlobalSize",
    "GlobalAlloc",
    "GetCurrentThreadId",
    "LeaveCriticalSection",
    "EnterCriticalSection",
    "LoadLibraryExW",
    "FreeLibrary",
    "TlsFree",
    "TlsSetValue",
    "TlsGetValue",
    "TlsAlloc",
    "InitializeCriticalSectionAndSpinCount",
    "GetLastError",
    "WaitForSingleObject",
    "GetProcAddress",
    "SetStdHandle",
    "SetFilePointerEx",
    "WriteConsoleW",
    "EmptyClipboard",
    "GetClipboardData",
    "SetClipboardData",
    "CloseClipboard",
    "OpenClipboard",
    "GetDesktopWindow"
  ],
  "signatures_ttp": {
    "T1045": "Software Packing"
  },
  "signatures_full": [
    {
      "name": "has_pdb",
      "description": "This executable has a PDB path",
      "severity": 1,
      "ttp": {},
      "markcount": 1,
      "marks": [
        {
          "category": "pdb_path",
          "ioc": "c:\\buildslave\\source2_dota_rel_win64\\build\\src\\utils\\resourceinfo\\Retail\\win64\\resourceinfo.pdb",
          "type": "ioc",
          "description": null
        }
      ]
    },
    {
      "name": "pe_features",
      "description": "The executable contains unknown PE section names indicative of a packer (could be a false positive)",
      "severity": 1,
      "ttp": {
        "T1045": {
          "short": "Software Packing",
          "long": "Software packing is a method of compressing or encrypting an executable. Packing an executable changes the file signature in an attempt to avoid signature-based detection. Most decompression techniques decompress the executable code in memory."
        }
      },
      "markcount": 1,
      "marks": [
        {
          "category": "section",
          "ioc": ".gfids",
          "type": "ioc",
          "description": null
        }
      ]
    }
  ],
  "processes": [
    {
      "name": "lsass.exe",
      "path": "C:\\Windows\\System32\\lsass.exe",
      "pid": 484,
      "cmdline": "C:\\Windows\\system32\\lsass.exe",
      "modules": [
        "lsass.exe",
        "ntdll.dll",
        "kernel32.dll",
        "KERNELBASE.dll",
        "msvcrt.dll",
        "RPCRT4.dll",
        "SspiSrv.dll",
        "lsasrv.dll",
        "sechost.dll",
        "SspiCli.dll",
        "ADVAPI32.dll",
        "USER32.dll",
        "GDI32.dll",
        "LPK.dll",
        "USP10.dll",
        "SAMSRV.dll",
        "cryptdll.dll",
        "MSASN1.dll",
        "wevtapi.dll",
        "IMM32.DLL",
        "MSCTF.dll",
        "cngaudit.dll",
        "AUTHZ.dll",
        "ncrypt.dll",
        "bcrypt.dll",
        "msprivs.DLL",
        "netjoin.dll",
        "negoexts.DLL",
        "Secur32.dll",
        "cryptbase.dll",
        "kerberos.DLL",
        "CRYPTSP.dll",
        "WS2_32.dll",
        "NSI.dll",
        "mswsock.dll",
        "wship6.dll",
        "msv1_0.DLL",
        "netlogon.DLL",
        "DNSAPI.dll",
        "logoncli.dll",
        "schannel.DLL",
        "CRYPT32.dll",
        "wdigest.DLL",
        "rsaenh.dll",
        "tspkg.DLL",
        "pku2u.DLL",
        "bcryptprimitives.dll",
        "RpcRtRemote.dll",
        "efslsaext.dll",
        "WINSTA.dll",
        "scecli.DLL",
        "credssp.dll",
        "IPHLPAPI.DLL",
        "WINNSI.DLL",
        "netutils.dll",
        "USERENV.dll",
        "profapi.dll",
        "wshtcpip.dll",
        "monitor-x64.dll"
      ]
    }
  ]
}