{
  "behavior_summary": {
    "file_created": [],
    "file_deleted": [],
    "file_read": [],
    "file_recreated": [],
    "file_exists": [],
    "file_opened": [],
    "regkey_opened": [],
    "regkey_read": [],
    "regkey_written": [],
    "dll_loaded": [],
    "executed_commands": [],
    "directory_created": [],
    "mutex": [],
    "processes_created": [],
    "resolves_host": []
  },
  "dropped_files": [],
  "api_statistics": {},
  "api_call_sequence": [],
  "network": {
    "http": [],
    "tcp": [],
    "udp": [
      {
        "src": "192.168.56.101",
        "dst": "224.0.0.252",
        "offset": 1058,
        "time": 1.6673550605773926,
        "dport": 5355,
        "sport": 50233
      },
      {
        "src": "192.168.56.101",
        "dst": "224.0.0.252",
        "offset": 1222,
        "time": 1.1377229690551758,
        "dport": 5355,
        "sport": 53526
      },
      {
        "src": "192.168.56.101",
        "dst": "224.0.0.252",
        "offset": 1542,
        "time": 0.04420113563537598,
        "dport": 5355,
        "sport": 54795
      }
    ],
    "dns": [],
    "hosts": [],
    "icmp": [],
    "smtp": []
  },
  "static_imports": [
    "GetEnvironmentVariableW",
    "SetCurrentDirectoryW",
    "ExpandEnvironmentStringsW",
    "SetEnvironmentVariableW",
    "GetStartupInfoW",
    "OpenThreadToken",
    "OpenProcessToken",
    "GetCurrentThread",
    "SetThreadToken",
    "GetCurrentProcessId",
    "CreateProcessW",
    "GetCurrentThreadId",
    "GetCurrentProcess",
    "TerminateProcess",
    "GetExitCodeProcess",
    "FreeLibrary",
    "GetModuleHandleA",
    "LoadLibraryExW",
    "GetProcAddress",
    "CreateFileW",
    "CreateDirectoryW",
    "CompareFileTime",
    "GetFileAttributesExW",
    "SetFilePointer",
    "WriteFile",
    "Sleep",
    "WaitForSingleObject",
    "GetSystemTimeAsFileTime",
    "GetTickCount",
    "GetLocalTime",
    "GetSystemDirectoryW",
    "GetSystemTime",
    "RegQueryValueExW",
    "RegSetValueExW",
    "RegCloseKey",
    "RegOpenKeyExW",
    "RegOpenCurrentUser",
    "RegQueryInfoKeyW",
    "SetUnhandledExceptionFilter",
    "GetLastError",
    "SetLastError",
    "UnhandledExceptionFilter",
    "LocalAlloc",
    "LocalFree",
    "CloseHandle",
    "DuplicateHandle",
    "CompareStringW",
    "HeapSetInformation",
    "UpdatePerUserSystemParameters",
    "GetSystemMetrics",
    "_exit",
    "__wgetmainargs",
    "_amsg_exit",
    "__p__commode",
    "_XcptFilter",
    "_callnewh",
    "malloc",
    "_cexit",
    "__p__fmode",
    "__setusermatherr",
    "_initterm",
    "?what@exception@@UBEPBDXZ",
    "??1exception@@UAE@XZ",
    "_wcmdln",
    "??0exception@@QAE@ABV0@@Z",
    "_lock",
    "exit",
    "__dllonexit",
    "??1type_info@@UAE@XZ",
    "?terminate@@YAXXZ",
    "??0exception@@QAE@ABQBDH@Z",
    "??0exception@@QAE@ABQBD@Z",
    "memcpy",
    "__CxxFrameHandler3",
    "_CxxThrowException",
    "_controlfp",
    "_except_handler4_common",
    "_unlock",
    "memset",
    "_purecall",
    "__set_app_type",
    "??3@YAXPAX@Z",
    "__argc",
    "__wargv",
    "_itow",
    "_vsnwprintf",
    "memmove",
    "_onexit",
    "RtlLengthSid",
    "RtlCopySid",
    "OutputDebugStringW",
    "EqualSid",
    "GetTokenInformation",
    "ImpersonateLoggedOnUser",
    "ConvertSidToStringSidW",
    "QueryPerformanceCounter"
  ],
  "signatures_ttp": {},
  "signatures_full": [
    {
      "name": "has_pdb",
      "description": "This executable has a PDB path",
      "severity": 1,
      "ttp": {},
      "markcount": 1,
      "marks": [
        {
          "category": "pdb_path",
          "ioc": "gpscript.pdb",
          "type": "ioc",
          "description": null
        }
      ]
    }
  ],
  "processes": [
    {
      "name": "lsass.exe",
      "path": "C:\\Windows\\System32\\lsass.exe",
      "pid": 484,
      "cmdline": "C:\\Windows\\system32\\lsass.exe",
      "modules": [
        "lsass.exe",
        "ntdll.dll",
        "kernel32.dll",
        "KERNELBASE.dll",
        "msvcrt.dll",
        "RPCRT4.dll",
        "SspiSrv.dll",
        "lsasrv.dll",
        "sechost.dll",
        "SspiCli.dll",
        "ADVAPI32.dll",
        "USER32.dll",
        "GDI32.dll",
        "LPK.dll",
        "USP10.dll",
        "SAMSRV.dll",
        "cryptdll.dll",
        "MSASN1.dll",
        "wevtapi.dll",
        "IMM32.DLL",
        "MSCTF.dll",
        "cngaudit.dll",
        "AUTHZ.dll",
        "ncrypt.dll",
        "bcrypt.dll",
        "msprivs.DLL",
        "netjoin.dll",
        "negoexts.DLL",
        "Secur32.dll",
        "cryptbase.dll",
        "kerberos.DLL",
        "CRYPTSP.dll",
        "WS2_32.dll",
        "NSI.dll",
        "mswsock.dll",
        "wship6.dll",
        "msv1_0.DLL",
        "netlogon.DLL",
        "DNSAPI.dll",
        "logoncli.dll",
        "schannel.DLL",
        "CRYPT32.dll",
        "wdigest.DLL",
        "rsaenh.dll",
        "tspkg.DLL",
        "pku2u.DLL",
        "bcryptprimitives.dll",
        "RpcRtRemote.dll",
        "efslsaext.dll",
        "WINSTA.dll",
        "scecli.DLL",
        "credssp.dll",
        "IPHLPAPI.DLL",
        "WINNSI.DLL",
        "netutils.dll",
        "USERENV.dll",
        "profapi.dll",
        "wshtcpip.dll",
        "monitor-x64.dll"
      ]
    }
  ]
}