{
  "behavior_summary": {
    "file_created": [],
    "file_deleted": [],
    "file_read": [],
    "file_recreated": [],
    "file_exists": [],
    "file_opened": [
      "C:\\Windows\\System32\\rsaenh.dll",
      "C:\\Windows\\Globalization\\Sorting\\sortdefault.nls"
    ],
    "regkey_opened": [],
    "regkey_read": [
      "HKEY_LOCAL_MACHINE\\SOFTWARE\\Policies\\Microsoft\\Cryptography\\PrivKeyCacheMaxItems",
      "HKEY_LOCAL_MACHINE\\SOFTWARE\\Microsoft\\OLE\\MaxSxSHashCount",
      "HKEY_LOCAL_MACHINE\\SOFTWARE\\Microsoft\\Rpc\\Extensions\\RemoteRpcDll",
      "HKEY_LOCAL_MACHINE\\SYSTEM\\ControlSet001\\Control\\Lsa\\FipsAlgorithmPolicy\\Enabled",
      "HKEY_LOCAL_MACHINE\\SOFTWARE\\Policies\\Microsoft\\Cryptography\\PrivateKeyLifetimeSeconds",
      "HKEY_LOCAL_MACHINE\\SOFTWARE\\Microsoft\\OLE\\MaximumAllowedAllocationSize",
      "HKEY_LOCAL_MACHINE\\SOFTWARE\\Microsoft\\SQMClient\\Windows\\DisabledSessions\\GlobalSession",
      "HKEY_LOCAL_MACHINE\\SOFTWARE\\Microsoft\\SQMClient\\Windows\\DisabledProcesses\\408D4067",
      "HKEY_LOCAL_MACHINE\\SOFTWARE\\Microsoft\\Rpc\\Extensions\\NdrOleExtDLL",
      "HKEY_LOCAL_MACHINE\\SOFTWARE\\Classes\\Interface\\{00000134-0000-0000-C000-000000000046}\\ProxyStubClsid32\\(Default)",
      "HKEY_LOCAL_MACHINE\\SOFTWARE\\Microsoft\\SQMClient\\Windows\\DisabledSessions\\MachineThrottling",
      "HKEY_LOCAL_MACHINE\\SOFTWARE\\Policies\\Microsoft\\Cryptography\\PrivKeyCachePurgeIntervalSeconds",
      "HKEY_LOCAL_MACHINE\\SYSTEM\\ControlSet001\\Control\\SESSION MANAGER\\SafeProcessSearchMode",
      "HKEY_LOCAL_MACHINE\\SYSTEM\\ControlSet001\\Control\\Lsa\\FipsAlgorithmPolicy",
      "HKEY_LOCAL_MACHINE\\SOFTWARE\\Microsoft\\Cryptography\\MachineGuid",
      "HKEY_LOCAL_MACHINE\\SOFTWARE\\Microsoft\\COM3\\Com+Enabled",
      "HKEY_LOCAL_MACHINE\\SOFTWARE\\Microsoft\\Cryptography\\Defaults\\Provider\\Microsoft Strong Cryptographic Provider\\Image Path",
      "HKEY_LOCAL_MACHINE\\SOFTWARE\\Microsoft\\Cryptography\\Defaults\\Provider\\Microsoft Strong Cryptographic Provider\\Type"
    ],
    "regkey_written": [],
    "dll_loaded": [
      "RpcRtRemote.dll",
      "kernel32.dll",
      "CRYPTBASE.dll",
      "C:\\Windows\\system32\\rsaenh.dll",
      "ADVAPI32.dll",
      "CRYPTSP.dll",
      "CLBCatQ.DLL"
    ],
    "executed_commands": [],
    "directory_created": [],
    "mutex": [],
    "processes_created": [],
    "resolves_host": []
  },
  "dropped_files": [],
  "api_statistics": {
    "2320": {
      "NtDuplicateObject": 1,
      "NtOpenSection": 1,
      "NtQueryKey": 32,
      "LdrUnloadDll": 1,
      "DeviceIoControl": 1,
      "NtQueryValueKey": 24,
      "NtMapViewOfSection": 3,
      "GetFileSize": 1,
      "NtDelayExecution": 1,
      "NtAllocateVirtualMemory": 13,
      "LdrGetDllHandle": 8,
      "NtQuerySystemInformation": 1,
      "CreateThread": 2,
      "NtUnmapViewOfSection": 1,
      "GetSystemDirectoryW": 1,
      "SetUnhandledExceptionFilter": 1,
      "NtCreateFile": 2,
      "GetSystemTimeAsFileTime": 6,
      "NtQueryAttributesFile": 1,
      "CoInitializeEx": 2,
      "NtCreateSection": 2,
      "NtOpenKey": 11,
      "LdrGetProcedureAddress": 55,
      "CoInitializeSecurity": 1,
      "NtOpenKeyEx": 28,
      "LdrLoadDll": 7,
      "UuidCreate": 1,
      "NtClose": 36
    }
  },
  "api_call_sequence": [
    {
      "time": 1746152003.312875,
      "api": "GetSystemTimeAsFileTime",
      "pid": 2320,
      "arguments": {},
      "category": "synchronisation"
    },
    {
      "time": 1746152003.312875,
      "api": "SetUnhandledExceptionFilter",
      "pid": 2320,
      "arguments": {},
      "category": "exception"
    },
    {
      "time": 1746152003.359875,
      "api": "CoInitializeEx",
      "pid": 2320,
      "arguments": {
        "options": 2
      },
      "category": "ole"
    },
    {
      "time": 1746152003.390875,
      "api": "CoInitializeSecurity",
      "pid": 2320,
      "arguments": {},
      "category": "ole"
    },
    {
      "time": 1746152003.390875,
      "api": "LdrGetDllHandle",
      "pid": 2320,
      "arguments": {
        "module_name": "ole32.dll",
        "stack_pivoted": 0,
        "module_address": "0x000007feff3a0000"
      },
      "category": "system"
    },
    {
      "time": 1746152003.390875,
      "api": "LdrGetProcedureAddress",
      "pid": 2320,
      "arguments": {
        "ordinal": 0,
        "module": "ole32",
        "module_address": "0x000007feff3a0000",
        "function_address": "0x000007feff3ba324",
        "function_name": "CLSIDFromOle1Class"
      },
      "category": "system"
    },
    {
      "time": 1746152003.390875,
      "api": "NtOpenKey",
      "pid": 2320,
      "arguments": {
        "key_handle": "0x00000000000000dc",
        "desired_access": "0x02000000",
        "regkey": "HKEY_CURRENT_USER"
      },
      "category": "registry"
    },
    {
      "time": 1746152003.390875,
      "api": "NtClose",
      "pid": 2320,
      "arguments": {
        "handle": "0x00000000000000e0"
      },
      "category": "system"
    },
    {
      "time": 1746152003.390875,
      "api": "NtOpenSection",
      "pid": 2320,
      "arguments": {
        "section_handle": "0x00000000000000e0",
        "section_name": "Global\\__ComCatalogCache__",
        "desired_access": "0x00000004"
      },
      "category": "process"
    },
    {
      "time": 1746152003.390875,
      "api": "NtMapViewOfSection",
      "pid": 2320,
      "arguments": {
        "section_handle": "0x00000000000000e0",
        "process_identifier": 2320,
        "commit_size": 0,
        "win32_protect": 2,
        "buffer": "",
        "process_handle": "0xffffffffffffffff",
        "allocation_type": 0,
        "section_offset": 0,
        "view_size": 4096,
        "base_address": "0x00000000002e0000"
      },
      "category": "process"
    },
    {
      "time": 1746152003.406875,
      "api": "NtQueryKey",
      "pid": 2320,
      "arguments": {
        "key_handle": "0x000000000000001c",
        "buffer": "\u0000\u0000\u0000\u0000",
        "information_class": 7,
        "regkey": "HKEY_LOCAL_MACHINE"
      },
      "category": "registry"
    },
    {
      "time": 1746152003.406875,
      "api": "NtOpenKeyEx",
      "pid": 2320,
      "arguments": {
        "key_handle": "0x00000000000000e4",
        "desired_access": "0x00020119",
        "regkey": "HKEY_LOCAL_MACHINE\\Software\\Microsoft\\COM3",
        "options": 0
      },
      "category": "registry"
    },
    {
      "time": 1746152003.406875,
      "api": "NtQueryValueKey",
      "pid": 2320,
      "arguments": {
        "key_handle": "0x00000000000000e4",
        "key_name": "",
        "value": 1,
        "reg_type": 4,
        "information_class": 2,
        "regkey": "HKEY_LOCAL_MACHINE\\SOFTWARE\\Microsoft\\COM3\\Com+Enabled"
      },
      "category": "registry"
    },
    {
      "time": 1746152003.406875,
      "api": "NtClose",
      "pid": 2320,
      "arguments": {
        "handle": "0x00000000000000e4"
      },
      "category": "system"
    },
    {
      "time": 1746152003.437875,
      "api": "GetSystemTimeAsFileTime",
      "pid": 2320,
      "arguments": {},
      "category": "synchronisation"
    },
    {
      "time": 1746152003.437875,
      "api": "GetSystemDirectoryW",
      "pid": 2320,
      "arguments": {
        "dirpath": "C:\\Windows\\system32"
      },
      "category": "file"
    },
    {
      "time": 1746152003.437875,
      "api": "NtQueryKey",
      "pid": 2320,
      "arguments": {
        "key_handle": "0x000000000000001c",
        "buffer": "\u0000\u0000\u0000\u0000",
        "information_class": 7,
        "regkey": "HKEY_LOCAL_MACHINE"
      },
      "category": "registry"
    },
    {
      "time": 1746152003.437875,
      "api": "NtOpenKeyEx",
      "pid": 2320,
      "arguments": {
        "key_handle": "0x0000000000000000",
        "desired_access": "0x00000001",
        "regkey": "HKEY_LOCAL_MACHINE\\SOFTWARE\\Microsoft\\OLEAUT",
        "options": 0
      },
      "category": "registry"
    },
    {
      "time": 1746152003.437875,
      "api": "NtQueryKey",
      "pid": 2320,
      "arguments": {
        "key_handle": "0x000000000000001c",
        "buffer": "\u0000\u0000\u0000\u0000",
        "information_class": 7,
        "regkey": "HKEY_LOCAL_MACHINE"
      },
      "category": "registry"
    },
    {
      "time": 1746152003.452875,
      "api": "NtOpenKeyEx",
      "pid": 2320,
      "arguments": {
        "key_handle": "0x0000000000000000",
        "desired_access": "0x00000001",
        "regkey": "HKEY_LOCAL_MACHINE\\SOFTWARE\\Microsoft\\OLEAUT",
        "options": 0
      },
      "category": "registry"
    },
    {
      "time": 1746152003.452875,
      "api": "GetSystemTimeAsFileTime",
      "pid": 2320,
      "arguments": {},
      "category": "synchronisation"
    },
    {
      "time": 1746152003.452875,
      "api": "LdrLoadDll",
      "pid": 2320,
      "arguments": {
        "basename": "CLBCatQ",
        "module_address": "0x000007feffb80000",
        "flags": 0,
        "module_name": "CLBCatQ.DLL",
        "stack_pivoted": 0
      },
      "category": "system"
    },
    {
      "time": 1746152003.452875,
      "api": "LdrGetProcedureAddress",
      "pid": 2320,
      "arguments": {
        "ordinal": 0,
        "module": "CLBCatQ",
        "module_address": "0x000007feffb80000",
        "function_address": "0x000007feffb82294",
        "function_name": "GetCatalogObject"
      },
      "category": "system"
    },
    {
      "time": 1746152003.452875,
      "api": "LdrGetProcedureAddress",
      "pid": 2320,
      "arguments": {
        "ordinal": 0,
        "module": "CLBCatQ",
        "module_address": "0x000007feffb80000",
        "function_address": "0x000007feffb8238c",
        "function_name": "GetCatalogObject2"
      },
      "category": "system"
    },
    {
      "time": 1746152003.452875,
      "api": "NtQueryKey",
      "pid": 2320,
      "arguments": {
        "key_handle": "0x00000000000000de",
        "buffer": "\u0088\u0000\u0000\u0000\\\u0000R\u0000E\u0000G\u0000I\u0000S\u0000T\u0000R\u0000Y\u0000\\\u0000U\u0000S\u0000E\u0000R\u0000\\\u0000S\u0000-\u00001\u0000-\u00005\u0000-\u00002\u00001\u0000-\u00004\u00000\u00007\u00005\u00005\u00003\u00009\u00008\u00003\u00002\u0000-\u00001\u00007\u00007\u00008\u00000\u00008\u00002\u00003\u00006\u00000\u0000-\u00002\u00007\u00007\u00004\u00003\u00006\u00003\u00008\u00006\u00006\u0000-\u00005\u00000\u00000\u0000_\u0000C\u0000L\u0000A\u0000S\u0000S\u0000E\u0000S\u0000",
        "information_class": 3,
        "regkey": "HKEY_CURRENT_USER"
      },
      "category": "registry"
    },
    {
      "time": 1746152003.452875,
      "api": "NtQueryKey",
      "pid": 2320,
      "arguments": {
        "key_handle": "0x00000000000000de",
        "buffer": "\u0000\u0000\u0000\u0000",
        "information_class": 7,
        "regkey": "HKEY_CURRENT_USER"
      },
      "category": "registry"
    },
    {
      "time": 1746152003.452875,
      "api": "NtQueryKey",
      "pid": 2320,
      "arguments": {
        "key_handle": "0x00000000000000de",
        "buffer": "\u0000\u0000\u0000\u0000",
        "information_class": 7,
        "regkey": "HKEY_CURRENT_USER"
      },
      "category": "registry"
    },
    {
      "time": 1746152003.452875,
      "api": "NtOpenKeyEx",
      "pid": 2320,
      "arguments": {
        "key_handle": "0x0000000000000000",
        "desired_access": "0x00020019",
        "regkey": "HKEY_CURRENT_USER\\CLSID\\{FEA67E28-19BD-487F-8C9B-C867CAB8CE0A}",
        "options": 0
      },
      "category": "registry"
    },
    {
      "time": 1746152003.452875,
      "api": "NtOpenKeyEx",
      "pid": 2320,
      "arguments": {
        "key_handle": "0x0000000000000000",
        "desired_access": "0x00020019",
        "regkey": "HKEY_LOCAL_MACHINE\\Software\\Classes\\CLSID\\{FEA67E28-19BD-487F-8C9B-C867CAB8CE0A}",
        "options": 0
      },
      "category": "registry"
    },
    {
      "time": 1746152003.468875,
      "api": "NtQueryKey",
      "pid": 2320,
      "arguments": {
        "key_handle": "0x00000000000000de",
        "buffer": "\u0088\u0000\u0000\u0000\\\u0000R\u0000E\u0000G\u0000I\u0000S\u0000T\u0000R\u0000Y\u0000\\\u0000U\u0000S\u0000E\u0000R\u0000\\\u0000S\u0000-\u00001\u0000-\u00005\u0000-\u00002\u00001\u0000-\u00004\u00000\u00007\u00005\u00005\u00003\u00009\u00008\u00003\u00002\u0000-\u00001\u00007\u00007\u00008\u00000\u00008\u00002\u00003\u00006\u00000\u0000-\u00002\u00007\u00007\u00004\u00003\u00006\u00003\u00008\u00006\u00006\u0000-\u00005\u00000\u00000\u0000_\u0000C\u0000L\u0000A\u0000S\u0000S\u0000E\u0000S\u0000",
        "information_class": 3,
        "regkey": "HKEY_CURRENT_USER"
      },
      "category": "registry"
    },
    {
      "time": 1746152003.468875,
      "api": "NtQueryKey",
      "pid": 2320,
      "arguments": {
        "key_handle": "0x00000000000000de",
        "buffer": "\u0000\u0000\u0000\u0000",
        "information_class": 7,
        "regkey": "HKEY_CURRENT_USER"
      },
      "category": "registry"
    },
    {
      "time": 1746152003.468875,
      "api": "NtOpenKeyEx",
      "pid": 2320,
      "arguments": {
        "key_handle": "0x0000000000000000",
        "desired_access": "0x00020219",
        "regkey": "HKEY_CURRENT_USER\\Wow6432Node\\CLSID\\{FEA67E28-19BD-487F-8C9B-C867CAB8CE0A}",
        "options": 0
      },
      "category": "registry"
    },
    {
      "time": 1746152003.468875,
      "api": "NtOpenKeyEx",
      "pid": 2320,
      "arguments": {
        "key_handle": "0x0000000000000000",
        "desired_access": "0x00020219",
        "regkey": "HKEY_LOCAL_MACHINE\\Software\\Classes\\Wow6432Node\\CLSID\\{FEA67E28-19BD-487F-8C9B-C867CAB8CE0A}",
        "options": 0
      },
      "category": "registry"
    },
    {
      "time": 1746152003.468875,
      "api": "UuidCreate",
      "pid": 2320,
      "arguments": {
        "uuid": "{2ca3c882-a8ba-45c3-8736-28e0731d074d}"
      },
      "category": "misc"
    },
    {
      "time": 1746152003.484875,
      "api": "GetSystemTimeAsFileTime",
      "pid": 2320,
      "arguments": {},
      "category": "synchronisation"
    },
    {
      "time": 1746152003.484875,
      "api": "LdrLoadDll",
      "pid": 2320,
      "arguments": {
        "basename": "CRYPTSP",
        "module_address": "0x000007fefd3e0000",
        "flags": 0,
        "module_name": "CRYPTSP.dll",
        "stack_pivoted": 0
      },
      "category": "system"
    },
    {
      "time": 1746152003.484875,
      "api": "LdrGetProcedureAddress",
      "pid": 2320,
      "arguments": {
        "ordinal": 0,
        "module": "CRYPTSP",
        "module_address": "0x000007fefd3e0000",
        "function_address": "0x000007fefd3e3308",
        "function_name": "CryptAcquireContextW"
      },
      "category": "system"
    },
    {
      "time": 1746152003.499875,
      "api": "NtQueryKey",
      "pid": 2320,
      "arguments": {
        "key_handle": "0x000000000000001c",
        "buffer": "\u0000\u0000\u0000\u0000",
        "information_class": 7,
        "regkey": "HKEY_LOCAL_MACHINE"
      },
      "category": "registry"
    },
    {
      "time": 1746152003.499875,
      "api": "NtOpenKeyEx",
      "pid": 2320,
      "arguments": {
        "key_handle": "0x00000000000000f0",
        "desired_access": "0x00020019",
        "regkey": "HKEY_LOCAL_MACHINE\\SOFTWARE\\Microsoft\\Cryptography\\Defaults\\Provider\\Microsoft Strong Cryptographic Provider",
        "options": 0
      },
      "category": "registry"
    },
    {
      "time": 1746152003.499875,
      "api": "NtQueryValueKey",
      "pid": 2320,
      "arguments": {
        "key_handle": "0x00000000000000f0",
        "key_name": "",
        "value": 1,
        "reg_type": 4,
        "information_class": 2,
        "regkey": "HKEY_LOCAL_MACHINE\\SOFTWARE\\Microsoft\\Cryptography\\Defaults\\Provider\\Microsoft Strong Cryptographic Provider\\Type"
      },
      "category": "registry"
    },
    {
      "time": 1746152003.499875,
      "api": "NtQueryValueKey",
      "pid": 2320,
      "arguments": {
        "key_handle": "0x00000000000000f0",
        "key_name": "",
        "value": "%SystemRoot%\\system32\\rsaenh.dll",
        "reg_type": 1,
        "information_class": 2,
        "regkey": "HKEY_LOCAL_MACHINE\\SOFTWARE\\Microsoft\\Cryptography\\Defaults\\Provider\\Microsoft Strong Cryptographic Provider\\Image Path"
      },
      "category": "registry"
    },
    {
      "time": 1746152003.499875,
      "api": "NtQueryValueKey",
      "pid": 2320,
      "arguments": {
        "key_handle": "0x00000000000000f0",
        "key_name": "",
        "value": "%SystemRoot%\\system32\\rsaenh.dll",
        "reg_type": 1,
        "information_class": 2,
        "regkey": "HKEY_LOCAL_MACHINE\\SOFTWARE\\Microsoft\\Cryptography\\Defaults\\Provider\\Microsoft Strong Cryptographic Provider\\Image Path"
      },
      "category": "registry"
    },
    {
      "time": 1746152003.499875,
      "api": "NtQueryValueKey",
      "pid": 2320,
      "arguments": {
        "key_handle": "0x00000000000000f0",
        "key_name": "",
        "value": "%SystemRoot%\\system32\\rsaenh.dll",
        "reg_type": 1,
        "information_class": 2,
        "regkey": "HKEY_LOCAL_MACHINE\\SOFTWARE\\Microsoft\\Cryptography\\Defaults\\Provider\\Microsoft Strong Cryptographic Provider\\Image Path"
      },
      "category": "registry"
    },
    {
      "time": 1746152003.499875,
      "api": "NtQueryValueKey",
      "pid": 2320,
      "arguments": {
        "key_handle": "0x00000000000000f0",
        "key_name": "",
        "value": "%SystemRoot%\\system32\\rsaenh.dll",
        "reg_type": 1,
        "information_class": 2,
        "regkey": "HKEY_LOCAL_MACHINE\\SOFTWARE\\Microsoft\\Cryptography\\Defaults\\Provider\\Microsoft Strong Cryptographic Provider\\Image Path"
      },
      "category": "registry"
    },
    {
      "time": 1746152003.515875,
      "api": "LdrGetDllHandle",
      "pid": 2320,
      "arguments": {
        "module_name": "C:\\Windows\\system32\\rsaenh.dll",
        "stack_pivoted": 0,
        "module_address": "0x0000000000000000"
      },
      "category": "system"
    },
    {
      "time": 1746152003.531875,
      "api": "LdrGetDllHandle",
      "pid": 2320,
      "arguments": {
        "module_name": "C:\\Windows\\system32\\rsaenh.dll",
        "stack_pivoted": 0,
        "module_address": "0x0000000000000000"
      },
      "category": "system"
    },
    {
      "time": 1746152003.531875,
      "api": "LdrGetDllHandle",
      "pid": 2320,
      "arguments": {
        "module_name": "C:\\Windows\\system32\\rsaenh.dll",
        "stack_pivoted": 0,
        "module_address": "0x0000000000000000"
      },
      "category": "system"
    },
    {
      "time": 1746152003.546875,
      "api": "LdrGetDllHandle",
      "pid": 2320,
      "arguments": {
        "module_name": "C:\\Windows\\system32\\rsaenh.dll",
        "stack_pivoted": 0,
        "module_address": "0x0000000000000000"
      },
      "category": "system"
    },
    {
      "time": 1746152003.546875,
      "api": "NtQuerySystemInformation",
      "pid": 2320,
      "arguments": {
        "information_class": 35
      },
      "category": "system"
    },
    {
      "time": 1746152003.546875,
      "api": "NtQueryValueKey",
      "pid": 2320,
      "arguments": {
        "key_handle": "0x0000000000000024",
        "key_name": "",
        "value": "",
        "reg_type": 0,
        "information_class": 2,
        "regkey": "HKEY_LOCAL_MACHINE\\SYSTEM\\ControlSet001\\Control\\SESSION MANAGER\\SafeProcessSearchMode"
      },
      "category": "registry"
    },
    {
      "time": 1746152003.577875,
      "api": "NtQueryAttributesFile",
      "pid": 2320,
      "arguments": {
        "filepath_r": "\\??\\C:\\Windows\\system32\\rsaenh.dll",
        "filepath": "C:\\Windows\\System32\\rsaenh.dll"
      },
      "category": "file"
    },
    {
      "time": 1746152003.593875,
      "api": "NtCreateFile",
      "pid": 2320,
      "arguments": {
        "create_disposition": 1,
        "file_handle": "0x00000000000000f4",
        "filepath": "C:\\Windows\\System32\\rsaenh.dll",
        "desired_access": "0x80100080",
        "file_attributes": 128,
        "filepath_r": "\\??\\C:\\Windows\\system32\\rsaenh.dll",
        "create_options": 96,
        "status_info": 1,
        "share_access": 1
      },
      "category": "file"
    },
    {
      "time": 1746152003.593875,
      "api": "GetFileSize",
      "pid": 2320,
      "arguments": {
        "file_size_low": 281256,
        "file_handle": "0x00000000000000f4"
      },
      "category": "file"
    },
    {
      "time": 1746152003.593875,
      "api": "NtCreateSection",
      "pid": 2320,
      "arguments": {
        "section_handle": "0x00000000000000f8",
        "object_handle": "0x0000000000000000",
        "desired_access": "0x000f0005",
        "protection": 2,
        "section_name": "",
        "file_handle": "0x00000000000000f4"
      },
      "category": "process"
    },
    {
      "time": 1746152003.593875,
      "api": "NtMapViewOfSection",
      "pid": 2320,
      "arguments": {
        "section_handle": "0x00000000000000f8",
        "process_identifier": 2320,
        "commit_size": 0,
        "win32_protect": 2,
        "buffer": "",
        "process_handle": "0xffffffffffffffff",
        "allocation_type": 0,
        "section_offset": 0,
        "view_size": 282624,
        "base_address": "0x0000000001d30000"
      },
      "category": "process"
    },
    {
      "time": 1746152003.593875,
      "api": "NtClose",
      "pid": 2320,
      "arguments": {
        "handle": "0x00000000000000f8"
      },
      "category": "system"
    },
    {
      "time": 1746152003.593875,
      "api": "NtAllocateVirtualMemory",
      "pid": 2320,
      "arguments": {
        "process_identifier": 2320,
        "region_size": 4096,
        "stack_dep_bypass": 0,
        "stack_pivoted": 0,
        "heap_dep_bypass": 0,
        "protection": 4,
        "process_handle": "0xffffffffffffffff",
        "allocation_type": 4096,
        "base_address": "0x0000000000357000"
      },
      "category": "process"
    },
    {
      "time": 1746152003.593875,
      "api": "NtAllocateVirtualMemory",
      "pid": 2320,
      "arguments": {
        "process_identifier": 2320,
        "region_size": 4096,
        "stack_dep_bypass": 0,
        "stack_pivoted": 0,
        "heap_dep_bypass": 0,
        "protection": 4,
        "process_handle": "0xffffffffffffffff",
        "allocation_type": 4096,
        "base_address": "0x0000000000358000"
      },
      "category": "process"
    },
    {
      "time": 1746152003.609875,
      "api": "NtUnmapViewOfSection",
      "pid": 2320,
      "arguments": {
        "process_identifier": 2320,
        "region_size": 282624,
        "process_handle": "0xffffffffffffffff",
        "base_address": "0x0000000001d30000"
      },
      "category": "process"
    },
    {
      "time": 1746152003.609875,
      "api": "NtClose",
      "pid": 2320,
      "arguments": {
        "handle": "0x00000000000000f4"
      },
      "category": "system"
    },
    {
      "time": 1746152003.609875,
      "api": "GetSystemTimeAsFileTime",
      "pid": 2320,
      "arguments": {},
      "category": "synchronisation"
    },
    {
      "time": 1746152003.624875,
      "api": "NtOpenKey",
      "pid": 2320,
      "arguments": {
        "key_handle": "0x00000000000000f4",
        "desired_access": "0x00000001",
        "regkey": "HKEY_LOCAL_MACHINE\\System\\CurrentControlSet\\Control\\Lsa\\FipsAlgorithmPolicy"
      },
      "category": "registry"
    },
    {
      "time": 1746152003.624875,
      "api": "NtQueryValueKey",
      "pid": 2320,
      "arguments": {
        "key_handle": "0x00000000000000f4",
        "key_name": "",
        "value": 0,
        "reg_type": 4,
        "information_class": 2,
        "regkey": "HKEY_LOCAL_MACHINE\\SYSTEM\\ControlSet001\\Control\\Lsa\\FipsAlgorithmPolicy\\Enabled"
      },
      "category": "registry"
    },
    {
      "time": 1746152003.624875,
      "api": "NtOpenKey",
      "pid": 2320,
      "arguments": {
        "key_handle": "0x00000000000000f8",
        "desired_access": "0x00000001",
        "regkey": "HKEY_LOCAL_MACHINE\\System\\CurrentControlSet\\Control\\Lsa"
      },
      "category": "registry"
    },
    {
      "time": 1746152003.624875,
      "api": "NtQueryValueKey",
      "pid": 2320,
      "arguments": {
        "key_handle": "0x00000000000000f8",
        "key_name": "",
        "value": "",
        "reg_type": 0,
        "information_class": 2,
        "regkey": "HKEY_LOCAL_MACHINE\\SYSTEM\\ControlSet001\\Control\\Lsa\\FipsAlgorithmPolicy"
      },
      "category": "registry"
    },
    {
      "time": 1746152003.624875,
      "api": "NtClose",
      "pid": 2320,
      "arguments": {
        "handle": "0x00000000000000f4"
      },
      "category": "system"
    },
    {
      "time": 1746152003.624875,
      "api": "NtClose",
      "pid": 2320,
      "arguments": {
        "handle": "0x00000000000000f8"
      },
      "category": "system"
    },
    {
      "time": 1746152003.624875,
      "api": "NtOpenKey",
      "pid": 2320,
      "arguments": {
        "key_handle": "0x0000000000000000",
        "desired_access": "0x00000001",
        "regkey": "HKEY_LOCAL_MACHINE\\SYSTEM\\CurrentControlSet\\Policies\\Microsoft\\Cryptography\\Configuration"
      },
      "category": "registry"
    },
    {
      "time": 1746152003.624875,
      "api": "LdrLoadDll",
      "pid": 2320,
      "arguments": {
        "basename": "rsaenh",
        "module_address": "0x000007fefd0e0000",
        "flags": 0,
        "module_name": "C:\\Windows\\system32\\rsaenh.dll",
        "stack_pivoted": 0
      },
      "category": "system"
    },
    {
      "time": 1746152003.624875,
      "api": "LdrGetProcedureAddress",
      "pid": 2320,
      "arguments": {
        "ordinal": 0,
        "module": "rsaenh",
        "module_address": "0x000007fefd0e0000",
        "function_address": "0x000007fefd0e230c",
        "function_name": "CPAcquireContext"
      },
      "category": "system"
    },
    {
      "time": 1746152003.624875,
      "api": "LdrGetProcedureAddress",
      "pid": 2320,
      "arguments": {
        "ordinal": 0,
        "module": "rsaenh",
        "module_address": "0x000007fefd0e0000",
        "function_address": "0x000007fefd0e33c8",
        "function_name": "CPReleaseContext"
      },
      "category": "system"
    },
    {
      "time": 1746152003.624875,
      "api": "LdrGetProcedureAddress",
      "pid": 2320,
      "arguments": {
        "ordinal": 0,
        "module": "rsaenh",
        "module_address": "0x000007fefd0e0000",
        "function_address": "0x000007fefd0e9a80",
        "function_name": "CPGenKey"
      },
      "category": "system"
    },
    {
      "time": 1746152003.640875,
      "api": "LdrGetProcedureAddress",
      "pid": 2320,
      "arguments": {
        "ordinal": 0,
        "module": "rsaenh",
        "module_address": "0x000007fefd0e0000",
        "function_address": "0x000007fefd0fdbc8",
        "function_name": "CPDeriveKey"
      },
      "category": "system"
    },
    {
      "time": 1746152003.640875,
      "api": "LdrGetProcedureAddress",
      "pid": 2320,
      "arguments": {
        "ordinal": 0,
        "module": "rsaenh",
        "module_address": "0x000007fefd0e0000",
        "function_address": "0x000007fefd0e5530",
        "function_name": "CPDestroyKey"
      },
      "category": "system"
    },
    {
      "time": 1746152003.640875,
      "api": "LdrGetProcedureAddress",
      "pid": 2320,
      "arguments": {
        "ordinal": 0,
        "module": "rsaenh",
        "module_address": "0x000007fefd0e0000",
        "function_address": "0x000007fefd0ff838",
        "function_name": "CPSetKeyParam"
      },
      "category": "system"
    },
    {
      "time": 1746152003.640875,
      "api": "LdrGetProcedureAddress",
      "pid": 2320,
      "arguments": {
        "ordinal": 0,
        "module": "rsaenh",
        "module_address": "0x000007fefd0e0000",
        "function_address": "0x000007fefd0ffc68",
        "function_name": "CPGetKeyParam"
      },
      "category": "system"
    },
    {
      "time": 1746152003.640875,
      "api": "LdrGetProcedureAddress",
      "pid": 2320,
      "arguments": {
        "ordinal": 0,
        "module": "rsaenh",
        "module_address": "0x000007fefd0e0000",
        "function_address": "0x000007fefd0e59e8",
        "function_name": "CPExportKey"
      },
      "category": "system"
    },
    {
      "time": 1746152003.640875,
      "api": "LdrGetProcedureAddress",
      "pid": 2320,
      "arguments": {
        "ordinal": 0,
        "module": "rsaenh",
        "module_address": "0x000007fefd0e0000",
        "function_address": "0x000007fefd0e5658",
        "function_name": "CPImportKey"
      },
      "category": "system"
    },
    {
      "time": 1746152003.640875,
      "api": "LdrGetProcedureAddress",
      "pid": 2320,
      "arguments": {
        "ordinal": 0,
        "module": "rsaenh",
        "module_address": "0x000007fefd0e0000",
        "function_address": "0x000007fefd0fc64c",
        "function_name": "CPEncrypt"
      },
      "category": "system"
    },
    {
      "time": 1746152003.640875,
      "api": "LdrGetProcedureAddress",
      "pid": 2320,
      "arguments": {
        "ordinal": 0,
        "module": "rsaenh",
        "module_address": "0x000007fefd0e0000",
        "function_address": "0x000007fefd0fcc1c",
        "function_name": "CPDecrypt"
      },
      "category": "system"
    },
    {
      "time": 1746152003.640875,
      "api": "LdrGetProcedureAddress",
      "pid": 2320,
      "arguments": {
        "ordinal": 0,
        "module": "rsaenh",
        "module_address": "0x000007fefd0e0000",
        "function_address": "0x000007fefd0e3a80",
        "function_name": "CPCreateHash"
      },
      "category": "system"
    },
    {
      "time": 1746152003.640875,
      "api": "LdrGetProcedureAddress",
      "pid": 2320,
      "arguments": {
        "ordinal": 0,
        "module": "rsaenh",
        "module_address": "0x000007fefd0e0000",
        "function_address": "0x000007fefd0e38b0",
        "function_name": "CPHashData"
      },
      "category": "system"
    },
    {
      "time": 1746152003.640875,
      "api": "LdrGetProcedureAddress",
      "pid": 2320,
      "arguments": {
        "ordinal": 0,
        "module": "rsaenh",
        "module_address": "0x000007fefd0e0000",
        "function_address": "0x000007fefd0fd430",
        "function_name": "CPHashSessionKey"
      },
      "category": "system"
    },
    {
      "time": 1746152003.656875,
      "api": "LdrGetProcedureAddress",
      "pid": 2320,
      "arguments": {
        "ordinal": 0,
        "module": "rsaenh",
        "module_address": "0x000007fefd0e0000",
        "function_address": "0x000007fefd0e37b0",
        "function_name": "CPDestroyHash"
      },
      "category": "system"
    },
    {
      "time": 1746152003.656875,
      "api": "LdrGetProcedureAddress",
      "pid": 2320,
      "arguments": {
        "ordinal": 0,
        "module": "rsaenh",
        "module_address": "0x000007fefd0e0000",
        "function_address": "0x000007fefd0e8b48",
        "function_name": "CPSignHash"
      },
      "category": "system"
    },
    {
      "time": 1746152003.656875,
      "api": "LdrGetProcedureAddress",
      "pid": 2320,
      "arguments": {
        "ordinal": 0,
        "module": "rsaenh",
        "module_address": "0x000007fefd0e0000",
        "function_address": "0x000007fefd0e701c",
        "function_name": "CPVerifySignature"
      },
      "category": "system"
    },
    {
      "time": 1746152003.656875,
      "api": "LdrGetProcedureAddress",
      "pid": 2320,
      "arguments": {
        "ordinal": 0,
        "module": "rsaenh",
        "module_address": "0x000007fefd0e0000",
        "function_address": "0x000007fefd0e1d3c",
        "function_name": "CPGenRandom"
      },
      "category": "system"
    },
    {
      "time": 1746152003.656875,
      "api": "LdrGetProcedureAddress",
      "pid": 2320,
      "arguments": {
        "ordinal": 0,
        "module": "rsaenh",
        "module_address": "0x000007fefd0e0000",
        "function_address": "0x000007fefd0e90d0",
        "function_name": "CPGetUserKey"
      },
      "category": "system"
    },
    {
      "time": 1746152003.656875,
      "api": "LdrGetProcedureAddress",
      "pid": 2320,
      "arguments": {
        "ordinal": 0,
        "module": "rsaenh",
        "module_address": "0x000007fefd0e0000",
        "function_address": "0x000007fefd100078",
        "function_name": "CPSetProvParam"
      },
      "category": "system"
    },
    {
      "time": 1746152003.656875,
      "api": "LdrGetProcedureAddress",
      "pid": 2320,
      "arguments": {
        "ordinal": 0,
        "module": "rsaenh",
        "module_address": "0x000007fefd0e0000",
        "function_address": "0x000007fefd100230",
        "function_name": "CPGetProvParam"
      },
      "category": "system"
    },
    {
      "time": 1746152003.656875,
      "api": "LdrGetProcedureAddress",
      "pid": 2320,
      "arguments": {
        "ordinal": 0,
        "module": "rsaenh",
        "module_address": "0x000007fefd0e0000",
        "function_address": "0x000007fefd0e5be8",
        "function_name": "CPSetHashParam"
      },
      "category": "system"
    },
    {
      "time": 1746152003.656875,
      "api": "LdrGetProcedureAddress",
      "pid": 2320,
      "arguments": {
        "ordinal": 0,
        "module": "rsaenh",
        "module_address": "0x000007fefd0e0000",
        "function_address": "0x000007fefd0e3c7c",
        "function_name": "CPGetHashParam"
      },
      "category": "system"
    },
    {
      "time": 1746152003.656875,
      "api": "LdrGetProcedureAddress",
      "pid": 2320,
      "arguments": {
        "ordinal": 0,
        "module": "rsaenh",
        "module_address": "0x000007fefd0e0000",
        "function_address": "0x000007fefd100a28",
        "function_name": "CPDuplicateKey"
      },
      "category": "system"
    },
    {
      "time": 1746152003.656875,
      "api": "LdrGetProcedureAddress",
      "pid": 2320,
      "arguments": {
        "ordinal": 0,
        "module": "rsaenh",
        "module_address": "0x000007fefd0e0000",
        "function_address": "0x000007fefd0fd948",
        "function_name": "CPDuplicateHash"
      },
      "category": "system"
    },
    {
      "time": 1746152003.656875,
      "api": "NtQueryKey",
      "pid": 2320,
      "arguments": {
        "key_handle": "0x000000000000001c",
        "buffer": "\u0000\u0000\u0000\u0000",
        "information_class": 7,
        "regkey": "HKEY_LOCAL_MACHINE"
      },
      "category": "registry"
    },
    {
      "time": 1746152003.671875,
      "api": "NtOpenKeyEx",
      "pid": 2320,
      "arguments": {
        "key_handle": "0x00000000000000f8",
        "desired_access": "0x00020119",
        "regkey": "HKEY_LOCAL_MACHINE\\Software\\Policies\\Microsoft\\Cryptography",
        "options": 0
      },
      "category": "registry"
    },
    {
      "time": 1746152003.671875,
      "api": "NtQueryValueKey",
      "pid": 2320,
      "arguments": {
        "key_handle": "0x00000000000000f8",
        "key_name": "",
        "value": "",
        "reg_type": 0,
        "information_class": 2,
        "regkey": "HKEY_LOCAL_MACHINE\\SOFTWARE\\Policies\\Microsoft\\Cryptography\\PrivKeyCacheMaxItems"
      },
      "category": "registry"
    },
    {
      "time": 1746152003.671875,
      "api": "NtQueryValueKey",
      "pid": 2320,
      "arguments": {
        "key_handle": "0x00000000000000f8",
        "key_name": "",
        "value": "",
        "reg_type": 0,
        "information_class": 2,
        "regkey": "HKEY_LOCAL_MACHINE\\SOFTWARE\\Policies\\Microsoft\\Cryptography\\PrivKeyCachePurgeIntervalSeconds"
      },
      "category": "registry"
    },
    {
      "time": 1746152003.671875,
      "api": "NtQueryValueKey",
      "pid": 2320,
      "arguments": {
        "key_handle": "0x00000000000000f8",
        "key_name": "",
        "value": "",
        "reg_type": 0,
        "information_class": 2,
        "regkey": "HKEY_LOCAL_MACHINE\\SOFTWARE\\Policies\\Microsoft\\Cryptography\\PrivateKeyLifetimeSeconds"
      },
      "category": "registry"
    },
    {
      "time": 1746152003.671875,
      "api": "NtClose",
      "pid": 2320,
      "arguments": {
        "handle": "0x00000000000000f8"
      },
      "category": "system"
    },
    {
      "time": 1746152003.671875,
      "api": "NtQueryKey",
      "pid": 2320,
      "arguments": {
        "key_handle": "0x000000000000001c",
        "buffer": "\u0000\u0000\u0000\u0000",
        "information_class": 7,
        "regkey": "HKEY_LOCAL_MACHINE"
      },
      "category": "registry"
    },
    {
      "time": 1746152003.671875,
      "api": "NtOpenKeyEx",
      "pid": 2320,
      "arguments": {
        "key_handle": "0x00000000000000f8",
        "desired_access": "0x00020119",
        "regkey": "HKEY_LOCAL_MACHINE\\Software\\Microsoft\\Cryptography",
        "options": 0
      },
      "category": "registry"
    },
    {
      "time": 1746152003.671875,
      "api": "NtQueryValueKey",
      "pid": 2320,
      "arguments": {
        "key_handle": "0x00000000000000f8",
        "key_name": "",
        "value": "b87f59a1-27dd-4de8-8c0b-4242175bba24",
        "reg_type": 1,
        "information_class": 2,
        "regkey": "HKEY_LOCAL_MACHINE\\SOFTWARE\\Microsoft\\Cryptography\\MachineGuid"
      },
      "category": "registry"
    },
    {
      "time": 1746152003.671875,
      "api": "NtQueryValueKey",
      "pid": 2320,
      "arguments": {
        "key_handle": "0x00000000000000f8",
        "key_name": "",
        "value": "b87f59a1-27dd-4de8-8c0b-4242175bba24",
        "reg_type": 1,
        "information_class": 2,
        "regkey": "HKEY_LOCAL_MACHINE\\SOFTWARE\\Microsoft\\Cryptography\\MachineGuid"
      },
      "category": "registry"
    },
    {
      "time": 1746152003.687875,
      "api": "NtQueryValueKey",
      "pid": 2320,
      "arguments": {
        "key_handle": "0x00000000000000f8",
        "key_name": "",
        "value": "b87f59a1-27dd-4de8-8c0b-4242175bba24",
        "reg_type": 1,
        "information_class": 2,
        "regkey": "HKEY_LOCAL_MACHINE\\SOFTWARE\\Microsoft\\Cryptography\\MachineGuid"
      },
      "category": "registry"
    },
    {
      "time": 1746152003.687875,
      "api": "NtQueryValueKey",
      "pid": 2320,
      "arguments": {
        "key_handle": "0x00000000000000f8",
        "key_name": "",
        "value": "b87f59a1-27dd-4de8-8c0b-4242175bba24",
        "reg_type": 1,
        "information_class": 2,
        "regkey": "HKEY_LOCAL_MACHINE\\SOFTWARE\\Microsoft\\Cryptography\\MachineGuid"
      },
      "category": "registry"
    },
    {
      "time": 1746152003.687875,
      "api": "NtClose",
      "pid": 2320,
      "arguments": {
        "handle": "0x00000000000000f8"
      },
      "category": "system"
    },
    {
      "time": 1746152003.687875,
      "api": "NtQueryKey",
      "pid": 2320,
      "arguments": {
        "key_handle": "0x000000000000001c",
        "buffer": "\u0000\u0000\u0000\u0000",
        "information_class": 7,
        "regkey": "HKEY_LOCAL_MACHINE"
      },
      "category": "registry"
    },
    {
      "time": 1746152003.687875,
      "api": "NtOpenKeyEx",
      "pid": 2320,
      "arguments": {
        "key_handle": "0x0000000000000000",
        "desired_access": "0x00020019",
        "regkey": "HKEY_LOCAL_MACHINE\\Software\\Microsoft\\Cryptography\\Offload",
        "options": 0
      },
      "category": "registry"
    },
    {
      "time": 1746152003.687875,
      "api": "LdrLoadDll",
      "pid": 2320,
      "arguments": {
        "basename": "kernel32",
        "module_address": "0x0000000077ae0000",
        "flags": 0,
        "module_name": "kernel32.dll",
        "stack_pivoted": 0
      },
      "category": "system"
    },
    {
      "time": 1746152003.687875,
      "api": "LdrGetProcedureAddress",
      "pid": 2320,
      "arguments": {
        "ordinal": 0,
        "module": "kernel32",
        "module_address": "0x0000000077ae0000",
        "function_address": "0x0000000077af8220",
        "function_name": "SortGetHandle"
      },
      "category": "system"
    },
    {
      "time": 1746152003.687875,
      "api": "LdrGetProcedureAddress",
      "pid": 2320,
      "arguments": {
        "ordinal": 0,
        "module": "kernel32",
        "module_address": "0x0000000077ae0000",
        "function_address": "0x0000000077b38d60",
        "function_name": "SortCloseHandle"
      },
      "category": "system"
    },
    {
      "time": 1746152003.702875,
      "api": "NtCreateFile",
      "pid": 2320,
      "arguments": {
        "create_disposition": 1,
        "file_handle": "0x00000000000000f8",
        "filepath": "C:\\Windows\\Globalization\\Sorting\\sortdefault.nls",
        "desired_access": "0x80100080",
        "file_attributes": 128,
        "filepath_r": "\\??\\C:\\Windows\\Globalization\\Sorting\\sortdefault.nls",
        "create_options": 96,
        "status_info": 1,
        "share_access": 1
      },
      "category": "file"
    },
    {
      "time": 1746152003.702875,
      "api": "NtCreateSection",
      "pid": 2320,
      "arguments": {
        "section_handle": "0x00000000000000f4",
        "object_handle": "0x0000000000000000",
        "desired_access": "0x000f0005",
        "protection": 2,
        "section_name": "",
        "file_handle": "0x00000000000000f8"
      },
      "category": "process"
    },
    {
      "time": 1746152003.702875,
      "api": "NtMapViewOfSection",
      "pid": 2320,
      "arguments": {
        "section_handle": "0x00000000000000f4",
        "process_identifier": 2320,
        "commit_size": 0,
        "win32_protect": 2,
        "buffer": "",
        "process_handle": "0xffffffffffffffff",
        "allocation_type": 0,
        "section_offset": 0,
        "view_size": 2945024,
        "base_address": "0x00000000022f0000"
      },
      "category": "process"
    },
    {
      "time": 1746152003.718875,
      "api": "NtClose",
      "pid": 2320,
      "arguments": {
        "handle": "0x00000000000000f4"
      },
      "category": "system"
    },
    {
      "time": 1746152003.718875,
      "api": "NtClose",
      "pid": 2320,
      "arguments": {
        "handle": "0x00000000000000f8"
      },
      "category": "system"
    },
    {
      "time": 1746152003.718875,
      "api": "LdrLoadDll",
      "pid": 2320,
      "arguments": {
        "basename": "ADVAPI32",
        "module_address": "0x000007feffd90000",
        "flags": 0,
        "module_name": "ADVAPI32.dll",
        "stack_pivoted": 0
      },
      "category": "system"
    },
    {
      "time": 1746152003.718875,
      "api": "LdrGetProcedureAddress",
      "pid": 2320,
      "arguments": {
        "ordinal": 0,
        "module": "ADVAPI32",
        "module_address": "0x000007feffd90000",
        "function_address": "0x000007feffdabd84",
        "function_name": "OpenThreadToken"
      },
      "category": "system"
    },
    {
      "time": 1746152003.718875,
      "api": "LdrGetProcedureAddress",
      "pid": 2320,
      "arguments": {
        "ordinal": 0,
        "module": "ADVAPI32",
        "module_address": "0x000007feffd90000",
        "function_address": "0x000007feffdabd70",
        "function_name": "OpenProcessToken"
      },
      "category": "system"
    },
    {
      "time": 1746152003.718875,
      "api": "LdrGetProcedureAddress",
      "pid": 2320,
      "arguments": {
        "ordinal": 0,
        "module": "ADVAPI32",
        "module_address": "0x000007feffd90000",
        "function_address": "0x000007feffdabd50",
        "function_name": "GetTokenInformation"
      },
      "category": "system"
    },
    {
      "time": 1746152003.718875,
      "api": "LdrGetProcedureAddress",
      "pid": 2320,
      "arguments": {
        "ordinal": 0,
        "module": "ADVAPI32",
        "module_address": "0x000007feffd90000",
        "function_address": "0x000007feffdab63c",
        "function_name": "AllocateAndInitializeSid"
      },
      "category": "system"
    },
    {
      "time": 1746152003.718875,
      "api": "LdrGetProcedureAddress",
      "pid": 2320,
      "arguments": {
        "ordinal": 0,
        "module": "ADVAPI32",
        "module_address": "0x000007feffd90000",
        "function_address": "0x000007feffdab820",
        "function_name": "EqualSid"
      },
      "category": "system"
    },
    {
      "time": 1746152003.718875,
      "api": "LdrGetProcedureAddress",
      "pid": 2320,
      "arguments": {
        "ordinal": 0,
        "module": "ADVAPI32",
        "module_address": "0x000007feffd90000",
        "function_address": "0x000007feffdab818",
        "function_name": "FreeSid"
      },
      "category": "system"
    },
    {
      "time": 1746152003.718875,
      "api": "NtClose",
      "pid": 2320,
      "arguments": {
        "handle": "0x00000000000000f8"
      },
      "category": "system"
    },
    {
      "time": 1746152003.718875,
      "api": "LdrLoadDll",
      "pid": 2320,
      "arguments": {
        "basename": "CRYPTBASE",
        "module_address": "0x000007fefda40000",
        "flags": 0,
        "module_name": "CRYPTBASE.dll",
        "stack_pivoted": 0
      },
      "category": "system"
    },
    {
      "time": 1746152003.734875,
      "api": "LdrGetProcedureAddress",
      "pid": 2320,
      "arguments": {
        "ordinal": 0,
        "module": "CRYPTBASE",
        "module_address": "0x000007fefda40000",
        "function_address": "0x000007fefda41648",
        "function_name": "SystemFunction036"
      },
      "category": "system"
    },
    {
      "time": 1746152003.734875,
      "api": "DeviceIoControl",
      "pid": 2320,
      "arguments": {
        "input_buffer": "",
        "device_handle": "0x0000000000000070",
        "control_code": 3735560,
        "output_buffer": "\u0081J\u0086\u00efR;^\u00d4\u00a9\u00b0\u00a0\u00f58\u009e\u00bcnG\u0019\u00d8\u000e\u0088\u00c5\u00af\u00e5\u009a\u0096q\u00bb\u00ae\u0006w\u00e8AZZXT\u0002I\u00a6E\u00a0\u001c0\u00a0\u0094\u00dcg"
      },
      "category": "file"
    },
    {
      "time": 1746152003.734875,
      "api": "NtClose",
      "pid": 2320,
      "arguments": {
        "handle": "0x00000000000000f0"
      },
      "category": "system"
    },
    {
      "time": 1746152003.734875,
      "api": "LdrGetProcedureAddress",
      "pid": 2320,
      "arguments": {
        "ordinal": 0,
        "module": "CRYPTSP",
        "module_address": "0x000007fefd3e0000",
        "function_address": "0x000007fefd3e4b3c",
        "function_name": "CryptGenRandom"
      },
      "category": "system"
    },
    {
      "time": 1746152003.734875,
      "api": "NtAllocateVirtualMemory",
      "pid": 2320,
      "arguments": {
        "process_identifier": 2320,
        "region_size": 4096,
        "stack_dep_bypass": 0,
        "stack_pivoted": 0,
        "heap_dep_bypass": 0,
        "protection": 4,
        "process_handle": "0xffffffffffffffff",
        "allocation_type": 4096,
        "base_address": "0x0000000000359000"
      },
      "category": "process"
    },
    {
      "time": 1746152003.734875,
      "api": "NtOpenKey",
      "pid": 2320,
      "arguments": {
        "key_handle": "0x00000000000000f8",
        "desired_access": "0x02000000",
        "regkey": "HKEY_CURRENT_USER"
      },
      "category": "registry"
    },
    {
      "time": 1746152003.734875,
      "api": "NtClose",
      "pid": 2320,
      "arguments": {
        "handle": "0x00000000000000f0"
      },
      "category": "system"
    },
    {
      "time": 1746152003.734875,
      "api": "NtQueryKey",
      "pid": 2320,
      "arguments": {
        "key_handle": "0x00000000000000fa",
        "buffer": "\u0088\u0000\u0000\u0000\\\u0000R\u0000E\u0000G\u0000I\u0000S\u0000T\u0000R\u0000Y\u0000\\\u0000U\u0000S\u0000E\u0000R\u0000\\\u0000S\u0000-\u00001\u0000-\u00005\u0000-\u00002\u00001\u0000-\u00004\u00000\u00007\u00005\u00005\u00003\u00009\u00008\u00003\u00002\u0000-\u00001\u00007\u00007\u00008\u00000\u00008\u00002\u00003\u00006\u00000\u0000-\u00002\u00007\u00007\u00004\u00003\u00006\u00003\u00008\u00006\u00006\u0000-\u00005\u00000\u00000\u0000_\u0000C\u0000L\u0000A\u0000S\u0000S\u0000E\u0000S\u0000",
        "information_class": 3,
        "regkey": "HKEY_CURRENT_USER"
      },
      "category": "registry"
    },
    {
      "time": 1746152003.734875,
      "api": "NtQueryKey",
      "pid": 2320,
      "arguments": {
        "key_handle": "0x00000000000000fa",
        "buffer": "\u0000\u0000\u0000\u0000",
        "information_class": 7,
        "regkey": "HKEY_CURRENT_USER"
      },
      "category": "registry"
    },
    {
      "time": 1746152003.749875,
      "api": "NtQueryKey",
      "pid": 2320,
      "arguments": {
        "key_handle": "0x00000000000000fa",
        "buffer": "\u0000\u0000\u0000\u0000",
        "information_class": 7,
        "regkey": "HKEY_CURRENT_USER"
      },
      "category": "registry"
    },
    {
      "time": 1746152003.749875,
      "api": "NtOpenKeyEx",
      "pid": 2320,
      "arguments": {
        "key_handle": "0x0000000000000000",
        "desired_access": "0x00020019",
        "regkey": "HKEY_CURRENT_USER\\Interface\\{00000134-0000-0000-C000-000000000046}",
        "options": 0
      },
      "category": "registry"
    },
    {
      "time": 1746152003.749875,
      "api": "NtOpenKeyEx",
      "pid": 2320,
      "arguments": {
        "key_handle": "0x00000000000000f0",
        "desired_access": "0x00020019",
        "regkey": "HKEY_LOCAL_MACHINE\\Software\\Classes\\Interface\\{00000134-0000-0000-C000-000000000046}",
        "options": 0
      },
      "category": "registry"
    },
    {
      "time": 1746152003.749875,
      "api": "NtClose",
      "pid": 2320,
      "arguments": {
        "handle": "0x00000000000000fa"
      },
      "category": "system"
    },
    {
      "time": 1746152003.749875,
      "api": "NtQueryKey",
      "pid": 2320,
      "arguments": {
        "key_handle": "0x00000000000000f2",
        "buffer": "\u00a6\u0000\u0000\u0000\\\u0000R\u0000E\u0000G\u0000I\u0000S\u0000T\u0000R\u0000Y\u0000\\\u0000M\u0000A\u0000C\u0000H\u0000I\u0000N\u0000E\u0000\\\u0000S\u0000O\u0000F\u0000T\u0000W\u0000A\u0000R\u0000E\u0000\\\u0000C\u0000l\u0000a\u0000s\u0000s\u0000e\u0000s\u0000\\\u0000I\u0000n\u0000t\u0000e\u0000r\u0000f\u0000a\u0000c\u0000e\u0000\\\u0000{\u00000\u00000\u00000\u00000\u00000\u00001\u00003\u00004\u0000-\u00000\u00000\u00000\u00000\u0000-\u00000\u00000\u00000\u00000\u0000-\u0000C\u00000\u00000\u00000\u0000-\u00000\u00000\u00000\u00000\u00000\u00000\u00000\u00000\u00000\u00000\u00004\u00006\u0000}\u0000",
        "information_class": 3,
        "regkey": "HKEY_LOCAL_MACHINE\\SOFTWARE\\Classes\\Interface\\{00000134-0000-0000-C000-000000000046}"
      },
      "category": "registry"
    },
    {
      "time": 1746152003.749875,
      "api": "NtQueryKey",
      "pid": 2320,
      "arguments": {
        "key_handle": "0x00000000000000f2",
        "buffer": "\u0000\u0000\u0000\u0000",
        "information_class": 7,
        "regkey": "HKEY_LOCAL_MACHINE\\SOFTWARE\\Classes\\Interface\\{00000134-0000-0000-C000-000000000046}"
      },
      "category": "registry"
    },
    {
      "time": 1746152003.749875,
      "api": "NtClose",
      "pid": 2320,
      "arguments": {
        "handle": "0x00000000000000f8"
      },
      "category": "system"
    },
    {
      "time": 1746152003.749875,
      "api": "NtOpenKeyEx",
      "pid": 2320,
      "arguments": {
        "key_handle": "0x0000000000000000",
        "desired_access": "0x00020019",
        "regkey": "HKEY_CURRENT_USER\\Interface\\{00000134-0000-0000-C000-000000000046}\\ProxyStubClsid32",
        "options": 0
      },
      "category": "registry"
    },
    {
      "time": 1746152003.749875,
      "api": "NtQueryKey",
      "pid": 2320,
      "arguments": {
        "key_handle": "0x00000000000000f2",
        "buffer": "\u0000\u0000\u0000\u0000",
        "information_class": 7,
        "regkey": "HKEY_LOCAL_MACHINE\\SOFTWARE\\Classes\\Interface\\{00000134-0000-0000-C000-000000000046}"
      },
      "category": "registry"
    },
    {
      "time": 1746152003.765875,
      "api": "NtOpenKeyEx",
      "pid": 2320,
      "arguments": {
        "key_handle": "0x00000000000000f8",
        "desired_access": "0x00020019",
        "regkey": "HKEY_LOCAL_MACHINE\\SOFTWARE\\Classes\\Interface\\{00000134-0000-0000-C000-000000000046}\\ProxyStubClsid32",
        "options": 0
      },
      "category": "registry"
    },
    {
      "time": 1746152003.765875,
      "api": "NtQueryKey",
      "pid": 2320,
      "arguments": {
        "key_handle": "0x00000000000000fa",
        "buffer": "\u00c8\u0000\u0000\u0000\\\u0000R\u0000E\u0000G\u0000I\u0000S\u0000T\u0000R\u0000Y\u0000\\\u0000M\u0000A\u0000C\u0000H\u0000I\u0000N\u0000E\u0000\\\u0000S\u0000O\u0000F\u0000T\u0000W\u0000A\u0000R\u0000E\u0000\\\u0000C\u0000l\u0000a\u0000s\u0000s\u0000e\u0000s\u0000\\\u0000I\u0000n\u0000t\u0000e\u0000r\u0000f\u0000a\u0000c\u0000e\u0000\\\u0000{\u00000\u00000\u00000\u00000\u00000\u00001\u00003\u00004\u0000-\u00000\u00000\u00000\u00000\u0000-\u00000\u00000\u00000\u00000\u0000-\u0000C\u00000\u00000\u00000\u0000-\u00000\u00000\u00000\u00000\u00000\u00000\u00000\u00000\u00000\u00000\u00004\u00006\u0000}\u0000\\\u0000P\u0000r\u0000o\u0000x\u0000y\u0000S\u0000t\u0000u\u0000b\u0000C\u0000l\u0000s\u0000i\u0000d\u00003\u00002\u0000",
        "information_class": 3,
        "regkey": "HKEY_LOCAL_MACHINE\\SOFTWARE\\Classes\\Interface\\{00000134-0000-0000-C000-000000000046}\\ProxyStubClsid32"
      },
      "category": "registry"
    },
    {
      "time": 1746152003.765875,
      "api": "NtQueryKey",
      "pid": 2320,
      "arguments": {
        "key_handle": "0x00000000000000fa",
        "buffer": "\u0000\u0000\u0000\u0000",
        "information_class": 7,
        "regkey": "HKEY_LOCAL_MACHINE\\SOFTWARE\\Classes\\Interface\\{00000134-0000-0000-C000-000000000046}\\ProxyStubClsid32"
      },
      "category": "registry"
    },
    {
      "time": 1746152003.765875,
      "api": "NtClose",
      "pid": 2320,
      "arguments": {
        "handle": "0x00000000000000f4"
      },
      "category": "system"
    },
    {
      "time": 1746152003.765875,
      "api": "NtOpenKeyEx",
      "pid": 2320,
      "arguments": {
        "key_handle": "0x0000000000000000",
        "desired_access": "0x02000000",
        "regkey": "HKEY_CURRENT_USER\\Interface\\{00000134-0000-0000-C000-000000000046}\\ProxyStubClsid32",
        "options": 0
      },
      "category": "registry"
    },
    {
      "time": 1746152003.765875,
      "api": "NtQueryValueKey",
      "pid": 2320,
      "arguments": {
        "key_handle": "0x00000000000000fa",
        "key_name": "",
        "value": "{00000320-0000-0000-C000-000000000046}",
        "reg_type": 1,
        "information_class": 2,
        "regkey": "HKEY_LOCAL_MACHINE\\SOFTWARE\\Classes\\Interface\\{00000134-0000-0000-C000-000000000046}\\ProxyStubClsid32\\(Default)"
      },
      "category": "registry"
    },
    {
      "time": 1746152003.765875,
      "api": "NtClose",
      "pid": 2320,
      "arguments": {
        "handle": "0x00000000000000fa"
      },
      "category": "system"
    },
    {
      "time": 1746152003.765875,
      "api": "NtClose",
      "pid": 2320,
      "arguments": {
        "handle": "0x00000000000000f2"
      },
      "category": "system"
    },
    {
      "time": 1746152003.765875,
      "api": "NtOpenKey",
      "pid": 2320,
      "arguments": {
        "key_handle": "0x00000000000000f0",
        "desired_access": "0x00020019",
        "regkey": "HKEY_LOCAL_MACHINE\\Software\\Microsoft\\Rpc\\Extensions"
      },
      "category": "registry"
    },
    {
      "time": 1746152003.781875,
      "api": "NtQueryValueKey",
      "pid": 2320,
      "arguments": {
        "key_handle": "0x00000000000000f0",
        "key_name": "",
        "value": "Ole32.dll",
        "reg_type": 2,
        "information_class": 2,
        "regkey": "HKEY_LOCAL_MACHINE\\SOFTWARE\\Microsoft\\Rpc\\Extensions\\NdrOleExtDLL"
      },
      "category": "registry"
    },
    {
      "time": 1746152003.781875,
      "api": "NtClose",
      "pid": 2320,
      "arguments": {
        "handle": "0x00000000000000f0"
      },
      "category": "system"
    },
    {
      "time": 1746152003.781875,
      "api": "LdrGetDllHandle",
      "pid": 2320,
      "arguments": {
        "module_name": "Ole32.dll",
        "stack_pivoted": 0,
        "module_address": "0x000007feff3a0000"
      },
      "category": "system"
    },
    {
      "time": 1746152003.781875,
      "api": "LdrGetProcedureAddress",
      "pid": 2320,
      "arguments": {
        "ordinal": 0,
        "module": "ole32",
        "module_address": "0x000007feff3a0000",
        "function_address": "0x000007feff3b8be0",
        "function_name": "NdrOleInitializeExtension"
      },
      "category": "system"
    },
    {
      "time": 1746152003.781875,
      "api": "LdrGetProcedureAddress",
      "pid": 2320,
      "arguments": {
        "ordinal": 0,
        "module": "ole32",
        "module_address": "0x000007feff3a0000",
        "function_address": "0x000007feff3d2e18",
        "function_name": "CoGetClassObject"
      },
      "category": "system"
    },
    {
      "time": 1746152003.781875,
      "api": "LdrGetProcedureAddress",
      "pid": 2320,
      "arguments": {
        "ordinal": 0,
        "module": "ole32",
        "module_address": "0x000007feff3a0000",
        "function_address": "0x000007feff3cef20",
        "function_name": "CoGetMarshalSizeMax"
      },
      "category": "system"
    },
    {
      "time": 1746152003.781875,
      "api": "LdrGetProcedureAddress",
      "pid": 2320,
      "arguments": {
        "ordinal": 0,
        "module": "ole32",
        "module_address": "0x000007feff3a0000",
        "function_address": "0x000007feff3cf1ac",
        "function_name": "CoMarshalInterface"
      },
      "category": "system"
    },
    {
      "time": 1746152003.781875,
      "api": "LdrGetProcedureAddress",
      "pid": 2320,
      "arguments": {
        "ordinal": 0,
        "module": "ole32",
        "module_address": "0x000007feff3a0000",
        "function_address": "0x000007feff3cea20",
        "function_name": "CoUnmarshalInterface"
      },
      "category": "system"
    },
    {
      "time": 1746152003.781875,
      "api": "LdrGetProcedureAddress",
      "pid": 2320,
      "arguments": {
        "ordinal": 0,
        "module": "ole32",
        "module_address": "0x000007feff3a0000",
        "function_address": "0x000007feff49fff0",
        "function_name": "StringFromIID"
      },
      "category": "system"
    },
    {
      "time": 1746152003.781875,
      "api": "LdrGetProcedureAddress",
      "pid": 2320,
      "arguments": {
        "ordinal": 0,
        "module": "ole32",
        "module_address": "0x000007feff3a0000",
        "function_address": "0x000007feff4cb5b0",
        "function_name": "CoGetPSClsid"
      },
      "category": "system"
    },
    {
      "time": 1746152003.781875,
      "api": "LdrGetProcedureAddress",
      "pid": 2320,
      "arguments": {
        "ordinal": 0,
        "module": "ole32",
        "module_address": "0x000007feff3a0000",
        "function_address": "0x000007feff3c8e70",
        "function_name": "CoTaskMemAlloc"
      },
      "category": "system"
    },
    {
      "time": 1746152003.796875,
      "api": "LdrGetProcedureAddress",
      "pid": 2320,
      "arguments": {
        "ordinal": 0,
        "module": "ole32",
        "module_address": "0x000007feff3a0000",
        "function_address": "0x000007feff3c8e20",
        "function_name": "CoTaskMemFree"
      },
      "category": "system"
    },
    {
      "time": 1746152003.796875,
      "api": "LdrGetProcedureAddress",
      "pid": 2320,
      "arguments": {
        "ordinal": 0,
        "module": "ole32",
        "module_address": "0x000007feff3a0000",
        "function_address": "0x000007feff3c7490",
        "function_name": "CoCreateInstance"
      },
      "category": "system"
    },
    {
      "time": 1746152003.796875,
      "api": "LdrGetProcedureAddress",
      "pid": 2320,
      "arguments": {
        "ordinal": 0,
        "module": "ole32",
        "module_address": "0x000007feff3a0000",
        "function_address": "0x000007feff3a5da4",
        "function_name": "CoReleaseMarshalData"
      },
      "category": "system"
    },
    {
      "time": 1746152003.796875,
      "api": "LdrGetProcedureAddress",
      "pid": 2320,
      "arguments": {
        "ordinal": 0,
        "module": "ole32",
        "module_address": "0x000007feff3a0000",
        "function_address": "0x000007feff3ca83c",
        "function_name": "DcomChannelSetHResult"
      },
      "category": "system"
    },
    {
      "time": 1746152003.796875,
      "api": "NtQueryKey",
      "pid": 2320,
      "arguments": {
        "key_handle": "0x000000000000001c",
        "buffer": "\u0000\u0000\u0000\u0000",
        "information_class": 7,
        "regkey": "HKEY_LOCAL_MACHINE"
      },
      "category": "registry"
    },
    {
      "time": 1746152003.796875,
      "api": "NtOpenKeyEx",
      "pid": 2320,
      "arguments": {
        "key_handle": "0x00000000000000f0",
        "desired_access": "0x00000001",
        "regkey": "HKEY_LOCAL_MACHINE\\Software\\Microsoft\\Rpc\\Extensions",
        "options": 0
      },
      "category": "registry"
    },
    {
      "time": 1746152003.796875,
      "api": "NtQueryValueKey",
      "pid": 2320,
      "arguments": {
        "key_handle": "0x00000000000000f0",
        "key_name": "",
        "value": "RpcRtRemote.dll",
        "reg_type": 2,
        "information_class": 2,
        "regkey": "HKEY_LOCAL_MACHINE\\SOFTWARE\\Microsoft\\Rpc\\Extensions\\RemoteRpcDll"
      },
      "category": "registry"
    },
    {
      "time": 1746152003.796875,
      "api": "NtClose",
      "pid": 2320,
      "arguments": {
        "handle": "0x00000000000000f0"
      },
      "category": "system"
    },
    {
      "time": 1746152003.812875,
      "api": "GetSystemTimeAsFileTime",
      "pid": 2320,
      "arguments": {},
      "category": "synchronisation"
    },
    {
      "time": 1746152003.827875,
      "api": "LdrGetDllHandle",
      "pid": 2320,
      "arguments": {
        "module_name": "rpcrt4.dll",
        "stack_pivoted": 0,
        "module_address": "0x000007fefe020000"
      },
      "category": "system"
    },
    {
      "time": 1746152003.827875,
      "api": "LdrGetProcedureAddress",
      "pid": 2320,
      "arguments": {
        "ordinal": 0,
        "module": "RPCRT4",
        "module_address": "0x000007fefe020000",
        "function_address": "0x000007fefe067060",
        "function_name": "I_RpcInitFwImports"
      },
      "category": "system"
    },
    {
      "time": 1746152003.827875,
      "api": "LdrGetProcedureAddress",
      "pid": 2320,
      "arguments": {
        "ordinal": 0,
        "module": "RPCRT4",
        "module_address": "0x000007fefe020000",
        "function_address": "0x000007fefe066cd0",
        "function_name": "I_RpcInitImports"
      },
      "category": "system"
    },
    {
      "time": 1746152003.827875,
      "api": "LdrGetProcedureAddress",
      "pid": 2320,
      "arguments": {
        "ordinal": 0,
        "module": "RPCRT4",
        "module_address": "0x000007fefe020000",
        "function_address": "0x000007fefe0a6b70",
        "function_name": "I_RpcVerifierCorruptionExpected"
      },
      "category": "system"
    },
    {
      "time": 1746152003.827875,
      "api": "LdrLoadDll",
      "pid": 2320,
      "arguments": {
        "basename": "RpcRtRemote",
        "module_address": "0x000007fefdaf0000",
        "flags": 0,
        "module_name": "RpcRtRemote.dll",
        "stack_pivoted": 0
      },
      "category": "system"
    },
    {
      "time": 1746152003.827875,
      "api": "LdrGetProcedureAddress",
      "pid": 2320,
      "arguments": {
        "ordinal": 0,
        "module": "RpcRtRemote",
        "module_address": "0x000007fefdaf0000",
        "function_address": "0x000007fefdaf1460",
        "function_name": "I_RpcExtInitializeExtensionPoint"
      },
      "category": "system"
    },
    {
      "time": 1746152003.827875,
      "api": "NtQueryKey",
      "pid": 2320,
      "arguments": {
        "key_handle": "0x000000000000001c",
        "buffer": "\u0000\u0000\u0000\u0000",
        "information_class": 7,
        "regkey": "HKEY_LOCAL_MACHINE"
      },
      "category": "registry"
    },
    {
      "time": 1746152003.827875,
      "api": "NtOpenKeyEx",
      "pid": 2320,
      "arguments": {
        "key_handle": "0x00000000000000f0",
        "desired_access": "0x00020019",
        "regkey": "HKEY_LOCAL_MACHINE\\SYSTEM\\CurrentControlSet\\Services\\BFE",
        "options": 0
      },
      "category": "registry"
    },
    {
      "time": 1746152003.827875,
      "api": "NtClose",
      "pid": 2320,
      "arguments": {
        "handle": "0x00000000000000f0"
      },
      "category": "system"
    },
    {
      "time": 1746152003.827875,
      "api": "NtAllocateVirtualMemory",
      "pid": 2320,
      "arguments": {
        "process_identifier": 2320,
        "region_size": 8192,
        "stack_dep_bypass": 0,
        "stack_pivoted": 0,
        "heap_dep_bypass": 0,
        "protection": 4,
        "process_handle": "0xffffffffffffffff",
        "allocation_type": 4096,
        "base_address": "0x000000000035a000"
      },
      "category": "process"
    },
    {
      "time": 1746152003.843875,
      "api": "NtAllocateVirtualMemory",
      "pid": 2320,
      "arguments": {
        "process_identifier": 2320,
        "region_size": 8192,
        "stack_dep_bypass": 0,
        "stack_pivoted": 0,
        "heap_dep_bypass": 0,
        "protection": 4,
        "process_handle": "0xffffffffffffffff",
        "allocation_type": 4096,
        "base_address": "0x000000000035c000"
      },
      "category": "process"
    },
    {
      "time": 1746152003.843875,
      "api": "NtOpenKey",
      "pid": 2320,
      "arguments": {
        "key_handle": "0x00000000000000f0",
        "desired_access": "0x00020019",
        "regkey": "HKEY_LOCAL_MACHINE\\Software\\Microsoft\\SQMClient\\Windows\\DisabledProcesses\\"
      },
      "category": "registry"
    },
    {
      "time": 1746152003.843875,
      "api": "NtQueryValueKey",
      "pid": 2320,
      "arguments": {
        "key_handle": "0x00000000000000f0",
        "key_name": "",
        "value": "",
        "reg_type": 0,
        "information_class": 2,
        "regkey": "HKEY_LOCAL_MACHINE\\SOFTWARE\\Microsoft\\SQMClient\\Windows\\DisabledProcesses\\408D4067"
      },
      "category": "registry"
    },
    {
      "time": 1746152003.843875,
      "api": "NtClose",
      "pid": 2320,
      "arguments": {
        "handle": "0x00000000000000f0"
      },
      "category": "system"
    },
    {
      "time": 1746152003.843875,
      "api": "NtOpenKey",
      "pid": 2320,
      "arguments": {
        "key_handle": "0x00000000000000f0",
        "desired_access": "0x00020119",
        "regkey": "HKEY_LOCAL_MACHINE\\Software\\Microsoft\\SQMClient\\Windows\\DisabledSessions\\"
      },
      "category": "registry"
    },
    {
      "time": 1746152003.843875,
      "api": "NtQueryValueKey",
      "pid": 2320,
      "arguments": {
        "key_handle": "0x00000000000000f0",
        "key_name": "",
        "value": "",
        "reg_type": 0,
        "information_class": 2,
        "regkey": "HKEY_LOCAL_MACHINE\\SOFTWARE\\Microsoft\\SQMClient\\Windows\\DisabledSessions\\MachineThrottling"
      },
      "category": "registry"
    },
    {
      "time": 1746152003.843875,
      "api": "NtClose",
      "pid": 2320,
      "arguments": {
        "handle": "0x00000000000000f0"
      },
      "category": "system"
    },
    {
      "time": 1746152003.843875,
      "api": "NtOpenKey",
      "pid": 2320,
      "arguments": {
        "key_handle": "0x00000000000000f0",
        "desired_access": "0x00020019",
        "regkey": "HKEY_LOCAL_MACHINE\\Software\\Microsoft\\SQMClient\\Windows\\DisabledSessions\\"
      },
      "category": "registry"
    },
    {
      "time": 1746152003.843875,
      "api": "NtQueryValueKey",
      "pid": 2320,
      "arguments": {
        "key_handle": "0x00000000000000f0",
        "key_name": "",
        "value": "",
        "reg_type": 0,
        "information_class": 2,
        "regkey": "HKEY_LOCAL_MACHINE\\SOFTWARE\\Microsoft\\SQMClient\\Windows\\DisabledSessions\\GlobalSession"
      },
      "category": "registry"
    },
    {
      "time": 1746152003.843875,
      "api": "NtClose",
      "pid": 2320,
      "arguments": {
        "handle": "0x00000000000000f0"
      },
      "category": "system"
    },
    {
      "time": 1746152003.843875,
      "api": "NtAllocateVirtualMemory",
      "pid": 2320,
      "arguments": {
        "process_identifier": 2320,
        "region_size": 4096,
        "stack_dep_bypass": 0,
        "stack_pivoted": 0,
        "heap_dep_bypass": 0,
        "protection": 4,
        "process_handle": "0xffffffffffffffff",
        "allocation_type": 4096,
        "base_address": "0x000000000035e000"
      },
      "category": "process"
    },
    {
      "time": 1746152003.843875,
      "api": "NtAllocateVirtualMemory",
      "pid": 2320,
      "arguments": {
        "process_identifier": 2320,
        "region_size": 4096,
        "stack_dep_bypass": 0,
        "stack_pivoted": 0,
        "heap_dep_bypass": 0,
        "protection": 4,
        "process_handle": "0xffffffffffffffff",
        "allocation_type": 4096,
        "base_address": "0x000000000035f000"
      },
      "category": "process"
    },
    {
      "time": 1746152003.843875,
      "api": "NtDuplicateObject",
      "pid": 2320,
      "arguments": {
        "handle_attributes": 0,
        "source_process_identifier": 2320,
        "source_handle": "0xfffffffffffffffe",
        "target_process_identifier": 2320,
        "desired_access": "0x00000000",
        "target_process_handle": "0xffffffffffffffff",
        "target_handle": "0x00000000000000f4",
        "source_process_handle": "0xffffffffffffffff",
        "options": 2
      },
      "category": "system"
    },
    {
      "time": 1746152003.859875,
      "api": "NtAllocateVirtualMemory",
      "pid": 2320,
      "arguments": {
        "process_identifier": 2320,
        "region_size": 8192,
        "stack_dep_bypass": 0,
        "stack_pivoted": 0,
        "heap_dep_bypass": 0,
        "protection": 4,
        "process_handle": "0xffffffffffffffff",
        "allocation_type": 4096,
        "base_address": "0x0000000000360000"
      },
      "category": "process"
    },
    {
      "time": 1746152003.859875,
      "api": "NtAllocateVirtualMemory",
      "pid": 2320,
      "arguments": {
        "process_identifier": 2320,
        "region_size": 8192,
        "stack_dep_bypass": 0,
        "stack_pivoted": 0,
        "heap_dep_bypass": 0,
        "protection": 4,
        "process_handle": "0xffffffffffffffff",
        "allocation_type": 4096,
        "base_address": "0x0000000000362000"
      },
      "category": "process"
    },
    {
      "time": 1746152003.859875,
      "api": "LdrGetDllHandle",
      "pid": 2320,
      "arguments": {
        "module_name": "ole32.dll",
        "stack_pivoted": 0,
        "module_address": "0x000007feff3a0000"
      },
      "category": "system"
    },
    {
      "time": 1746152003.859875,
      "api": "CreateThread",
      "pid": 2320,
      "arguments": {
        "thread_identifier": 2392,
        "function_address": "0x000007feff3b0168",
        "flags": 0,
        "parameter": "0x0000000000354e20",
        "stack_size": 8192
      },
      "category": "process"
    },
    {
      "time": 1746152003.859875,
      "api": "NtClose",
      "pid": 2320,
      "arguments": {
        "handle": "0x0000000000000108"
      },
      "category": "system"
    },
    {
      "time": 1746152003.859875,
      "api": "NtQueryKey",
      "pid": 2320,
      "arguments": {
        "key_handle": "0x000000000000001c",
        "buffer": "\u0000\u0000\u0000\u0000",
        "information_class": 7,
        "regkey": "HKEY_LOCAL_MACHINE"
      },
      "category": "registry"
    },
    {
      "time": 1746152003.859875,
      "api": "NtOpenKeyEx",
      "pid": 2320,
      "arguments": {
        "key_handle": "0x0000000000000110",
        "desired_access": "0x00020019",
        "regkey": "HKEY_LOCAL_MACHINE\\Software\\Microsoft\\OLE",
        "options": 0
      },
      "category": "registry"
    },
    {
      "time": 1746152003.859875,
      "api": "NtQueryValueKey",
      "pid": 2320,
      "arguments": {
        "key_handle": "0x0000000000000110",
        "key_name": "",
        "value": "",
        "reg_type": 0,
        "information_class": 2,
        "regkey": "HKEY_LOCAL_MACHINE\\SOFTWARE\\Microsoft\\OLE\\MaxSxSHashCount"
      },
      "category": "registry"
    },
    {
      "time": 1746152003.859875,
      "api": "NtClose",
      "pid": 2320,
      "arguments": {
        "handle": "0x0000000000000110"
      },
      "category": "system"
    },
    {
      "time": 1746152003.859875,
      "api": "NtOpenKey",
      "pid": 2320,
      "arguments": {
        "key_handle": "0x0000000000000114",
        "desired_access": "0x02000000",
        "regkey": "HKEY_CURRENT_USER"
      },
      "category": "registry"
    },
    {
      "time": 1746152003.859875,
      "api": "NtClose",
      "pid": 2320,
      "arguments": {
        "handle": "0x0000000000000110"
      },
      "category": "system"
    },
    {
      "time": 1746152003.874875,
      "api": "NtQueryKey",
      "pid": 2320,
      "arguments": {
        "key_handle": "0x0000000000000116",
        "buffer": "\u0088\u0000\u0000\u0000\\\u0000R\u0000E\u0000G\u0000I\u0000S\u0000T\u0000R\u0000Y\u0000\\\u0000U\u0000S\u0000E\u0000R\u0000\\\u0000S\u0000-\u00001\u0000-\u00005\u0000-\u00002\u00001\u0000-\u00004\u00000\u00007\u00005\u00005\u00003\u00009\u00008\u00003\u00002\u0000-\u00001\u00007\u00007\u00008\u00000\u00008\u00002\u00003\u00006\u00000\u0000-\u00002\u00007\u00007\u00004\u00003\u00006\u00003\u00008\u00006\u00006\u0000-\u00005\u00000\u00000\u0000_\u0000C\u0000L\u0000A\u0000S\u0000S\u0000E\u0000S\u0000",
        "information_class": 3,
        "regkey": "HKEY_CURRENT_USER"
      },
      "category": "registry"
    },
    {
      "time": 1746152003.874875,
      "api": "NtQueryKey",
      "pid": 2320,
      "arguments": {
        "key_handle": "0x0000000000000116",
        "buffer": "\u0000\u0000\u0000\u0000",
        "information_class": 7,
        "regkey": "HKEY_CURRENT_USER"
      },
      "category": "registry"
    },
    {
      "time": 1746152003.874875,
      "api": "NtOpenKeyEx",
      "pid": 2320,
      "arguments": {
        "key_handle": "0x0000000000000000",
        "desired_access": "0x00020119",
        "regkey": "HKEY_CURRENT_USER\\CLSID\\{FEA67E28-19BD-487F-8C9B-C867CAB8CE0A}",
        "options": 0
      },
      "category": "registry"
    },
    {
      "time": 1746152003.874875,
      "api": "NtOpenKeyEx",
      "pid": 2320,
      "arguments": {
        "key_handle": "0x0000000000000000",
        "desired_access": "0x00020119",
        "regkey": "HKEY_LOCAL_MACHINE\\Software\\Classes\\CLSID\\{FEA67E28-19BD-487F-8C9B-C867CAB8CE0A}",
        "options": 0
      },
      "category": "registry"
    },
    {
      "time": 1746152003.874875,
      "api": "NtQueryKey",
      "pid": 2320,
      "arguments": {
        "key_handle": "0x0000000000000116",
        "buffer": "\u0088\u0000\u0000\u0000\\\u0000R\u0000E\u0000G\u0000I\u0000S\u0000T\u0000R\u0000Y\u0000\\\u0000U\u0000S\u0000E\u0000R\u0000\\\u0000S\u0000-\u00001\u0000-\u00005\u0000-\u00002\u00001\u0000-\u00004\u00000\u00007\u00005\u00005\u00003\u00009\u00008\u00003\u00002\u0000-\u00001\u00007\u00007\u00008\u00000\u00008\u00002\u00003\u00006\u00000\u0000-\u00002\u00007\u00007\u00004\u00003\u00006\u00003\u00008\u00006\u00006\u0000-\u00005\u00000\u00000\u0000_\u0000C\u0000L\u0000A\u0000S\u0000S\u0000E\u0000S\u0000",
        "information_class": 3,
        "regkey": "HKEY_CURRENT_USER"
      },
      "category": "registry"
    },
    {
      "time": 1746152003.874875,
      "api": "NtQueryKey",
      "pid": 2320,
      "arguments": {
        "key_handle": "0x0000000000000116",
        "buffer": "\u0000\u0000\u0000\u0000",
        "information_class": 7,
        "regkey": "HKEY_CURRENT_USER"
      },
      "category": "registry"
    },
    {
      "time": 1746152003.874875,
      "api": "NtOpenKeyEx",
      "pid": 2320,
      "arguments": {
        "key_handle": "0x0000000000000000",
        "desired_access": "0x00020219",
        "regkey": "HKEY_CURRENT_USER\\Wow6432Node\\CLSID\\{FEA67E28-19BD-487F-8C9B-C867CAB8CE0A}",
        "options": 0
      },
      "category": "registry"
    },
    {
      "time": 1746152003.874875,
      "api": "NtOpenKeyEx",
      "pid": 2320,
      "arguments": {
        "key_handle": "0x0000000000000000",
        "desired_access": "0x00020219",
        "regkey": "HKEY_LOCAL_MACHINE\\Software\\Classes\\Wow6432Node\\CLSID\\{FEA67E28-19BD-487F-8C9B-C867CAB8CE0A}",
        "options": 0
      },
      "category": "registry"
    },
    {
      "time": 1746152003.874875,
      "api": "NtClose",
      "pid": 2320,
      "arguments": {
        "handle": "0x0000000000000116"
      },
      "category": "system"
    },
    {
      "time": 1746152003.874875,
      "api": "NtAllocateVirtualMemory",
      "pid": 2320,
      "arguments": {
        "process_identifier": 2320,
        "region_size": 4096,
        "stack_dep_bypass": 0,
        "stack_pivoted": 0,
        "heap_dep_bypass": 0,
        "protection": 4,
        "process_handle": "0xffffffffffffffff",
        "allocation_type": 4096,
        "base_address": "0x0000000000364000"
      },
      "category": "process"
    },
    {
      "time": 1746152003.874875,
      "api": "CoInitializeEx",
      "pid": 2320,
      "arguments": {
        "options": 2
      },
      "category": "ole"
    },
    {
      "time": 1746152003.874875,
      "api": "NtAllocateVirtualMemory",
      "pid": 2320,
      "arguments": {
        "process_identifier": 2320,
        "region_size": 8192,
        "stack_dep_bypass": 0,
        "stack_pivoted": 0,
        "heap_dep_bypass": 0,
        "protection": 4,
        "process_handle": "0xffffffffffffffff",
        "allocation_type": 4096,
        "base_address": "0x0000000000365000"
      },
      "category": "process"
    },
    {
      "time": 1746152003.874875,
      "api": "NtOpenKey",
      "pid": 2320,
      "arguments": {
        "key_handle": "0x0000000000000110",
        "desired_access": "0x02000000",
        "regkey": "HKEY_CURRENT_USER"
      },
      "category": "registry"
    },
    {
      "time": 1746152003.890875,
      "api": "NtClose",
      "pid": 2320,
      "arguments": {
        "handle": "0x0000000000000114"
      },
      "category": "system"
    },
    {
      "time": 1746152003.890875,
      "api": "NtQueryKey",
      "pid": 2320,
      "arguments": {
        "key_handle": "0x0000000000000112",
        "buffer": "\u0088\u0000\u0000\u0000\\\u0000R\u0000E\u0000G\u0000I\u0000S\u0000T\u0000R\u0000Y\u0000\\\u0000U\u0000S\u0000E\u0000R\u0000\\\u0000S\u0000-\u00001\u0000-\u00005\u0000-\u00002\u00001\u0000-\u00004\u00000\u00007\u00005\u00005\u00003\u00009\u00008\u00003\u00002\u0000-\u00001\u00007\u00007\u00008\u00000\u00008\u00002\u00003\u00006\u00000\u0000-\u00002\u00007\u00007\u00004\u00003\u00006\u00003\u00008\u00006\u00006\u0000-\u00005\u00000\u00000\u0000_\u0000C\u0000L\u0000A\u0000S\u0000S\u0000E\u0000S\u0000",
        "information_class": 3,
        "regkey": "HKEY_CURRENT_USER"
      },
      "category": "registry"
    },
    {
      "time": 1746152003.890875,
      "api": "NtQueryKey",
      "pid": 2320,
      "arguments": {
        "key_handle": "0x0000000000000112",
        "buffer": "\u0000\u0000\u0000\u0000",
        "information_class": 7,
        "regkey": "HKEY_CURRENT_USER"
      },
      "category": "registry"
    },
    {
      "time": 1746152003.890875,
      "api": "NtOpenKeyEx",
      "pid": 2320,
      "arguments": {
        "key_handle": "0x0000000000000000",
        "desired_access": "0x00020119",
        "regkey": "HKEY_CURRENT_USER\\CLSID\\{FEA67E28-19BD-487F-8C9B-C867CAB8CE0A}",
        "options": 0
      },
      "category": "registry"
    },
    {
      "time": 1746152003.890875,
      "api": "NtOpenKeyEx",
      "pid": 2320,
      "arguments": {
        "key_handle": "0x0000000000000000",
        "desired_access": "0x00020119",
        "regkey": "HKEY_LOCAL_MACHINE\\Software\\Classes\\CLSID\\{FEA67E28-19BD-487F-8C9B-C867CAB8CE0A}",
        "options": 0
      },
      "category": "registry"
    },
    {
      "time": 1746152003.890875,
      "api": "NtQueryKey",
      "pid": 2320,
      "arguments": {
        "key_handle": "0x0000000000000112",
        "buffer": "\u0088\u0000\u0000\u0000\\\u0000R\u0000E\u0000G\u0000I\u0000S\u0000T\u0000R\u0000Y\u0000\\\u0000U\u0000S\u0000E\u0000R\u0000\\\u0000S\u0000-\u00001\u0000-\u00005\u0000-\u00002\u00001\u0000-\u00004\u00000\u00007\u00005\u00005\u00003\u00009\u00008\u00003\u00002\u0000-\u00001\u00007\u00007\u00008\u00000\u00008\u00002\u00003\u00006\u00000\u0000-\u00002\u00007\u00007\u00004\u00003\u00006\u00003\u00008\u00006\u00006\u0000-\u00005\u00000\u00000\u0000_\u0000C\u0000L\u0000A\u0000S\u0000S\u0000E\u0000S\u0000",
        "information_class": 3,
        "regkey": "HKEY_CURRENT_USER"
      },
      "category": "registry"
    },
    {
      "time": 1746152003.890875,
      "api": "NtQueryKey",
      "pid": 2320,
      "arguments": {
        "key_handle": "0x0000000000000112",
        "buffer": "\u0000\u0000\u0000\u0000",
        "information_class": 7,
        "regkey": "HKEY_CURRENT_USER"
      },
      "category": "registry"
    },
    {
      "time": 1746152003.890875,
      "api": "NtAllocateVirtualMemory",
      "pid": 2320,
      "arguments": {
        "process_identifier": 2320,
        "region_size": 8192,
        "stack_dep_bypass": 0,
        "stack_pivoted": 0,
        "heap_dep_bypass": 0,
        "protection": 4,
        "process_handle": "0xffffffffffffffff",
        "allocation_type": 4096,
        "base_address": "0x0000000000367000"
      },
      "category": "process"
    },
    {
      "time": 1746152003.890875,
      "api": "NtOpenKeyEx",
      "pid": 2320,
      "arguments": {
        "key_handle": "0x0000000000000000",
        "desired_access": "0x00020219",
        "regkey": "HKEY_CURRENT_USER\\Wow6432Node\\CLSID\\{FEA67E28-19BD-487F-8C9B-C867CAB8CE0A}",
        "options": 0
      },
      "category": "registry"
    },
    {
      "time": 1746152003.890875,
      "api": "NtOpenKeyEx",
      "pid": 2320,
      "arguments": {
        "key_handle": "0x0000000000000000",
        "desired_access": "0x00020219",
        "regkey": "HKEY_LOCAL_MACHINE\\Software\\Classes\\Wow6432Node\\CLSID\\{FEA67E28-19BD-487F-8C9B-C867CAB8CE0A}",
        "options": 0
      },
      "category": "registry"
    },
    {
      "time": 1746152003.890875,
      "api": "NtClose",
      "pid": 2320,
      "arguments": {
        "handle": "0x0000000000000112"
      },
      "category": "system"
    },
    {
      "time": 1746152003.890875,
      "api": "CreateThread",
      "pid": 2320,
      "arguments": {
        "thread_identifier": 2396,
        "function_address": "0x000000013fb133d4",
        "flags": 0,
        "parameter": "0x000000013fb25660",
        "stack_size": 0
      },
      "category": "process"
    },
    {
      "time": 1746152003.890875,
      "api": "NtClose",
      "pid": 2320,
      "arguments": {
        "handle": "0x0000000000000114"
      },
      "category": "system"
    },
    {
      "time": 1746152004.406875,
      "api": "NtAllocateVirtualMemory",
      "pid": 2320,
      "arguments": {
        "process_identifier": 2320,
        "region_size": 8192,
        "stack_dep_bypass": 0,
        "stack_pivoted": 0,
        "heap_dep_bypass": 0,
        "protection": 4,
        "process_handle": "0xffffffffffffffff",
        "allocation_type": 4096,
        "base_address": "0x0000000000369000"
      },
      "category": "process"
    },
    {
      "time": 1746152004.406875,
      "api": "NtQueryKey",
      "pid": 2320,
      "arguments": {
        "key_handle": "0x000000000000001c",
        "buffer": "\u0000\u0000\u0000\u0000",
        "information_class": 7,
        "regkey": "HKEY_LOCAL_MACHINE"
      },
      "category": "registry"
    },
    {
      "time": 1746152004.406875,
      "api": "NtOpenKeyEx",
      "pid": 2320,
      "arguments": {
        "key_handle": "0x0000000000000114",
        "desired_access": "0x00020019",
        "regkey": "HKEY_LOCAL_MACHINE\\Software\\Microsoft\\Ole",
        "options": 0
      },
      "category": "registry"
    },
    {
      "time": 1746152004.406875,
      "api": "NtQueryValueKey",
      "pid": 2320,
      "arguments": {
        "key_handle": "0x0000000000000114",
        "key_name": "",
        "value": "",
        "reg_type": 0,
        "information_class": 2,
        "regkey": "HKEY_LOCAL_MACHINE\\SOFTWARE\\Microsoft\\OLE\\MaximumAllowedAllocationSize"
      },
      "category": "registry"
    },
    {
      "time": 1746152004.406875,
      "api": "NtClose",
      "pid": 2320,
      "arguments": {
        "handle": "0x0000000000000114"
      },
      "category": "system"
    },
    {
      "time": 1746152063.374875,
      "api": "NtClose",
      "pid": 2320,
      "arguments": {
        "handle": "0x00000000000000a0"
      },
      "category": "system"
    },
    {
      "time": 1746152063.859875,
      "api": "NtDelayExecution",
      "pid": 2320,
      "arguments": {
        "skipped": 0,
        "milliseconds": 60000
      },
      "category": "synchronisation"
    },
    {
      "time": 1746152093.859875,
      "api": "NtClose",
      "pid": 2320,
      "arguments": {
        "handle": "0x0000000000000104"
      },
      "category": "system"
    },
    {
      "time": 1746152093.859875,
      "api": "LdrUnloadDll",
      "pid": 2320,
      "arguments": {
        "library": "ole32",
        "module_address": "0x000007feff3a0000"
      },
      "category": "system"
    },
    {
      "time": 1746152093.859875,
      "api": "NtClose",
      "pid": 2320,
      "arguments": {
        "handle": "0x0000000000000108"
      },
      "category": "system"
    },
    {
      "time": 1746152093.859875,
      "api": "NtClose",
      "pid": 2320,
      "arguments": {
        "handle": "0x000000000000010c"
      },
      "category": "system"
    }
  ],
  "network": {
    "http": [],
    "tcp": [],
    "udp": [
      {
        "src": "192.168.56.101",
        "dst": "192.168.56.255",
        "offset": 1484,
        "time": 3.078773021697998,
        "dport": 137,
        "sport": 137
      },
      {
        "src": "192.168.56.101",
        "dst": "192.168.56.255",
        "offset": 8180,
        "time": 9.078304052352905,
        "dport": 138,
        "sport": 138
      },
      {
        "src": "192.168.56.101",
        "dst": "224.0.0.252",
        "offset": 16004,
        "time": 1.0719358921051025,
        "dport": 5355,
        "sport": 50233
      },
      {
        "src": "192.168.56.101",
        "dst": "224.0.0.252",
        "offset": 16324,
        "time": 1.6210219860076904,
        "dport": 5355,
        "sport": 52790
      },
      {
        "src": "192.168.56.101",
        "dst": "224.0.0.252",
        "offset": 16652,
        "time": 0.031049013137817383,
        "dport": 5355,
        "sport": 53526
      },
      {
        "src": "192.168.56.101",
        "dst": "224.0.0.252",
        "offset": 16980,
        "time": 3.0161709785461426,
        "dport": 5355,
        "sport": 58709
      },
      {
        "src": "192.168.56.101",
        "dst": "224.0.0.252",
        "offset": 17308,
        "time": 3.0164589881896973,
        "dport": 5355,
        "sport": 59798
      },
      {
        "src": "192.168.56.101",
        "dst": "224.0.0.252",
        "offset": 17628,
        "time": 2.4354629516601562,
        "dport": 5355,
        "sport": 62139
      },
      {
        "src": "192.168.56.101",
        "dst": "239.255.255.250",
        "offset": 17948,
        "time": 101.4239330291748,
        "dport": 1900,
        "sport": 59801
      },
      {
        "src": "192.168.56.101",
        "dst": "8.8.8.8",
        "offset": 20240,
        "time": 2.0676238536834717,
        "dport": 53,
        "sport": 54506
      },
      {
        "src": "192.168.56.101",
        "dst": "8.8.8.8",
        "offset": 20452,
        "time": 2.0383009910583496,
        "dport": 53,
        "sport": 55116
      },
      {
        "src": "192.168.56.101",
        "dst": "8.8.8.8",
        "offset": 20652,
        "time": 3.014775037765503,
        "dport": 53,
        "sport": 64762
      },
      {
        "src": "192.168.56.101",
        "dst": "8.8.8.8",
        "offset": 20927,
        "time": 2.752163887023926,
        "dport": 53,
        "sport": 65068
      }
    ],
    "dns": [
      {
        "type": "A",
        "request": "www.msftncsi.com",
        "answers": [
          {
            "data": "113.171.230.17",
            "type": "A"
          },
          {
            "data": "www.msftncsi.com.edgesuite.net",
            "type": "CNAME"
          },
          {
            "data": "a1961.g2.akamai.net",
            "type": "CNAME"
          }
        ]
      },
      {
        "type": "A",
        "request": "dns.msftncsi.com",
        "answers": [
          {
            "data": "131.107.255.255",
            "type": "A"
          }
        ]
      },
      {
        "type": "AAAA",
        "request": "dns.msftncsi.com",
        "answers": [
          {
            "data": "fd3e:4f5a:5b81::1",
            "type": "AAAA"
          }
        ]
      },
      {
        "type": "A",
        "request": "teredo.ipv6.microsoft.com",
        "answers": []
      }
    ],
    "hosts": [
      "113.171.230.17",
      "8.8.8.8"
    ],
    "icmp": [],
    "smtp": []
  },
  "static_imports": [
    "GetSidLengthRequired",
    "InitializeSid",
    "GetSidSubAuthority",
    "CopySid",
    "GetLengthSid",
    "IsValidSid",
    "InitializeAcl",
    "AddAce",
    "GetAclInformation",
    "GetSecurityDescriptorOwner",
    "SetSecurityDescriptorOwner",
    "GetSecurityDescriptorGroup",
    "SetSecurityDescriptorGroup",
    "GetSecurityDescriptorDacl",
    "SetSecurityDescriptorDacl",
    "GetSecurityDescriptorSacl",
    "GetSecurityDescriptorControl",
    "MakeAbsoluteSD",
    "InitializeSecurityDescriptor",
    "GetLastError",
    "InitializeCriticalSectionAndSpinCount",
    "DeleteCriticalSection",
    "CloseHandle",
    "GetCurrentThreadId",
    "RaiseException",
    "DecodePointer",
    "SetEvent",
    "GetModuleHandleW",
    "GetCommandLineW",
    "WaitForSingleObject",
    "Sleep",
    "CreateEventW",
    "CreateThread",
    "InitializeCriticalSectionEx",
    "CreateFileW",
    "WriteConsoleW",
    "SetFilePointerEx",
    "SetStdHandle",
    "GetConsoleMode",
    "GetConsoleCP",
    "FlushFileBuffers",
    "GetStringTypeW",
    "HeapReAlloc",
    "LCMapStringEx",
    "EncodePointer",
    "HeapAlloc",
    "HeapFree",
    "SetLastError",
    "ExitProcess",
    "GetModuleHandleExW",
    "GetProcAddress",
    "MultiByteToWideChar",
    "GetStdHandle",
    "WriteFile",
    "GetModuleFileNameW",
    "GetProcessHeap",
    "GetFileType",
    "InitOnceExecuteOnce",
    "GetStartupInfoW",
    "QueryPerformanceCounter",
    "GetSystemTimeAsFileTime",
    "GetTickCount64",
    "GetEnvironmentStringsW",
    "FreeEnvironmentStringsW",
    "RtlCaptureContext",
    "RtlLookupFunctionEntry",
    "RtlVirtualUnwind",
    "UnhandledExceptionFilter",
    "SetUnhandledExceptionFilter",
    "FlsAlloc",
    "FlsGetValue",
    "FlsSetValue",
    "FlsFree",
    "GetCurrentProcess",
    "TerminateProcess",
    "RtlUnwindEx",
    "IsDebuggerPresent",
    "IsProcessorFeaturePresent",
    "RtlPcToFileHeader",
    "HeapSize",
    "EnterCriticalSection",
    "LeaveCriticalSection",
    "IsValidCodePage",
    "GetACP",
    "GetOEMCP",
    "GetCPInfo",
    "LoadLibraryExW",
    "OutputDebugStringW",
    "LoadLibraryW",
    "WideCharToMultiByte",
    "HeapDestroy",
    "CoResumeClassObjects",
    "CoRevokeClassObject",
    "CoRegisterClassObject",
    "CoReleaseServerProcess",
    "CoAddRefServerProcess",
    "CoInitializeSecurity",
    "CoInitialize",
    "CoCreateInstance",
    "CoUninitialize",
    "PostThreadMessageW",
    "GetMessageW",
    "TranslateMessage",
    "DispatchMessageW"
  ],
  "signatures_ttp": {},
  "signatures_full": [
    {
      "name": "recon_fingerprint",
      "description": "Collects information to fingerprint the system (MachineGuid, DigitalProductId, SystemBiosDate)",
      "severity": 1,
      "ttp": {},
      "markcount": 1,
      "marks": [
        {
          "category": "registry",
          "ioc": "HKEY_LOCAL_MACHINE\\SOFTWARE\\Microsoft\\Cryptography\\MachineGuid",
          "type": "ioc",
          "description": null
        }
      ]
    },
    {
      "name": "has_pdb",
      "description": "This executable has a PDB path",
      "severity": 1,
      "ttp": {},
      "markcount": 1,
      "marks": [
        {
          "category": "pdb_path",
          "ioc": "WorkflowDebugHost.pdb",
          "type": "ioc",
          "description": null
        }
      ]
    },
    {
      "name": "dead_host",
      "description": "Connects to an IP address that is no longer responding to requests (legitimate services will remain up-and-running usually)",
      "severity": 5,
      "ttp": {},
      "markcount": 1,
      "marks": [
        {
          "category": "dead_host",
          "ioc": "113.171.230.17:80",
          "type": "ioc",
          "description": null
        }
      ]
    }
  ],
  "processes": [
    {
      "name": "lsass.exe",
      "path": "C:\\Windows\\System32\\lsass.exe",
      "pid": 484,
      "cmdline": "C:\\Windows\\system32\\lsass.exe",
      "modules": [
        "lsass.exe",
        "ntdll.dll",
        "kernel32.dll",
        "KERNELBASE.dll",
        "msvcrt.dll",
        "RPCRT4.dll",
        "SspiSrv.dll",
        "lsasrv.dll",
        "sechost.dll",
        "SspiCli.dll",
        "ADVAPI32.dll",
        "USER32.dll",
        "GDI32.dll",
        "LPK.dll",
        "USP10.dll",
        "SAMSRV.dll",
        "cryptdll.dll",
        "MSASN1.dll",
        "wevtapi.dll",
        "IMM32.DLL",
        "MSCTF.dll",
        "cngaudit.dll",
        "AUTHZ.dll",
        "ncrypt.dll",
        "bcrypt.dll",
        "msprivs.DLL",
        "netjoin.dll",
        "negoexts.DLL",
        "Secur32.dll",
        "cryptbase.dll",
        "kerberos.DLL",
        "CRYPTSP.dll",
        "WS2_32.dll",
        "NSI.dll",
        "mswsock.dll",
        "wship6.dll",
        "msv1_0.DLL",
        "netlogon.DLL",
        "DNSAPI.dll",
        "logoncli.dll",
        "schannel.DLL",
        "CRYPT32.dll",
        "wdigest.DLL",
        "rsaenh.dll",
        "tspkg.DLL",
        "pku2u.DLL",
        "bcryptprimitives.dll",
        "RpcRtRemote.dll",
        "efslsaext.dll",
        "WINSTA.dll",
        "scecli.DLL",
        "credssp.dll",
        "IPHLPAPI.DLL",
        "WINNSI.DLL",
        "netutils.dll",
        "USERENV.dll",
        "profapi.dll",
        "wshtcpip.dll",
        "monitor-x64.dll"
      ]
    },
    {
      "name": "08bf892562a748f1582b00283d8f15ec6f9a2f252c7ba95c2b55fbc60abfbd49.exe",
      "path": "C:\\Users\\Administrator\\AppData\\Local\\Temp\\08bf892562a748f1582b00283d8f15ec6f9a2f252c7ba95c2b55fbc60abfbd49.exe",
      "pid": 2320,
      "cmdline": "\"C:\\Users\\Administrator\\AppData\\Local\\Temp\\08bf892562a748f1582b00283d8f15ec6f9a2f252c7ba95c2b55fbc60abfbd49.exe\" ",
      "modules": [
        "08bf892562a748f1582b00283d8f15ec6f9a2f252c7ba95c2b55fbc60abfbd49.exe",
        "ntdll.dll",
        "kernel32.dll",
        "KERNELBASE.dll",
        "ADVAPI32.dll",
        "msvcrt.dll",
        "sechost.dll",
        "RPCRT4.dll",
        "ole32.dll",
        "GDI32.dll",
        "USER32.dll",
        "LPK.dll",
        "USP10.dll",
        "IMM32.DLL",
        "MSCTF.dll",
        "monitor-x64.dll"
      ]
    }
  ]
}