{
  "behavior_summary": {
    "file_created": [],
    "file_deleted": [],
    "file_read": [],
    "file_recreated": [],
    "file_exists": [],
    "file_opened": [],
    "regkey_opened": [],
    "regkey_read": [
      "HKEY_LOCAL_MACHINE\\SOFTWARE\\Microsoft\\Windows NT\\CurrentVersion\\GRE_Initialize\\DisableMetaFiles"
    ],
    "regkey_written": [],
    "dll_loaded": [],
    "executed_commands": [],
    "directory_created": [],
    "mutex": [],
    "processes_created": [],
    "resolves_host": []
  },
  "dropped_files": [],
  "api_statistics": {
    "2280": {
      "LdrUnloadDll": 1,
      "NtOpenKey": 1,
      "SetUnhandledExceptionFilter": 1,
      "NtTerminateProcess": 3,
      "NtClose": 2,
      "GetSystemTimeAsFileTime": 1,
      "LdrGetDllHandle": 2,
      "CreateProcessInternalW": 1,
      "NtQueryValueKey": 1
    }
  },
  "api_call_sequence": [
    {
      "time": 1746152986.722021,
      "api": "GetSystemTimeAsFileTime",
      "pid": 2280,
      "arguments": {},
      "category": "synchronisation"
    },
    {
      "time": 1746152986.722021,
      "api": "SetUnhandledExceptionFilter",
      "pid": 2280,
      "arguments": {},
      "category": "exception"
    },
    {
      "time": 1746152986.722021,
      "api": "CreateProcessInternalW",
      "pid": 2280,
      "arguments": {
        "thread_identifier": 0,
        "thread_handle": "0x0000000000000000",
        "process_identifier": 0,
        "current_directory": "",
        "filepath": "C:\\Users\\Administrator\\AppData\\Local\\Temp\\dbus-daemon.exe",
        "track": 0,
        "command_line": "\"C:\\Users\\Administrator\\AppData\\Local\\Temp\\dbus-daemon.exe\" --session",
        "filepath_r": "C:\\Users\\Administrator\\AppData\\Local\\Temp\\dbus-daemon.exe",
        "stack_pivoted": 0,
        "creation_flags": 40,
        "process_handle": "0x0000000000000000",
        "inherit_handles": 1
      },
      "category": "process"
    },
    {
      "time": 1746152986.722021,
      "api": "LdrGetDllHandle",
      "pid": 2280,
      "arguments": {
        "module_name": "mscoree.dll",
        "stack_pivoted": 0,
        "module_address": "0x0000000000000000"
      },
      "category": "system"
    },
    {
      "time": 1746152986.722021,
      "api": "LdrGetDllHandle",
      "pid": 2280,
      "arguments": {
        "module_name": "mscoree.dll",
        "stack_pivoted": 0,
        "module_address": "0x0000000000000000"
      },
      "category": "system"
    },
    {
      "time": 1746152986.722021,
      "api": "NtTerminateProcess",
      "pid": 2280,
      "arguments": {
        "status_code": "0x00000004",
        "process_identifier": 0,
        "process_handle": "0x0000000000000000"
      },
      "category": "process"
    },
    {
      "time": 1746152986.722021,
      "api": "NtTerminateProcess",
      "pid": 2280,
      "arguments": {
        "status_code": "0x00000004",
        "process_identifier": 0,
        "process_handle": "0x0000000000000000"
      },
      "category": "process"
    },
    {
      "time": 1746152986.722021,
      "api": "NtClose",
      "pid": 2280,
      "arguments": {
        "handle": "0x0000000000000024"
      },
      "category": "system"
    },
    {
      "time": 1746152986.722021,
      "api": "LdrUnloadDll",
      "pid": 2280,
      "arguments": {
        "library": "IMM32",
        "module_address": "0x000007feff160000"
      },
      "category": "system"
    },
    {
      "time": 1746152986.722021,
      "api": "NtOpenKey",
      "pid": 2280,
      "arguments": {
        "key_handle": "0x0000000000000024",
        "desired_access": "0x00020019",
        "regkey": "HKEY_LOCAL_MACHINE\\Software\\Microsoft\\Windows NT\\CurrentVersion\\GRE_Initialize"
      },
      "category": "registry"
    },
    {
      "time": 1746152986.722021,
      "api": "NtQueryValueKey",
      "pid": 2280,
      "arguments": {
        "key_handle": "0x0000000000000024",
        "key_name": "",
        "value": "",
        "reg_type": 0,
        "information_class": 2,
        "regkey": "HKEY_LOCAL_MACHINE\\SOFTWARE\\Microsoft\\Windows NT\\CurrentVersion\\GRE_Initialize\\DisableMetaFiles"
      },
      "category": "registry"
    },
    {
      "time": 1746152986.722021,
      "api": "NtClose",
      "pid": 2280,
      "arguments": {
        "handle": "0x0000000000000024"
      },
      "category": "system"
    },
    {
      "time": 1746152986.722021,
      "api": "NtTerminateProcess",
      "pid": 2280,
      "arguments": {
        "status_code": "0x00000004",
        "process_identifier": 2280,
        "process_handle": "0xffffffffffffffff"
      },
      "category": "process"
    }
  ],
  "network": {
    "http": [
      {
        "count": 1,
        "body": "",
        "uri": "http://www.msftncsi.com/ncsi.txt",
        "user-agent": "Microsoft NCSI",
        "method": "GET",
        "host": "www.msftncsi.com",
        "version": "1.1",
        "path": "/ncsi.txt",
        "data": "GET /ncsi.txt HTTP/1.1\r\nConnection: Close\r\nUser-Agent: Microsoft NCSI\r\nHost: www.msftncsi.com\r\n\r\n",
        "port": 80
      }
    ],
    "tcp": [
      {
        "src": "192.168.56.101",
        "dst": "113.171.230.17",
        "offset": 1700,
        "time": 11.763710975646973,
        "dport": 80,
        "sport": 49161
      }
    ],
    "udp": [
      {
        "src": "192.168.56.101",
        "dst": "192.168.56.255",
        "offset": 2466,
        "time": 12.032236099243164,
        "dport": 137,
        "sport": 137
      },
      {
        "src": "192.168.56.101",
        "dst": "224.0.0.252",
        "offset": 5110,
        "time": 9.98136305809021,
        "dport": 5355,
        "sport": 50233
      },
      {
        "src": "192.168.56.101",
        "dst": "224.0.0.252",
        "offset": 5430,
        "time": 8.998192071914673,
        "dport": 5355,
        "sport": 53526
      },
      {
        "src": "192.168.56.101",
        "dst": "224.0.0.252",
        "offset": 5758,
        "time": 10.990360975265503,
        "dport": 5355,
        "sport": 55116
      },
      {
        "src": "192.168.56.101",
        "dst": "224.0.0.252",
        "offset": 6086,
        "time": 11.967019081115723,
        "dport": 5355,
        "sport": 57168
      },
      {
        "src": "192.168.56.101",
        "dst": "224.0.0.252",
        "offset": 6406,
        "time": 11.966692924499512,
        "dport": 5355,
        "sport": 60897
      },
      {
        "src": "192.168.56.101",
        "dst": "224.0.0.252",
        "offset": 6734,
        "time": 11.380849123001099,
        "dport": 5355,
        "sport": 62139
      },
      {
        "src": "192.168.56.101",
        "dst": "8.8.8.8",
        "offset": 7054,
        "time": 10.962475061416626,
        "dport": 53,
        "sport": 51755
      },
      {
        "src": "192.168.56.101",
        "dst": "8.8.8.8",
        "offset": 7254,
        "time": 10.991528987884521,
        "dport": 53,
        "sport": 54506
      },
      {
        "src": "192.168.56.101",
        "dst": "8.8.8.8",
        "offset": 7466,
        "time": 11.96732497215271,
        "dport": 53,
        "sport": 59798
      },
      {
        "src": "192.168.56.101",
        "dst": "8.8.8.8",
        "offset": 7741,
        "time": 11.705842018127441,
        "dport": 53,
        "sport": 65068
      }
    ],
    "dns": [
      {
        "type": "A",
        "request": "www.msftncsi.com",
        "answers": [
          {
            "data": "113.171.230.17",
            "type": "A"
          },
          {
            "data": "www.msftncsi.com.edgesuite.net",
            "type": "CNAME"
          },
          {
            "data": "a1961.g2.akamai.net",
            "type": "CNAME"
          }
        ]
      },
      {
        "type": "AAAA",
        "request": "dns.msftncsi.com",
        "answers": [
          {
            "data": "fd3e:4f5a:5b81::1",
            "type": "AAAA"
          }
        ]
      },
      {
        "type": "A",
        "request": "dns.msftncsi.com",
        "answers": [
          {
            "data": "131.107.255.255",
            "type": "A"
          }
        ]
      },
      {
        "type": "A",
        "request": "teredo.ipv6.microsoft.com",
        "answers": []
      }
    ],
    "hosts": [
      "113.171.230.17",
      "8.8.8.8"
    ],
    "icmp": [],
    "smtp": []
  },
  "static_imports": [
    "CloseHandle",
    "CreateProcessW",
    "DeleteCriticalSection",
    "EnterCriticalSection",
    "GetCurrentProcess",
    "GetCurrentProcessId",
    "GetCurrentThreadId",
    "GetLastError",
    "GetModuleFileNameW",
    "GetStartupInfoA",
    "GetSystemTimeAsFileTime",
    "GetTickCount",
    "InitializeCriticalSection",
    "LeaveCriticalSection",
    "QueryPerformanceCounter",
    "RtlAddFunctionTable",
    "RtlCaptureContext",
    "RtlLookupFunctionEntry",
    "RtlVirtualUnwind",
    "SetUnhandledExceptionFilter",
    "Sleep",
    "TerminateProcess",
    "TlsGetValue",
    "UnhandledExceptionFilter",
    "VirtualProtect",
    "VirtualQuery",
    "__C_specific_handler",
    "__dllonexit",
    "__getmainargs",
    "__initenv",
    "__iob_func",
    "__lconv_init",
    "__set_app_type",
    "__setusermatherr",
    "_acmdln",
    "_amsg_exit",
    "_cexit",
    "_exit",
    "_fmode",
    "_initterm",
    "_lock",
    "_onexit",
    "_snwprintf",
    "_unlock",
    "abort",
    "calloc",
    "exit",
    "fprintf",
    "free",
    "fwprintf",
    "fwrite",
    "getenv",
    "malloc",
    "memcpy",
    "memset",
    "raise",
    "signal",
    "strlen",
    "strncmp",
    "vfprintf",
    "wcscat",
    "wcscpy",
    "wcslen",
    "wcsrchr",
    "MessageBoxW"
  ],
  "signatures_ttp": {},
  "signatures_full": [],
  "processes": [
    {
      "name": "lsass.exe",
      "path": "C:\\Windows\\System32\\lsass.exe",
      "pid": 484,
      "cmdline": "C:\\Windows\\system32\\lsass.exe",
      "modules": [
        "lsass.exe",
        "ntdll.dll",
        "kernel32.dll",
        "KERNELBASE.dll",
        "msvcrt.dll",
        "RPCRT4.dll",
        "SspiSrv.dll",
        "lsasrv.dll",
        "sechost.dll",
        "SspiCli.dll",
        "ADVAPI32.dll",
        "USER32.dll",
        "GDI32.dll",
        "LPK.dll",
        "USP10.dll",
        "SAMSRV.dll",
        "cryptdll.dll",
        "MSASN1.dll",
        "wevtapi.dll",
        "IMM32.DLL",
        "MSCTF.dll",
        "cngaudit.dll",
        "AUTHZ.dll",
        "ncrypt.dll",
        "bcrypt.dll",
        "msprivs.DLL",
        "netjoin.dll",
        "negoexts.DLL",
        "Secur32.dll",
        "cryptbase.dll",
        "kerberos.DLL",
        "CRYPTSP.dll",
        "WS2_32.dll",
        "NSI.dll",
        "mswsock.dll",
        "wship6.dll",
        "msv1_0.DLL",
        "netlogon.DLL",
        "DNSAPI.dll",
        "logoncli.dll",
        "schannel.DLL",
        "CRYPT32.dll",
        "wdigest.DLL",
        "rsaenh.dll",
        "tspkg.DLL",
        "pku2u.DLL",
        "bcryptprimitives.dll",
        "RpcRtRemote.dll",
        "efslsaext.dll",
        "WINSTA.dll",
        "scecli.DLL",
        "credssp.dll",
        "IPHLPAPI.DLL",
        "WINNSI.DLL",
        "netutils.dll",
        "USERENV.dll",
        "profapi.dll",
        "wshtcpip.dll",
        "monitor-x64.dll"
      ]
    },
    {
      "name": "10cfee2da8c02724184a60a0bf386df8ac988ca498dd39a64cdca65a58dd320a.exe",
      "path": "C:\\Users\\Administrator\\AppData\\Local\\Temp\\10cfee2da8c02724184a60a0bf386df8ac988ca498dd39a64cdca65a58dd320a.exe",
      "pid": 2280,
      "cmdline": "\"C:\\Users\\Administrator\\AppData\\Local\\Temp\\10cfee2da8c02724184a60a0bf386df8ac988ca498dd39a64cdca65a58dd320a.exe\" ",
      "modules": [
        "10cfee2da8c02724184a60a0bf386df8ac988ca498dd39a64cdca65a58dd320a.exe",
        "ntdll.dll",
        "kernel32.dll",
        "KERNELBASE.dll",
        "msvcrt.dll",
        "USER32.dll",
        "GDI32.dll",
        "LPK.dll",
        "USP10.dll",
        "IMM32.DLL",
        "MSCTF.dll",
        "monitor-x64.dll"
      ]
    }
  ]
}