{
  "behavior_summary": {
    "file_created": [],
    "file_deleted": [],
    "file_read": [],
    "file_recreated": [],
    "file_exists": [],
    "file_opened": [],
    "regkey_opened": [],
    "regkey_read": [],
    "regkey_written": [],
    "dll_loaded": [],
    "executed_commands": [],
    "directory_created": [],
    "mutex": [],
    "processes_created": [],
    "resolves_host": []
  },
  "dropped_files": [],
  "api_statistics": {},
  "api_call_sequence": [],
  "network": {
    "http": [
      {
        "count": 1,
        "body": "",
        "uri": "http://www.msftncsi.com/ncsi.txt",
        "user-agent": "Microsoft NCSI",
        "method": "GET",
        "host": "www.msftncsi.com",
        "version": "1.1",
        "path": "/ncsi.txt",
        "data": "GET /ncsi.txt HTTP/1.1\r\nConnection: Close\r\nUser-Agent: Microsoft NCSI\r\nHost: www.msftncsi.com\r\n\r\n",
        "port": 80
      }
    ],
    "tcp": [
      {
        "src": "192.168.56.101",
        "dst": "113.171.230.17",
        "offset": 1294,
        "time": 2.812620162963867,
        "dport": 80,
        "sport": 49160
      }
    ],
    "udp": [
      {
        "src": "192.168.56.101",
        "dst": "192.168.56.255",
        "offset": 1990,
        "time": 3.0800881385803223,
        "dport": 137,
        "sport": 137
      },
      {
        "src": "192.168.56.101",
        "dst": "224.0.0.252",
        "offset": 4634,
        "time": 1.0320680141448975,
        "dport": 5355,
        "sport": 50233
      },
      {
        "src": "192.168.56.101",
        "dst": "224.0.0.252",
        "offset": 4954,
        "time": 1.566296100616455,
        "dport": 5355,
        "sport": 52790
      },
      {
        "src": "192.168.56.101",
        "dst": "224.0.0.252",
        "offset": 5282,
        "time": 0.050440073013305664,
        "dport": 5355,
        "sport": 53526
      },
      {
        "src": "192.168.56.101",
        "dst": "224.0.0.252",
        "offset": 5610,
        "time": 3.0102059841156006,
        "dport": 5355,
        "sport": 58709
      },
      {
        "src": "192.168.56.101",
        "dst": "224.0.0.252",
        "offset": 5938,
        "time": 3.0108001232147217,
        "dport": 5355,
        "sport": 59798
      },
      {
        "src": "192.168.56.101",
        "dst": "224.0.0.252",
        "offset": 6258,
        "time": 2.428373098373413,
        "dport": 5355,
        "sport": 62139
      },
      {
        "src": "192.168.56.101",
        "dst": "8.8.8.8",
        "offset": 6578,
        "time": 2.0785419940948486,
        "dport": 53,
        "sport": 54506
      },
      {
        "src": "192.168.56.101",
        "dst": "8.8.8.8",
        "offset": 6790,
        "time": 2.0496320724487305,
        "dport": 53,
        "sport": 55116
      },
      {
        "src": "192.168.56.101",
        "dst": "8.8.8.8",
        "offset": 6990,
        "time": 3.0105719566345215,
        "dport": 53,
        "sport": 57168
      },
      {
        "src": "192.168.56.101",
        "dst": "8.8.8.8",
        "offset": 7265,
        "time": 2.7519350051879883,
        "dport": 53,
        "sport": 65068
      }
    ],
    "dns": [
      {
        "type": "A",
        "request": "www.msftncsi.com",
        "answers": [
          {
            "data": "113.171.230.17",
            "type": "A"
          },
          {
            "data": "www.msftncsi.com.edgesuite.net",
            "type": "CNAME"
          },
          {
            "data": "a1961.g2.akamai.net",
            "type": "CNAME"
          }
        ]
      },
      {
        "type": "A",
        "request": "dns.msftncsi.com",
        "answers": [
          {
            "data": "131.107.255.255",
            "type": "A"
          }
        ]
      },
      {
        "type": "AAAA",
        "request": "dns.msftncsi.com",
        "answers": [
          {
            "data": "fd3e:4f5a:5b81::1",
            "type": "AAAA"
          }
        ]
      },
      {
        "type": "A",
        "request": "teredo.ipv6.microsoft.com",
        "answers": []
      }
    ],
    "hosts": [
      "113.171.230.17",
      "8.8.8.8"
    ],
    "icmp": [],
    "smtp": []
  },
  "static_imports": [
    "gimp_ui_init",
    "DeleteCriticalSection",
    "EnterCriticalSection",
    "GetCurrentProcess",
    "GetCurrentProcessId",
    "GetCurrentThreadId",
    "GetLastError",
    "GetModuleHandleA",
    "GetProcAddress",
    "GetStartupInfoA",
    "GetSystemTimeAsFileTime",
    "GetTickCount",
    "InitializeCriticalSection",
    "LeaveCriticalSection",
    "QueryPerformanceCounter",
    "RtlAddFunctionTable",
    "RtlCaptureContext",
    "RtlLookupFunctionEntry",
    "RtlVirtualUnwind",
    "SetUnhandledExceptionFilter",
    "Sleep",
    "TerminateProcess",
    "TlsGetValue",
    "UnhandledExceptionFilter",
    "VirtualProtect",
    "VirtualQuery",
    "__C_specific_handler",
    "__argc",
    "__argv",
    "__dllonexit",
    "__getmainargs",
    "__initenv",
    "__iob_func",
    "__lconv_init",
    "__set_app_type",
    "__setusermatherr",
    "_acmdln",
    "_amsg_exit",
    "_cexit",
    "_fmode",
    "_initterm",
    "_lock",
    "_onexit",
    "_unlock",
    "abort",
    "calloc",
    "exit",
    "fprintf",
    "free",
    "fwrite",
    "malloc",
    "memcmp",
    "memcpy",
    "memset",
    "signal",
    "strlen",
    "strncmp",
    "vfprintf",
    "gimp_displays_flush",
    "gimp_drawable_bpp",
    "gimp_drawable_detach",
    "gimp_drawable_get",
    "gimp_drawable_has_alpha",
    "gimp_drawable_height",
    "gimp_drawable_offsets",
    "gimp_drawable_width",
    "gimp_image_base_type",
    "gimp_image_get_colormap",
    "gimp_image_get_layers",
    "gimp_image_get_name",
    "gimp_image_height",
    "gimp_image_width",
    "gimp_install_procedure",
    "gimp_item_get_name",
    "gimp_main",
    "gimp_message",
    "gimp_pixel_rgn_get_rect",
    "gimp_pixel_rgn_init",
    "gimp_plugin_icon_register",
    "gimp_plugin_menu_register",
    "gimp_quit",
    "gimp_tile_cache_size",
    "gimp_locale_directory",
    "gdk_event_triggers_context_menu",
    "gimp_help_connect",
    "gimp_help_set_help_data",
    "gimp_standard_help_func",
    "gtk_box_new",
    "gdk_bitmap_create_from_data",
    "gdk_cursor_new_for_display",
    "gdk_cursor_unref",
    "gdk_display_pointer_ungrab",
    "gdk_draw_rgb_image",
    "gdk_flush",
    "gdk_get_default_root_window",
    "gdk_pointer_grab",
    "gdk_window_get_origin",
    "gdk_window_get_pointer",
    "gdk_window_raise",
    "gdk_window_set_back_pixmap",
    "gdk_window_set_cursor",
    "g_ascii_table",
    "g_ascii_toupper",
    "g_clear_error",
    "g_free",
    "g_log",
    "g_malloc",
    "g_malloc0",
    "g_source_remove",
    "g_strconcat",
    "g_strdup_printf",
    "g_timeout_add",
    "g_object_get_data",
    "g_object_set",
    "g_object_set_data",
    "g_object_unref",
    "g_signal_connect_data",
    "g_type_check_instance_cast",
    "gtk_accel_group_lock",
    "gtk_action_activate",
    "gtk_action_group_add_actions",
    "gtk_action_group_add_toggle_actions",
    "gtk_action_group_new",
    "gtk_action_group_set_translation_domain",
    "gtk_action_set_sensitive",
    "gtk_alignment_new",
    "gtk_box_get_type",
    "gtk_box_pack_end",
    "gtk_box_pack_start",
    "gtk_combo_box_get_active",
    "gtk_combo_box_get_type",
    "gtk_combo_box_set_active",
    "gtk_combo_box_text_append_text",
    "gtk_combo_box_text_get_type",
    "gtk_combo_box_text_new",
    "gtk_container_add",
    "gtk_container_get_type",
    "gtk_drawing_area_new",
    "gtk_frame_get_type",
    "gtk_frame_new",
    "gtk_frame_set_shadow_type",
    "gtk_get_current_event_time",
    "gtk_grab_add",
    "gtk_grab_remove",
    "gtk_main",
    "gtk_main_quit",
    "gtk_menu_get_type",
    "gtk_menu_popup",
    "gtk_menu_set_screen",
    "gtk_progress_bar_get_type",
    "gtk_progress_bar_new",
    "gtk_progress_bar_set_fraction",
    "gtk_progress_bar_set_text",
    "gtk_separator_tool_item_get_type",
    "gtk_separator_tool_item_set_draw",
    "gtk_toggle_action_get_active",
    "gtk_tool_item_get_type",
    "gtk_tool_item_set_expand",
    "gtk_ui_manager_add_ui_from_string",
    "gtk_ui_manager_get_accel_group",
    "gtk_ui_manager_get_action",
    "gtk_ui_manager_get_widget",
    "gtk_ui_manager_insert_action_group",
    "gtk_ui_manager_new",
    "gtk_widget_add_events",
    "gtk_widget_destroy",
    "gtk_widget_get_display",
    "gtk_widget_get_realized",
    "gtk_widget_get_screen",
    "gtk_widget_get_style",
    "gtk_widget_get_type",
    "gtk_widget_get_window",
    "gtk_widget_hide",
    "gtk_widget_queue_draw",
    "gtk_widget_realize",
    "gtk_widget_set_size_request",
    "gtk_widget_shape_combine_mask",
    "gtk_widget_show",
    "gtk_window_add_accel_group",
    "gtk_window_get_type",
    "gtk_window_move",
    "gtk_window_new",
    "gtk_window_set_role",
    "gtk_window_set_screen",
    "gtk_window_set_title",
    "libintl_bind_textdomain_codeset",
    "libintl_bindtextdomain",
    "libintl_gettext",
    "libintl_printf",
    "libintl_textdomain"
  ],
  "signatures_ttp": {},
  "signatures_full": [],
  "processes": [
    {
      "name": "lsass.exe",
      "path": "C:\\Windows\\System32\\lsass.exe",
      "pid": 484,
      "cmdline": "C:\\Windows\\system32\\lsass.exe",
      "modules": [
        "lsass.exe",
        "ntdll.dll",
        "kernel32.dll",
        "KERNELBASE.dll",
        "msvcrt.dll",
        "RPCRT4.dll",
        "SspiSrv.dll",
        "lsasrv.dll",
        "sechost.dll",
        "SspiCli.dll",
        "ADVAPI32.dll",
        "USER32.dll",
        "GDI32.dll",
        "LPK.dll",
        "USP10.dll",
        "SAMSRV.dll",
        "cryptdll.dll",
        "MSASN1.dll",
        "wevtapi.dll",
        "IMM32.DLL",
        "MSCTF.dll",
        "cngaudit.dll",
        "AUTHZ.dll",
        "ncrypt.dll",
        "bcrypt.dll",
        "msprivs.DLL",
        "netjoin.dll",
        "negoexts.DLL",
        "Secur32.dll",
        "cryptbase.dll",
        "kerberos.DLL",
        "CRYPTSP.dll",
        "WS2_32.dll",
        "NSI.dll",
        "mswsock.dll",
        "wship6.dll",
        "msv1_0.DLL",
        "netlogon.DLL",
        "DNSAPI.dll",
        "logoncli.dll",
        "schannel.DLL",
        "CRYPT32.dll",
        "wdigest.DLL",
        "rsaenh.dll",
        "tspkg.DLL",
        "pku2u.DLL",
        "bcryptprimitives.dll",
        "RpcRtRemote.dll",
        "efslsaext.dll",
        "WINSTA.dll",
        "scecli.DLL",
        "credssp.dll",
        "IPHLPAPI.DLL",
        "WINNSI.DLL",
        "netutils.dll",
        "USERENV.dll",
        "profapi.dll",
        "wshtcpip.dll",
        "monitor-x64.dll"
      ]
    }
  ]
}