{
  "behavior_summary": {
    "file_created": [],
    "file_deleted": [],
    "file_read": [],
    "file_recreated": [],
    "file_exists": [],
    "file_opened": [],
    "regkey_opened": [],
    "regkey_read": [],
    "regkey_written": [],
    "dll_loaded": [],
    "executed_commands": [],
    "directory_created": [],
    "mutex": [],
    "processes_created": [],
    "resolves_host": []
  },
  "dropped_files": [],
  "api_statistics": {},
  "api_call_sequence": [],
  "network": {
    "http": [
      {
        "count": 1,
        "body": "",
        "uri": "http://www.msftncsi.com/ncsi.txt",
        "user-agent": "Microsoft NCSI",
        "method": "GET",
        "host": "www.msftncsi.com",
        "version": "1.1",
        "path": "/ncsi.txt",
        "data": "GET /ncsi.txt HTTP/1.1\r\nConnection: Close\r\nUser-Agent: Microsoft NCSI\r\nHost: www.msftncsi.com\r\n\r\n",
        "port": 80
      }
    ],
    "tcp": [
      {
        "src": "192.168.56.101",
        "dst": "113.171.230.17",
        "offset": 1294,
        "time": 2.816761016845703,
        "dport": 80,
        "sport": 49161
      }
    ],
    "udp": [
      {
        "src": "192.168.56.101",
        "dst": "192.168.56.255",
        "offset": 1990,
        "time": 3.080049991607666,
        "dport": 137,
        "sport": 137
      },
      {
        "src": "192.168.56.101",
        "dst": "224.0.0.252",
        "offset": 6362,
        "time": 1.1074600219726562,
        "dport": 5355,
        "sport": 50233
      },
      {
        "src": "192.168.56.101",
        "dst": "224.0.0.252",
        "offset": 6682,
        "time": 1.617056131362915,
        "dport": 5355,
        "sport": 52790
      },
      {
        "src": "192.168.56.101",
        "dst": "224.0.0.252",
        "offset": 7010,
        "time": 0.0457310676574707,
        "dport": 5355,
        "sport": 53526
      },
      {
        "src": "192.168.56.101",
        "dst": "224.0.0.252",
        "offset": 7338,
        "time": 3.0120439529418945,
        "dport": 5355,
        "sport": 59798
      },
      {
        "src": "192.168.56.101",
        "dst": "224.0.0.252",
        "offset": 7658,
        "time": 3.0097150802612305,
        "dport": 5355,
        "sport": 60897
      },
      {
        "src": "192.168.56.101",
        "dst": "224.0.0.252",
        "offset": 7986,
        "time": 2.4289700984954834,
        "dport": 5355,
        "sport": 62139
      },
      {
        "src": "192.168.56.101",
        "dst": "8.8.8.8",
        "offset": 8306,
        "time": 2.082473039627075,
        "dport": 53,
        "sport": 54506
      },
      {
        "src": "192.168.56.101",
        "dst": "8.8.8.8",
        "offset": 8518,
        "time": 2.0537431240081787,
        "dport": 53,
        "sport": 55116
      },
      {
        "src": "192.168.56.101",
        "dst": "8.8.8.8",
        "offset": 8718,
        "time": 3.01069712638855,
        "dport": 53,
        "sport": 58709
      },
      {
        "src": "192.168.56.101",
        "dst": "8.8.8.8",
        "offset": 8993,
        "time": 2.754281997680664,
        "dport": 53,
        "sport": 65068
      }
    ],
    "dns": [
      {
        "type": "A",
        "request": "www.msftncsi.com",
        "answers": [
          {
            "data": "113.171.230.17",
            "type": "A"
          },
          {
            "data": "www.msftncsi.com.edgesuite.net",
            "type": "CNAME"
          },
          {
            "data": "a1961.g2.akamai.net",
            "type": "CNAME"
          }
        ]
      },
      {
        "type": "A",
        "request": "dns.msftncsi.com",
        "answers": [
          {
            "data": "131.107.255.255",
            "type": "A"
          }
        ]
      },
      {
        "type": "AAAA",
        "request": "dns.msftncsi.com",
        "answers": [
          {
            "data": "fd3e:4f5a:5b81::1",
            "type": "AAAA"
          }
        ]
      },
      {
        "type": "A",
        "request": "teredo.ipv6.microsoft.com",
        "answers": []
      }
    ],
    "hosts": [
      "113.171.230.17",
      "8.8.8.8"
    ],
    "icmp": [],
    "smtp": []
  },
  "static_imports": [
    "gimp_font_select_button_new",
    "gimp_ui_init",
    "gimp_window_set_transient",
    "DeleteCriticalSection",
    "EnterCriticalSection",
    "GetCurrentProcess",
    "GetCurrentProcessId",
    "GetCurrentThreadId",
    "GetLastError",
    "GetModuleHandleA",
    "GetProcAddress",
    "GetStartupInfoA",
    "GetSystemTimeAsFileTime",
    "GetTickCount",
    "InitializeCriticalSection",
    "LeaveCriticalSection",
    "QueryPerformanceCounter",
    "RtlAddFunctionTable",
    "RtlCaptureContext",
    "RtlLookupFunctionEntry",
    "RtlVirtualUnwind",
    "SetUnhandledExceptionFilter",
    "Sleep",
    "TerminateProcess",
    "TlsGetValue",
    "UnhandledExceptionFilter",
    "VirtualProtect",
    "VirtualQuery",
    "__C_specific_handler",
    "__argc",
    "__argv",
    "__dllonexit",
    "__getmainargs",
    "__initenv",
    "__iob_func",
    "__lconv_init",
    "__set_app_type",
    "__setusermatherr",
    "_acmdln",
    "_amsg_exit",
    "_cexit",
    "_errno",
    "_fmode",
    "_initterm",
    "_lock",
    "_onexit",
    "_unlock",
    "abort",
    "calloc",
    "exit",
    "fprintf",
    "free",
    "fwrite",
    "malloc",
    "memcpy",
    "memset",
    "signal",
    "strlen",
    "strncmp",
    "vfprintf",
    "gimp_context_pop",
    "gimp_context_push",
    "gimp_context_set_background",
    "gimp_context_set_foreground",
    "gimp_display_new",
    "gimp_drawable_detach",
    "gimp_drawable_fill",
    "gimp_drawable_get",
    "gimp_drawable_width",
    "gimp_floating_sel_anchor",
    "gimp_image_base_type",
    "gimp_image_clean_all",
    "gimp_image_convert_rgb",
    "gimp_image_delete",
    "gimp_image_duplicate",
    "gimp_image_flatten",
    "gimp_image_get_floating_sel",
    "gimp_image_get_layers",
    "gimp_image_get_name",
    "gimp_image_height",
    "gimp_image_insert_layer",
    "gimp_image_list",
    "gimp_image_new",
    "gimp_image_scale",
    "gimp_image_set_filename",
    "gimp_image_undo_disable",
    "gimp_image_undo_enable",
    "gimp_image_width",
    "gimp_install_procedure",
    "gimp_item_get_image",
    "gimp_layer_is_floating_sel",
    "gimp_layer_new",
    "gimp_layer_new_from_drawable",
    "gimp_layer_resize_to_image_size",
    "gimp_layer_set_offsets",
    "gimp_main",
    "gimp_pixel_rgn_init",
    "gimp_pixel_rgn_set_rect",
    "gimp_plugin_menu_register",
    "gimp_procedural_db_get_data",
    "gimp_procedural_db_set_data",
    "gimp_progress_init",
    "gimp_progress_update",
    "gimp_text_fontname",
    "gimp_text_get_extents_fontname",
    "gimp_tile_height",
    "gimp_locale_directory",
    "gimp_color_button_get_color",
    "gimp_color_button_new",
    "gimp_dialog_get_type",
    "gimp_dialog_new",
    "gimp_dialog_run",
    "gimp_double_adjustment_update",
    "gimp_frame_new",
    "gimp_int_adjustment_update",
    "gimp_scale_entry_new",
    "gimp_spin_button_new",
    "gimp_standard_help_func",
    "gimp_table_attach_aligned",
    "gimp_toggle_button_update",
    "gtk_box_new",
    "g_free",
    "g_list_free",
    "g_list_nth_data",
    "g_list_prepend",
    "g_log",
    "g_malloc",
    "g_snprintf",
    "g_strdup_printf",
    "g_strlcpy",
    "g_object_bind_property",
    "g_object_unref",
    "g_signal_connect_data",
    "g_type_check_instance_cast",
    "gtk_adjustment_get_type",
    "gtk_adjustment_set_value",
    "gtk_box_get_type",
    "gtk_box_pack_end",
    "gtk_box_pack_start",
    "gtk_box_set_homogeneous",
    "gtk_button_new_from_stock",
    "gtk_cell_renderer_text_new",
    "gtk_check_button_new_with_mnemonic",
    "gtk_container_add",
    "gtk_container_get_children",
    "gtk_container_get_type",
    "gtk_container_set_border_width",
    "gtk_dialog_get_content_area",
    "gtk_dialog_get_type",
    "gtk_dialog_set_alternative_button_order",
    "gtk_label_new",
    "gtk_label_new_with_mnemonic",
    "gtk_list_store_append",
    "gtk_list_store_get_type",
    "gtk_list_store_new",
    "gtk_list_store_remove",
    "gtk_list_store_set",
    "gtk_misc_get_type",
    "gtk_misc_set_alignment",
    "gtk_notebook_append_page",
    "gtk_notebook_get_type",
    "gtk_notebook_new",
    "gtk_scrolled_window_get_type",
    "gtk_scrolled_window_new",
    "gtk_scrolled_window_set_policy",
    "gtk_scrolled_window_set_shadow_type",
    "gtk_size_group_add_widget",
    "gtk_size_group_new",
    "gtk_table_get_type",
    "gtk_table_new",
    "gtk_table_set_col_spacings",
    "gtk_table_set_row_spacing",
    "gtk_table_set_row_spacings",
    "gtk_toggle_button_get_type",
    "gtk_toggle_button_set_active",
    "gtk_tree_model_get",
    "gtk_tree_model_get_iter",
    "gtk_tree_model_get_iter_first",
    "gtk_tree_model_get_type",
    "gtk_tree_model_iter_next",
    "gtk_tree_path_free",
    "gtk_tree_row_reference_free",
    "gtk_tree_row_reference_get_path",
    "gtk_tree_row_reference_new",
    "gtk_tree_selection_get_selected_rows",
    "gtk_tree_selection_set_mode",
    "gtk_tree_view_get_selection",
    "gtk_tree_view_get_type",
    "gtk_tree_view_insert_column_with_attributes",
    "gtk_tree_view_new_with_model",
    "gtk_tree_view_set_headers_visible",
    "gtk_tree_view_set_reorderable",
    "gtk_widget_destroy",
    "gtk_widget_show",
    "gtk_window_get_type",
    "libintl_bind_textdomain_codeset",
    "libintl_bindtextdomain",
    "libintl_gettext",
    "libintl_textdomain"
  ],
  "signatures_ttp": {},
  "signatures_full": [],
  "processes": [
    {
      "name": "lsass.exe",
      "path": "C:\\Windows\\System32\\lsass.exe",
      "pid": 484,
      "cmdline": "C:\\Windows\\system32\\lsass.exe",
      "modules": [
        "lsass.exe",
        "ntdll.dll",
        "kernel32.dll",
        "KERNELBASE.dll",
        "msvcrt.dll",
        "RPCRT4.dll",
        "SspiSrv.dll",
        "lsasrv.dll",
        "sechost.dll",
        "SspiCli.dll",
        "ADVAPI32.dll",
        "USER32.dll",
        "GDI32.dll",
        "LPK.dll",
        "USP10.dll",
        "SAMSRV.dll",
        "cryptdll.dll",
        "MSASN1.dll",
        "wevtapi.dll",
        "IMM32.DLL",
        "MSCTF.dll",
        "cngaudit.dll",
        "AUTHZ.dll",
        "ncrypt.dll",
        "bcrypt.dll",
        "msprivs.DLL",
        "netjoin.dll",
        "negoexts.DLL",
        "Secur32.dll",
        "cryptbase.dll",
        "kerberos.DLL",
        "CRYPTSP.dll",
        "WS2_32.dll",
        "NSI.dll",
        "mswsock.dll",
        "wship6.dll",
        "msv1_0.DLL",
        "netlogon.DLL",
        "DNSAPI.dll",
        "logoncli.dll",
        "schannel.DLL",
        "CRYPT32.dll",
        "wdigest.DLL",
        "rsaenh.dll",
        "tspkg.DLL",
        "pku2u.DLL",
        "bcryptprimitives.dll",
        "RpcRtRemote.dll",
        "efslsaext.dll",
        "WINSTA.dll",
        "scecli.DLL",
        "credssp.dll",
        "IPHLPAPI.DLL",
        "WINNSI.DLL",
        "netutils.dll",
        "USERENV.dll",
        "profapi.dll",
        "wshtcpip.dll",
        "monitor-x64.dll"
      ]
    }
  ]
}