{
  "behavior_summary": {
    "file_created": [],
    "file_deleted": [],
    "file_read": [
      "C:\\Users\\Administrator\\AppData\\Local\\Temp\\0d8d47b0b0bf9291e01f426782ba721d5be30ea9b2547f315c7ca48c367b2aa9.exe"
    ],
    "file_recreated": [],
    "file_exists": [
      "C:\\Users\\Administrator\\AppData\\Local\\Temp\\0d8d47b0b0bf9291e01f426782ba721d5be30ea9b2547f315c7ca48c367b2aa9.exe"
    ],
    "file_opened": [
      "C:\\Users\\Administrator\\AppData\\Local\\Temp\\0d8d47b0b0bf9291e01f426782ba721d5be30ea9b2547f315c7ca48c367b2aa9.exe"
    ],
    "regkey_opened": [],
    "regkey_read": [
      "HKEY_LOCAL_MACHINE\\SOFTWARE\\Microsoft\\Windows NT\\CurrentVersion\\GRE_Initialize\\DisableMetaFiles",
      "HKEY_LOCAL_MACHINE\\SYSTEM\\ControlSet001\\Control\\Nls\\CustomLocale\\en-US",
      "HKEY_LOCAL_MACHINE\\SYSTEM\\ControlSet001\\Control\\Nls\\ExtendedLocale\\en-US"
    ],
    "regkey_written": [],
    "dll_loaded": [],
    "executed_commands": [],
    "directory_created": [],
    "mutex": [],
    "processes_created": [],
    "resolves_host": []
  },
  "dropped_files": [],
  "api_statistics": {
    "2272": {
      "LdrUnloadDll": 1,
      "SetFilePointerEx": 6,
      "NtReadFile": 2,
      "GetFileType": 1,
      "NtOpenKey": 3,
      "LdrGetProcedureAddress": 35,
      "SetUnhandledExceptionFilter": 1,
      "NtAllocateVirtualMemory": 3,
      "NtCreateFile": 1,
      "NtClose": 16,
      "GetSystemTimeAsFileTime": 1,
      "NtTerminateProcess": 3,
      "GetFileAttributesW": 1,
      "LdrGetDllHandle": 5,
      "NtFreeVirtualMemory": 1,
      "NtQueryValueKey": 3
    }
  },
  "api_call_sequence": [
    {
      "time": 1746153021.1555,
      "api": "GetSystemTimeAsFileTime",
      "pid": 2272,
      "arguments": {},
      "category": "synchronisation"
    },
    {
      "time": 1746153021.1555,
      "api": "LdrGetDllHandle",
      "pid": 2272,
      "arguments": {
        "module_name": "kernel32.dll",
        "stack_pivoted": 0,
        "module_address": "0x77820000"
      },
      "category": "system"
    },
    {
      "time": 1746153021.1555,
      "api": "LdrGetProcedureAddress",
      "pid": 2272,
      "arguments": {
        "ordinal": 0,
        "module": "kernel32",
        "module_address": "0x77820000",
        "function_address": "0x77834f2b",
        "function_name": "FlsAlloc"
      },
      "category": "system"
    },
    {
      "time": 1746153021.1555,
      "api": "LdrGetProcedureAddress",
      "pid": 2272,
      "arguments": {
        "ordinal": 0,
        "module": "kernel32",
        "module_address": "0x77820000",
        "function_address": "0x7783359f",
        "function_name": "FlsFree"
      },
      "category": "system"
    },
    {
      "time": 1746153021.1555,
      "api": "LdrGetProcedureAddress",
      "pid": 2272,
      "arguments": {
        "ordinal": 0,
        "module": "kernel32",
        "module_address": "0x77820000",
        "function_address": "0x77831252",
        "function_name": "FlsGetValue"
      },
      "category": "system"
    },
    {
      "time": 1746153021.1555,
      "api": "LdrGetProcedureAddress",
      "pid": 2272,
      "arguments": {
        "ordinal": 0,
        "module": "kernel32",
        "module_address": "0x77820000",
        "function_address": "0x77834208",
        "function_name": "FlsSetValue"
      },
      "category": "system"
    },
    {
      "time": 1746153021.1555,
      "api": "LdrGetProcedureAddress",
      "pid": 2272,
      "arguments": {
        "ordinal": 0,
        "module": "kernel32",
        "module_address": "0x77820000",
        "function_address": "0x77834d28",
        "function_name": "InitializeCriticalSectionEx"
      },
      "category": "system"
    },
    {
      "time": 1746153021.1555,
      "api": "LdrGetProcedureAddress",
      "pid": 2272,
      "arguments": {
        "ordinal": 0,
        "module": "kernel32",
        "module_address": "0x77820000",
        "function_address": "0x778b410b",
        "function_name": "CreateEventExW"
      },
      "category": "system"
    },
    {
      "time": 1746153021.1555,
      "api": "LdrGetProcedureAddress",
      "pid": 2272,
      "arguments": {
        "ordinal": 0,
        "module": "kernel32",
        "module_address": "0x77820000",
        "function_address": "0x778b4195",
        "function_name": "CreateSemaphoreExW"
      },
      "category": "system"
    },
    {
      "time": 1746153021.1555,
      "api": "LdrGetProcedureAddress",
      "pid": 2272,
      "arguments": {
        "ordinal": 0,
        "module": "kernel32",
        "module_address": "0x77820000",
        "function_address": "0x7783d31f",
        "function_name": "SetThreadStackGuarantee"
      },
      "category": "system"
    },
    {
      "time": 1746153021.1555,
      "api": "LdrGetProcedureAddress",
      "pid": 2272,
      "arguments": {
        "ordinal": 0,
        "module": "kernel32",
        "module_address": "0x77820000",
        "function_address": "0x7784ee7e",
        "function_name": "CreateThreadpoolTimer"
      },
      "category": "system"
    },
    {
      "time": 1746153021.1555,
      "api": "LdrGetProcedureAddress",
      "pid": 2272,
      "arguments": {
        "ordinal": 0,
        "module": "kernel32",
        "module_address": "0x77820000",
        "function_address": "0x77e2441c",
        "function_name": "SetThreadpoolTimer"
      },
      "category": "system"
    },
    {
      "time": 1746153021.1555,
      "api": "LdrGetProcedureAddress",
      "pid": 2272,
      "arguments": {
        "ordinal": 0,
        "module": "kernel32",
        "module_address": "0x77820000",
        "function_address": "0x77e4c50e",
        "function_name": "WaitForThreadpoolTimerCallbacks"
      },
      "category": "system"
    },
    {
      "time": 1746153021.1555,
      "api": "LdrGetProcedureAddress",
      "pid": 2272,
      "arguments": {
        "ordinal": 0,
        "module": "kernel32",
        "module_address": "0x77820000",
        "function_address": "0x77e4c381",
        "function_name": "CloseThreadpoolTimer"
      },
      "category": "system"
    },
    {
      "time": 1746153021.1555,
      "api": "LdrGetProcedureAddress",
      "pid": 2272,
      "arguments": {
        "ordinal": 0,
        "module": "kernel32",
        "module_address": "0x77820000",
        "function_address": "0x7784f088",
        "function_name": "CreateThreadpoolWait"
      },
      "category": "system"
    },
    {
      "time": 1746153021.1555,
      "api": "LdrGetProcedureAddress",
      "pid": 2272,
      "arguments": {
        "ordinal": 0,
        "module": "kernel32",
        "module_address": "0x77820000",
        "function_address": "0x77e305d7",
        "function_name": "SetThreadpoolWait"
      },
      "category": "system"
    },
    {
      "time": 1746153021.1555,
      "api": "LdrGetProcedureAddress",
      "pid": 2272,
      "arguments": {
        "ordinal": 0,
        "module": "kernel32",
        "module_address": "0x77820000",
        "function_address": "0x77e4ca24",
        "function_name": "CloseThreadpoolWait"
      },
      "category": "system"
    },
    {
      "time": 1746153021.1555,
      "api": "LdrGetProcedureAddress",
      "pid": 2272,
      "arguments": {
        "ordinal": 0,
        "module": "kernel32",
        "module_address": "0x77820000",
        "function_address": "0x77e00b8c",
        "function_name": "FlushProcessWriteBuffers"
      },
      "category": "system"
    },
    {
      "time": 1746153021.1555,
      "api": "LdrGetProcedureAddress",
      "pid": 2272,
      "arguments": {
        "ordinal": 0,
        "module": "kernel32",
        "module_address": "0x77820000",
        "function_address": "0x77ebfde8",
        "function_name": "FreeLibraryWhenCallbackReturns"
      },
      "category": "system"
    },
    {
      "time": 1746153021.1555,
      "api": "LdrGetProcedureAddress",
      "pid": 2272,
      "arguments": {
        "ordinal": 0,
        "module": "kernel32",
        "module_address": "0x77820000",
        "function_address": "0x77e51e1d",
        "function_name": "GetCurrentProcessorNumber"
      },
      "category": "system"
    },
    {
      "time": 1746153021.1555,
      "api": "LdrGetProcedureAddress",
      "pid": 2272,
      "arguments": {
        "ordinal": 0,
        "module": "kernel32",
        "module_address": "0x77820000",
        "function_address": "0x778b4761",
        "function_name": "GetLogicalProcessorInformation"
      },
      "category": "system"
    },
    {
      "time": 1746153021.1555,
      "api": "LdrGetProcedureAddress",
      "pid": 2272,
      "arguments": {
        "ordinal": 0,
        "module": "kernel32",
        "module_address": "0x77820000",
        "function_address": "0x778acd11",
        "function_name": "CreateSymbolicLinkW"
      },
      "category": "system"
    },
    {
      "time": 1746153021.1555,
      "api": "LdrGetProcedureAddress",
      "pid": 2272,
      "arguments": {
        "ordinal": 0,
        "module": "kernel32",
        "module_address": "0x77820000",
        "function_address": "0x00eb7294",
        "function_name": "SetDefaultDllDirectories"
      },
      "category": "system"
    },
    {
      "time": 1746153021.1555,
      "api": "LdrGetProcedureAddress",
      "pid": 2272,
      "arguments": {
        "ordinal": 0,
        "module": "kernel32",
        "module_address": "0x77820000",
        "function_address": "0x778b424f",
        "function_name": "EnumSystemLocalesEx"
      },
      "category": "system"
    },
    {
      "time": 1746153021.1555,
      "api": "LdrGetProcedureAddress",
      "pid": 2272,
      "arguments": {
        "ordinal": 0,
        "module": "kernel32",
        "module_address": "0x77820000",
        "function_address": "0x778b46b1",
        "function_name": "CompareStringEx"
      },
      "category": "system"
    },
    {
      "time": 1746153021.1555,
      "api": "LdrGetProcedureAddress",
      "pid": 2272,
      "arguments": {
        "ordinal": 0,
        "module": "kernel32",
        "module_address": "0x77820000",
        "function_address": "0x778c6676",
        "function_name": "GetDateFormatEx"
      },
      "category": "system"
    },
    {
      "time": 1746153021.1555,
      "api": "LdrGetProcedureAddress",
      "pid": 2272,
      "arguments": {
        "ordinal": 0,
        "module": "kernel32",
        "module_address": "0x77820000",
        "function_address": "0x778b4751",
        "function_name": "GetLocaleInfoEx"
      },
      "category": "system"
    },
    {
      "time": 1746153021.1555,
      "api": "LdrGetProcedureAddress",
      "pid": 2272,
      "arguments": {
        "ordinal": 0,
        "module": "kernel32",
        "module_address": "0x77820000",
        "function_address": "0x778c65f1",
        "function_name": "GetTimeFormatEx"
      },
      "category": "system"
    },
    {
      "time": 1746153021.1555,
      "api": "LdrGetProcedureAddress",
      "pid": 2272,
      "arguments": {
        "ordinal": 0,
        "module": "kernel32",
        "module_address": "0x77820000",
        "function_address": "0x778b47c1",
        "function_name": "GetUserDefaultLocaleName"
      },
      "category": "system"
    },
    {
      "time": 1746153021.1555,
      "api": "LdrGetProcedureAddress",
      "pid": 2272,
      "arguments": {
        "ordinal": 0,
        "module": "kernel32",
        "module_address": "0x77820000",
        "function_address": "0x778b47e1",
        "function_name": "IsValidLocaleName"
      },
      "category": "system"
    },
    {
      "time": 1746153021.1555,
      "api": "LdrGetProcedureAddress",
      "pid": 2272,
      "arguments": {
        "ordinal": 0,
        "module": "kernel32",
        "module_address": "0x77820000",
        "function_address": "0x778b47f1",
        "function_name": "LCMapStringEx"
      },
      "category": "system"
    },
    {
      "time": 1746153021.1555,
      "api": "LdrGetProcedureAddress",
      "pid": 2272,
      "arguments": {
        "ordinal": 0,
        "module": "kernel32",
        "module_address": "0x77820000",
        "function_address": "0x00eb7344",
        "function_name": "GetCurrentPackageId"
      },
      "category": "system"
    },
    {
      "time": 1746153021.1555,
      "api": "LdrGetProcedureAddress",
      "pid": 2272,
      "arguments": {
        "ordinal": 0,
        "module": "kernel32",
        "module_address": "0x77820000",
        "function_address": "0x7784eee0",
        "function_name": "GetTickCount64"
      },
      "category": "system"
    },
    {
      "time": 1746153021.1555,
      "api": "LdrGetProcedureAddress",
      "pid": 2272,
      "arguments": {
        "ordinal": 0,
        "module": "kernel32",
        "module_address": "0x77820000",
        "function_address": "0x00eb7368",
        "function_name": "GetFileInformationByHandleExW"
      },
      "category": "system"
    },
    {
      "time": 1746153021.1555,
      "api": "LdrGetProcedureAddress",
      "pid": 2272,
      "arguments": {
        "ordinal": 0,
        "module": "kernel32",
        "module_address": "0x77820000",
        "function_address": "0x00eb7388",
        "function_name": "SetFileInformationByHandleW"
      },
      "category": "system"
    },
    {
      "time": 1746153021.1555,
      "api": "SetUnhandledExceptionFilter",
      "pid": 2272,
      "arguments": {},
      "category": "exception"
    },
    {
      "time": 1746153021.1555,
      "api": "LdrGetDllHandle",
      "pid": 2272,
      "arguments": {
        "module_name": "kernel32.dll",
        "stack_pivoted": 0,
        "module_address": "0x77820000"
      },
      "category": "system"
    },
    {
      "time": 1746153021.1555,
      "api": "LdrGetProcedureAddress",
      "pid": 2272,
      "arguments": {
        "ordinal": 0,
        "module": "kernel32",
        "module_address": "0x77820000",
        "function_address": "0x778bd618",
        "function_name": "CreateHardLinkW"
      },
      "category": "system"
    },
    {
      "time": 1746153021.1555,
      "api": "LdrGetDllHandle",
      "pid": 2272,
      "arguments": {
        "module_name": "kernel32.dll",
        "stack_pivoted": 0,
        "module_address": "0x77820000"
      },
      "category": "system"
    },
    {
      "time": 1746153021.1555,
      "api": "LdrGetProcedureAddress",
      "pid": 2272,
      "arguments": {
        "ordinal": 0,
        "module": "kernel32",
        "module_address": "0x77820000",
        "function_address": "0x778acd11",
        "function_name": "CreateSymbolicLinkW"
      },
      "category": "system"
    },
    {
      "time": 1746153021.1555,
      "api": "GetFileAttributesW",
      "pid": 2272,
      "arguments": {
        "file_attributes": 8224,
        "filepath_r": "C:\\Users\\Administrator\\AppData\\Local\\Temp\\0d8d47b0b0bf9291e01f426782ba721d5be30ea9b2547f315c7ca48c367b2aa9.exe",
        "filepath": "C:\\Users\\Administrator\\AppData\\Local\\Temp\\0d8d47b0b0bf9291e01f426782ba721d5be30ea9b2547f315c7ca48c367b2aa9.exe"
      },
      "category": "file"
    },
    {
      "time": 1746153021.1555,
      "api": "NtClose",
      "pid": 2272,
      "arguments": {
        "handle": "0x0000007c"
      },
      "category": "system"
    },
    {
      "time": 1746153021.1555,
      "api": "NtOpenKey",
      "pid": 2272,
      "arguments": {
        "key_handle": "0x0000007c",
        "desired_access": "0x00020019",
        "regkey": "HKEY_LOCAL_MACHINE\\System\\CurrentControlSet\\Control\\Nls\\CustomLocale"
      },
      "category": "registry"
    },
    {
      "time": 1746153021.1555,
      "api": "NtQueryValueKey",
      "pid": 2272,
      "arguments": {
        "key_handle": "0x0000007c",
        "key_name": "",
        "value": "",
        "reg_type": 0,
        "information_class": 1,
        "regkey": "HKEY_LOCAL_MACHINE\\SYSTEM\\ControlSet001\\Control\\Nls\\CustomLocale\\en-US"
      },
      "category": "registry"
    },
    {
      "time": 1746153021.1555,
      "api": "NtClose",
      "pid": 2272,
      "arguments": {
        "handle": "0x0000007c"
      },
      "category": "system"
    },
    {
      "time": 1746153021.1555,
      "api": "NtOpenKey",
      "pid": 2272,
      "arguments": {
        "key_handle": "0x0000007c",
        "desired_access": "0x00020019",
        "regkey": "HKEY_LOCAL_MACHINE\\System\\CurrentControlSet\\Control\\Nls\\ExtendedLocale"
      },
      "category": "registry"
    },
    {
      "time": 1746153021.1555,
      "api": "NtQueryValueKey",
      "pid": 2272,
      "arguments": {
        "key_handle": "0x0000007c",
        "key_name": "",
        "value": "",
        "reg_type": 0,
        "information_class": 1,
        "regkey": "HKEY_LOCAL_MACHINE\\SYSTEM\\ControlSet001\\Control\\Nls\\ExtendedLocale\\en-US"
      },
      "category": "registry"
    },
    {
      "time": 1746153021.1555,
      "api": "NtClose",
      "pid": 2272,
      "arguments": {
        "handle": "0x0000007c"
      },
      "category": "system"
    },
    {
      "time": 1746153021.1555,
      "api": "NtCreateFile",
      "pid": 2272,
      "arguments": {
        "create_disposition": 1,
        "file_handle": "0x0000007c",
        "filepath": "C:\\Users\\Administrator\\AppData\\Local\\Temp\\0d8d47b0b0bf9291e01f426782ba721d5be30ea9b2547f315c7ca48c367b2aa9.exe",
        "desired_access": "0x80100080",
        "file_attributes": 128,
        "filepath_r": "\\??\\C:\\Users\\Administrator\\AppData\\Local\\Temp\\0d8d47b0b0bf9291e01f426782ba721d5be30ea9b2547f315c7ca48c367b2aa9.exe",
        "create_options": 96,
        "status_info": 1,
        "share_access": 3
      },
      "category": "file"
    },
    {
      "time": 1746153021.1555,
      "api": "GetFileType",
      "pid": 2272,
      "arguments": {
        "file_handle": "0x0000007c"
      },
      "category": "file"
    },
    {
      "time": 1746153021.1555,
      "api": "SetFilePointerEx",
      "pid": 2272,
      "arguments": {
        "file_handle": "0x0000007c",
        "move_method": 1,
        "offset": 0
      },
      "category": "file"
    },
    {
      "time": 1746153021.1555,
      "api": "SetFilePointerEx",
      "pid": 2272,
      "arguments": {
        "file_handle": "0x0000007c",
        "move_method": 1,
        "offset": 0
      },
      "category": "file"
    },
    {
      "time": 1746153021.1555,
      "api": "SetFilePointerEx",
      "pid": 2272,
      "arguments": {
        "file_handle": "0x0000007c",
        "move_method": 1,
        "offset": 0
      },
      "category": "file"
    },
    {
      "time": 1746153021.1555,
      "api": "SetFilePointerEx",
      "pid": 2272,
      "arguments": {
        "file_handle": "0x0000007c",
        "move_method": 2,
        "offset": 394200
      },
      "category": "file"
    },
    {
      "time": 1746153021.1555,
      "api": "SetFilePointerEx",
      "pid": 2272,
      "arguments": {
        "file_handle": "0x0000007c",
        "move_method": 1,
        "offset": 394200
      },
      "category": "file"
    },
    {
      "time": 1746153021.1555,
      "api": "SetFilePointerEx",
      "pid": 2272,
      "arguments": {
        "file_handle": "0x0000007c",
        "move_method": 0,
        "offset": 0
      },
      "category": "file"
    },
    {
      "time": 1746153021.1555,
      "api": "NtAllocateVirtualMemory",
      "pid": 2272,
      "arguments": {
        "process_identifier": 2272,
        "region_size": 397312,
        "stack_dep_bypass": 0,
        "stack_pivoted": 0,
        "heap_dep_bypass": 0,
        "protection": 4,
        "process_handle": "0xffffffff",
        "allocation_type": 4096,
        "base_address": "0x004f1000"
      },
      "category": "process"
    },
    {
      "time": 1746153021.1555,
      "api": "NtReadFile",
      "pid": 2272,
      "arguments": {
        "file_handle": "0x0000007c",
        "buffer": "MZ\u0090\u0000\u0003\u0000\u0000\u0000\u0004\u0000\u0000\u0000\u00ff\u00ff\u0000\u0000\u00b8\u0000\u0000\u0000\u0000\u0000\u0000\u0000@\u0000\u0000\u0000\u0000\u0000\u0000\u0000\u0000\u0000\u0000\u0000\u0000\u0000\u0000\u0000\u0000\u0000\u0000\u0000\u0000\u0000\u0000\u0000\u0000\u0000\u0000\u0000\u0000\u0000\u0000\u0000\u0000\u0000\u0000\u0000\u00f0\u0000\u0000\u0000\u000e\u001f\u00ba\u000e\u0000\u00b4\t\u00cd!\u00b8\u0001L\u00cd!This program cannot be run in DOS mode.\r\r\n$\u0000\u0000\u0000\u0000\u0000\u0000\u0000G\u00c1\u00c0\u001b\u0003\u00a0\u00aeH\u0003\u00a0\u00aeH\u0003\u00a0\u00aeH\u000e\u00f2qH\u0018\u00a0\u00aeH\u000e\u00f2OHA\u00a0\u00aeH\u000e\u00f2NH\u00c2\u00a0\u00aeH\u00de_eH\u0004\u00a0\u00aeH\u0003\u00a0\u00afHh\u00a0\u00aeH\u00b6>OH\u000b\u00a0\u00aeH\u000e\u00f2uH\u0002\u00a0\u00aeH\u00b6>pH\u0002\u00a0\u00aeHRich\u0003\u00a0\u00aeH\u0000\u0000\u0000\u0000\u0000\u0000\u0000\u0000\u0000\u0000\u0000\u0000\u0000\u0000\u0000\u0000\u0000\u0000\u0000\u0000\u0000\u0000\u0000\u0000PE\u0000\u0000L\u0001\u0005\u0000\u00cf/\u00c3Y\u0000\u0000\u0000\u0000\u0000\u0000\u0000\u0000\u00e0\u0000\u0002\u0001\u000b\u0001\f\u0000\u0000(\u0004\u0000\u0000x\u0001\u0000\u0000\u0000\u0000\u0000\u00b9\u009e\u0002\u0000\u0000\u0010\u0000\u0000\u0000@\u0004\u0000\u0000\u0000@\u0000\u0000\u0010\u0000\u0000\u0000\u0002\u0000\u0000\u0005\u0000\u0001\u0000\u0005\u0000\u0001\u0000\u0005\u0000\u0001\u0000\u0000\u0000\u0000\u0000\u0000\u00f0\u0005\u0000\u0000\u0004\u0000\u0000\u00f9\u009b\u0006\u0000\u0002\u0000@\u0081\u0000\u0000\u0010\u0000\u0000\u0010\u0000\u0000\u0000\u0000\u0010\u0000\u0000\u0010\u0000\u0000\u0000\u0000\u0000\u0000\u0010\u0000\u0000\u0000\u0000\u0000\u0000\u0000\u0000\u0000\u0000\u0000t\u0018\u0005\u0000P\u0000\u0000\u0000\u0000p\u0005\u0000p1\u0000\u0000\u0000\u0000\u0000\u0000\u0000\u0000\u0000\u0000\u0000\u00a4\u0005\u0000\u00d8_\u0000\u0000\u0000\u00b0\u0005\u0000\u008c9\u0000\u0000\u00e0A\u0004\u00008\u0000\u0000\u0000\u0000\u0000\u0000\u0000\u0000\u0000\u0000\u0000\u0000\u0000\u0000\u0000\u0000\u0000\u0000\u0000\u0000\u0000\u0000\u0000\u0000\u0000\u0000\u0000\u00d0\u00c0\u0004\u0000@\u0000\u0000\u0000\u0000\u0000\u0000\u0000\u0000\u0000\u0000\u0000\u0000@\u0004\u0000L\u0001\u0000\u0000\u0000\u0000\u0000\u0000\u0000\u0000\u0000\u0000\u0000\u0000\u0000\u0000\u0000\u0000\u0000\u0000\u0000\u0000\u0000\u0000\u0000\u0000\u0000\u0000.text\u0000\u0000\u0000\u0098'\u0004\u0000\u0000\u0010\u0000\u0000\u0000(\u0004\u0000\u0000\u0004\u0000\u0000\u0000\u0000\u0000\u0000\u0000\u0000\u0000\u0000\u0000\u0000\u0000\u0000 \u0000\u0000`.rdata\u0000\u0000\u00fa\u00df\u0000\u0000\u0000@\u0004\u0000\u0000\u00e0\u0000\u0000\u0000,\u0004\u0000\u0000\u0000\u0000\u0000\u0000\u0000\u0000\u0000\u0000\u0000\u0000\u0000@\u0000\u0000@.data\u0000\u0000\u0000\bO\u0000\u0000\u0000 \u0005\u0000\u0000,\u0000\u0000\u0000\f\u0005\u0000\u0000\u0000\u0000\u0000\u0000\u0000\u0000\u0000\u0000\u0000\u0000\u0000@\u0000\u0000\u00c0.rsrc\u0000\u0000\u0000p1\u0000\u0000\u0000p\u0005\u0000\u00002\u0000\u0000\u00008\u0005\u0000\u0000\u0000\u0000\u0000\u0000\u0000\u0000\u0000\u0000\u0000\u0000\u0000@\u0000\u0000@.reloc\u0000\u0000\u008c9\u0000\u0000\u0000\u00b0\u0005\u0000\u0000:\u0000\u0000\u0000j\u0005\u0000\u0000\u0000\u0000\u0000\u0000\u0000\u0000\u0000\u0000\u0000\u0000\u0000@\u0000\u0000B\u0000\u0000\u0000\u0000\u0000\u0000\u0000\u0000\u0000\u0000\u0000\u0000\u0000\u0000\u0000\u0000\u0000\u0000\u0000\u0000\u0000\u0000\u0000\u0000\u0000\u0000\u0000\u0000\u0000\u0000\u0000\u0000\u0000\u0000\u0000\u0000\u0000\u0000\u0000\u0000\u0000\u0000\u0000\u0000\u0000\u0000\u0000\u0000\u0000\u0000\u0000\u0000\u0000\u0000\u0000\u0000\u0000\u0000\u0000\u0000\u0000\u0000\u0000\u0000\u0000\u0000\u0000\u0000\u0000\u0000\u0000\u0000\u0000\u0000\u0000\u0000\u0000\u0000\u0000\u0000\u0000\u0000\u0000\u0000\u0000\u0000\u0000\u0000\u0000\u0000\u0000\u0000\u0000\u0000\u0000\u0000\u0000\u0000\u0000\u0000\u0000\u0000\u0000\u0000\u0000\u0000\u0000\u0000\u0000\u0000\u0000\u0000\u0000\u0000\u0000\u0000\u0000\u0000\u0000\u0000\u0000\u0000\u0000\u0000\u0000\u0000\u0000\u0000\u0000\u0000\u0000\u0000\u0000\u0000\u0000\u0000\u0000\u0000\u0000\u0000\u0000\u0000\u0000\u0000\u0000\u0000\u0000\u0000\u0000\u0000\u0000\u0000\u0000\u0000\u0000\u0000\u0000\u0000\u0000\u0000\u0000\u0000\u0000\u0000\u0000\u0000\u0000\u0000\u0000\u0000\u0000\u0000\u0000\u0000\u0000\u0000\u0000\u0000\u0000\u0000\u0000\u0000\u0000\u0000\u0000\u0000\u0000\u0000\u0000\u0000\u0000\u0000\u0000\u0000\u0000\u0000\u0000\u0000\u0000\u0000\u0000\u0000\u0000\u0000\u0000\u0000\u0000\u0000\u0000\u0000\u0000\u0000\u0000\u0000\u0000\u0000\u0000\u0000\u0000\u0000\u0000\u0000\u0000\u0000\u0000\u0000\u0000\u0000\u0000\u0000\u0000\u0000\u0000\u0000\u0000\u0000\u0000\u0000\u0000\u0000\u0000\u0000\u0000\u0000\u0000\u0000\u0000\u0000\u0000\u0000\u0000\u0000\u0000\u0000\u0000\u0000\u0000\u0000\u0000\u0000\u0000\u0000\u0000\u0000\u0000\u0000\u0000\u0000\u0000\u0000\u0000\u0000\u0000\u0000\u0000\u0000\u0000\u0000\u0000\u0000\u0000\u0000\u0000\u0000\u0000\u0000\u0000\u0000\u0000\u0000\u0000\u0000\u0000\u0000\u0000\u0000\u0000\u0000\u0000\u0000\u0000\u0000\u0000\u0000\u0000\u0000\u0000\u0000\u0000\u0000\u0000\u0000\u0000\u0000\u0000\u0000\u0000\u0000\u0000\u0000\u0000\u0000\u0000\u0000\u0000\u0000\u0000\u0000\u0000\u0000\u0000\u0000\u0000\u0000\u0000\u0000h\u00905D\u0000\u00e8~r\u0002\u0000Y\u00c3\u00cc\u00cc\u00cc\u00cch\u00a05D\u0000\u00e8nr\u0002\u0000Y\u00c3\u00cc\u00cc\u00cc\u00cch\u00b05D\u0000\u00e8^r\u0002\u0000Y\u00c3\u00cc\u00cc\u00cc\u00cc\u00e8{k\u0002\u0000\u00a3hKE\u0000\u00c3\u00cc\u00cc\u00cc\u00cc\u00cc\u00e8;p\u0002\u0000\u00a3pKE\u0000\u00c3\u00cc\u00cc\u00cc\u00cc\u00cc\u00e8[k\u0002\u0000\u00a3xKE\u0000\u00c3\u00b9\u00a0KE\u0000\u00e8L\u00c0\u0000\u0000h\u00bb5D\u0000\u00e8\u0019r\u0002\u0000Y\u00c3h\u00c55D\u0000\u00e8\rr\u0002\u0000Y\u00c3h\u00cf5D\u0000\u00e8\u0001r\u0002\u0000Y\u00c3h\u00d95D\u0000\u00e8\u00f5q\u0002\u0000Y\u00c3\u00b9\u00bcLE\u0000\u00e8\u0012\u00c0\u0000\u0000h\u00e35D\u0000\u00e8\u00dfq\u0002\u0000Y\u00c3\u00cc\u00cc\u00cc\u00cc\u00cch\u00f0fD\u0000h\u0000gD\u0000\u00ff\u0015L@D\u0000P\u00ff\u0015P@D\u0000\u00a3\u0004NE\u0000\u00c3\u00cc\u00cc\u00cch\u0010gD\u0000h\u0000gD\u0000\u00ff\u0015L@D\u0000P\u00ff\u0015P@D\u0000\u00a3\u0010NE\u0000\u00c3\u00cc\u00cc\u00cch\u00f05D\u0000\u00e8\u008eq\u0002\u0000Y\u00c3\u00cc\u00cc\u00cc\u00cc\u00e8{o\u0002\u0000\u00c7\u0005\u00f4ME\u0000\u0003\u0000\u0000\u0000\u00a3\u00f8ME\u0000\u00c3\u00cc\u00cc\u00cc\u00cc\u00cc\u00cc\u00cc\u00cc\u00cc\u00cc\u00cc\u00e8[o\u0002\u0000\u00a3\u0000NE\u0000\u00c3\u00cc\u00cc\u00cc\u00cc\u00ccj\u00ffh>4D\u0000d\u00a1\u0000\u0000\u0000\u0000P\u00a10\"E\u00003\u00c4P\u008dD$\u0004d\u00a3\u0000\u0000\u0000\u0000\u00a1\u00acNE\u0000\u00a8\u0001u'\u0083\u00c8\u0001\u00a3\u00acNE\u0000h 7D\u0000\u00c7D$\u0010\u0000\u0000\u0000\u0000\u00c7\u0005\u00a8NE\u0000\u0014hD\u0000\u00e8\u000bq\u0002\u0000\u0083\u00c4\u0004\u00c7\u0005pNE\u0000\u00a8NE\u0000\u008bL$\u0004d\u0089\r\u0000\u0000\u0000\u0000Y\u0083\u00c4\f\u00c3\u00cc\u00cc\u00cc\u00cc\u00cc\u00ccj\u00ffhn4D\u0000d\u00a1\u0000\u0000\u0000\u0000P\u00a10\"E\u00003\u00c4P\u008dD$\u0004d\u00a3\u0000\u0000\u0000\u0000\u00a1\u00a4NE\u0000\u00a8\u0001u'\u0083\u00c8\u0001\u00a3\u00a4NE\u0000h07D\u0000\u00c7D$\u0010\u0000\u0000\u0000\u0000\u00c7\u0005\u00a0NE\u00000hD\u0000\u00e8\u009bp\u0002\u0000\u0083\u00c4\u0004\u00c7\u0005|NE\u0000\u00a0NE\u0000\u008bL$\u0004d\u0089\r\u0000\u0000\u0000\u0000Y\u0083\u00c4\f\u00c3\u00cc\u00cc\u00cc\u00cc\u00cc\u00ccj\u00ffh>4D\u0000d\u00a1\u0000\u0000\u0000\u0000P\u00a10\"E\u00003\u00c4P\u008dD$\u0004d\u00a3\u0000\u0000\u0000\u0000\u00a1\u00acNE\u0000\u00a8\u0001u'\u0083\u00c8\u0001\u00a3\u00acNE\u0000h 7D\u0000\u00c7D$\u0010\u0000\u0000\u0000\u0000\u00c7\u0005\u00a8NE\u0000\u0014hD\u0000\u00e8+p\u0002\u0000\u0083\u00c4\u0004\u00c7\u0005\u0080NE\u0000\u00a8NE\u0000\u008bL$\u0004d\u0089\r\u0000\u0000\u0000\u0000Y\u0083\u00c4\f\u00c3\u00cc\u00cc\u00cc\u00cc\u00cc\u00ccj\u00ffhn4D\u0000d\u00a1\u0000\u0000\u0000\u0000P\u00a10\"E\u00003\u00c4P\u008dD$\u0004d\u00a3\u0000\u0000\u0000\u0000\u00a1\u00a4NE\u0000\u00a8\u0001u'\u0083\u00c8\u0001\u00a3\u00a4NE\u0000h07D\u0000\u00c7D$\u0010\u0000\u0000\u0000\u0000\u00c7\u0005\u00a0NE\u00000hD\u0000\u00e8\u00bbo\u0002\u0000\u0083\u00c4\u0004\u00c7\u0005xNE\u0000\u00a0NE\u0000\u008bL$\u0004d\u0089\r\u0000\u0000\u0000\u0000Y\u0083\u00c4\f\u00c3\u00cc\u00cc\u00cc\u00cc\u00cc\u00ccj\u00ffh\u00eb\rD\u0000d\u00a1\u0000\u0000\u0000\u0000PQSVW\u00a10\"E\u00003\u00c4P\u008dD$\u0014d\u00a3\u0000\u0000\u0000\u0000\u008b\u00f1\u0089t$\u0010j\u00ffj\u0000\u00fft$,\u00c7F\u0014\u000f\u0000\u0000\u0000\u00c7F\u0010\u0000\u0000\u0000\u0000\u00c6\u0006\u0000\u00e8Hm\u0000\u0000\u008b\\$(\u008d~\u0018j\u00ffj\u0000\u00c7G\u0014\u000f\u0000\u0000\u0000\u008b\u00cf\u00c7G\u0010\u0000\u0000\u0000\u0000S\u00c7D$(\u0000\u0000\u0000\u0000\u0089|$0\u00c6\u0007\u0000\u00e8\u0018m\u0000\u0000j\u0010\u00c6D$ \u0001\u00e8\u0093m\u0002\u0000\u0083\u00c4\u0004\u0089D$(\u00c6D$\u001c\u0002\u0085\u00c0t\u000f\u00ffs\u0018\u008b\u00c8\u00e8R3\u0000\u0000\u0089G\u0018\u00eb\u0007\u00c7G\u0018\u0000\u0000\u0000\u0000\u008b\u00c6\u008bL$\u0014d\u0089\r\u0000\u0000\u0000\u0000Y_^[\u0083\u00c4\u0010\u00c2\b\u0000\u00cc\u00cc\u00cc\u00cc\u00cc\u00cc\u00cc\u00cc\u00cc\u00cc\u00cc\u00cc\u00cc\u00cc\u00ccj\u00ffh\u00ab\rD\u0000d\u00a1\u0000\u0000\u0000\u0000P\u0083\u00ec\bSVW\u00a10\"E\u00003\u00c4P\u008dD$\u0018d\u00a3\u0000\u0000\u0000\u0000\u008b\u00f1\u0089t$\u0010\u008b|$(\u00c7F\u0014\u000f\u0000\u0000\u0000\u00c7F\u0010\u0000\u0000\u0000\u0000\u00c6\u0006\u0000\u0083\u007f\u0014\u0010s\u0013\u008bG\u0010@t\u0017PWV\u00e8;o\u0002\u0000\u0083\u00c4\f\u00eb\n\u008b\u0007\u0089\u0006\u00c7\u0007\u0000\u0000\u0000\u0000\u008bG\u0010\u0089F\u0010\u008bG\u0014\u0089F\u0014\u00c7G\u0014\u000f\u0000\u0000\u0000\u00c7G\u0010\u0000\u0000\u0000\u0000\u00c6\u0007\u0000j\u00ff\u008d_\u0018\u00c7F,\u000f\u0000\u0000\u0000\u008d~\u0018\u00c7D$$\u0000\u0000\u0000\u0000\u00c7G\u0010\u0000\u0000\u0000\u0000\u008b\u00cfj\u0000S\u0089|$4\u00c6\u0007\u0000\u00e8\u0010l\u0000\u0000j\u0010\u00c6D$$\u0001\u00e8\u008bl\u0002\u0000\u0083\u00c4\u0004\u0089D$\u0014\u00c6D$ \u0002\u0085\u00c0t\u000f\u00ffs\u0018\u008b\u00c8\u00e8J2\u0000\u0000\u0089G\u0018\u00eb\u0007\u00c7G\u0018\u0000\u0000\u0000\u0000\u008b\u00c6\u008bL$\u0018d\u0089\r\u0000\u0000\u0000\u0000Y_^[\u0083\u00c4\u0014\u00c2\u0004\u0000\u00cc\u00cc\u00cc\u00cc\u00cc\u00cc\u00ccj\u00ffh\u00eb\rD\u0000d\u00a1\u0000\u0000\u0000\u0000PQSVW\u00a10\"E\u00003\u00c4P\u008dD$\u0014d\u00a3\u0000\u0000\u0000\u0000\u008b\u00f1\u0089t$\u0010\u008b|$$\u00c7F\u0014\u000f\u0000\u0000\u0000\u00c7F\u0010\u0000\u0000\u0000\u0000\u00c6\u0006\u0000\u0083\u007f\u0014\u0010s\u0013\u008bG\u0010@t\u0017PWV\u00e8=n\u0002\u0000\u0083\u00c4\f\u00eb\n\u008b\u0007\u0089\u0006\u00c7\u0007\u0000\u0000\u0000\u0000\u008bG\u0010\u0089F\u0010\u008bG\u0014\u0089F\u0014\u00c7G\u0014\u000f\u0000\u0000\u0000\u00c7G\u0010\u0000\u0000\u0000\u0000\u00c6\u0007\u0000\u008b\\$(\u008d~\u0018j\u00ffj\u0000\u00c7G\u0014\u000f\u0000\u0000\u0000\u008b\u00cf\u00c7G\u0010\u0000\u0000\u0000\u0000S\u00c7D$(\u0000\u0000\u0000\u0000\u0089|$0\u00c6\u0007\u0000\u00e8\u0011k\u0000\u0000j\u0010\u00c6D$ \u0001\u00e8\u008ck\u0002\u0000\u0083\u00c4\u0004\u0089D$(\u00c6D$\u001c\u0002\u0085\u00c0t\u000f\u00ffs\u0018\u008b\u00c8\u00e8K1\u0000\u0000\u0089G\u0018\u00eb\u0007\u00c7G\u0018\u0000\u0000\u0000\u0000\u008b\u00c6\u008bL$\u0014d\u0089\r\u0000\u0000\u0000\u0000Y_^[\u0083\u00c4\u0010\u00c2\b\u0000\u00cc\u00cc\u00cc\u00cc\u00cc\u00cc\u00cc\u00ccj\u00ffh+\u000eD\u0000d\u00a1\u0000\u0000\u0000\u0000P\u0083\u00ec$\u00a10\"E\u00003\u00c4\u0089D$ VW\u00a10\"E\u00003\u00c4P\u008dD$0d\u00a3\u0000\u0000\u0000\u0000\u008b\u00f1\u008b|$D\u008bD$@WP\u008dD$\u001c\u0089t$\u0018P\u00e8\u0086\u001a\u0000\u0000\u0083\u00c4\f\u0083x\u0014\u0010\u00c7D$8\u0000\u0000\u0000\u0000r\u0002\u008b\u0000\u0089D$\f\u008b\u00ce\u008dD$\fP\u00e8\u009bx\u0002\u0000\u00c7\u00060DD\u0000\u0083|$(\u0010\u00c6D$8\u0002r\f\u00fft$\u0014\u00e8\u0010k\u0002\u0000\u0083\u00c4\u0004j$\u00c7D$,\u000f\u0000\u0000\u0000\u00c7D$(\u0000\u0000\u0000\u0000\u00c6D$\u0018\u0000\u00c7\u0006<DD\u0000\u00e8\u009aj\u0002\u0000\u0083\u00c4\u0004\u0089D$\f\u00c6D$8\u0003\u0085\u00c0t\rW\u008b\u00c8\u00e8;/\u0000\u0000\u0089F\f\u00eb\u0007\u00c7F\f\u0000\u0000\u0000\u0000\u008b\u00c6\u008bL$0d\u0089\r\u0000\u0000\u0000\u0000Y_^\u008bL$ 3\u00cc\u00e8\u008dz\u0002\u0000\u0083\u00c40\u00c2\b\u0000\u00cc\u00cc\u00cc\u00cc\u00cc\u00cc\u00cc\u00cc\u00cc\u00cc\u00cc\u00cc\u00cc\u00ccU\u008b\u00ecj\u00ffhp\u000eD\u0000d\u00a1\u0000\u0000\u0000\u0000P\u0083\u00ec\u001cSVW\u00a10\"E\u00003\u00c5P\u008dE\u00f4d\u00a3\u0000\u0000\u0000\u0000\u0089e\u00f0\u008bE\f3\u00ff\u008b]\b\u0089}\u00e4\u008bP\u0010\u008b\u0003\u0089U\u00e8\u008bH\u0004\u008bD\u0019$\u008bt\u0019 \u0085\u00c0|\u0014\u007f\u0004\u0085\u00f6t\u000e\u0089E\u00dc;\u00f2v\u0007\u0089E\u00dc+\u00f2\u00eb\u00023\u00f6\u008bL\u00198\u0089]\u00d8\u0085\u00c9t\u0005\u008b\u0001\u00ffP\u0004\u008b\u0003\u00c7E\u00fc\u0000\u0000\u0000\u0000\u008b@\u0004\u0083|\u0018\f\u0000u\u0011\u008bL\u0018<\u0085\u00c9t\t;\u00cbt\u0005\u00e8)\u0087\u0000\u0000\u008b\u0003\u008bH\u0004\u0083|\u0019\f\u0000\u000f\u0094\u00c0\u0088E\u00dc\u00c7E\u00fc\u0001\u0000\u0000\u0000\u0084\u00c0u\n\u00bf\u0004\u0000\u0000\u0000\u00e9D\u0001\u0000\u0000\u008bD\u0019\u0014%\u00c0\u0001\u0000\u0000\u00c6E\u00fc\u0002\u0083\u00f8@tY\u008b\u00ff\u0085\u00f6tO\u008b\u0003\u008b@\u0004\u008bL\u00188\u008aT\u0018@\u0088U\u00ef\u008bA \u00838\u0000t#\u008bA0\u008b\u0000\u0085\u00c0~\u001a\u008bQ0H\u0089\u0002\u008bI \u008b\u0011\u008dB\u0001\u0089\u0001\u008aE\u00ef\u0088\u0002\u000f\u00b6\u00c0\u00eb\t\u000f\u00b6\u00c2\u008b\u0011P\u00ffR\f\u0083\u00f8\u00ffus\u0083\u00cf\u0004\u0089}\u00e4\u0085\u00ffu*\u008bU\f\u0083z\u0014\u0010r\u0002\u008b\u0012\u008b\u0003j\u0000\u00ffu\u00e8\u008b@\u0004R\u008bL\u00188\u008b\u0001\u008b@$\u00ff\u00d0;E\u00e8u_\u0085\u00d2u[\u0085\u00f6t\\\u008b\u0003\u008b@\u0004\u008bL\u00188\u008aT\u0018@\u0088U\u000f\u008bA \u00838\u0000t)\u008bA0\u008b\u0000\u0085\u00c0~ \u008bQ0H\u0089\u0002\u008bI \u008b\u0011\u008dB\u0001\u0089\u0001\u008aE\u000f\u0088\u0002\u000f\u00b6\u00c0\u00eb\u000fN\u00e9:\u00ff\u00ff\u00ff\u000f\u00b6\u00c2\u008b\u0011P\u00ffR\f\u0083\u00f8\u00ffu\u0005\u0083\u00cf\u0004\u00eb\bN\u00eb\u00a5\u00bf\u0004\u0000\u0000\u0000\u008b\u0003\u008b@\u0004\u00c7D\u0018 \u0000\u0000\u0000\u0000\u00c7D\u0018$\u0000\u0000\u0000\u0000\u00eb1\u008bM\b\u008b\u0001\u008bP\u0004\u008bD\n\f\u0003\u00d1\u0083\u00c8\u0004\u0083z8\u0000u\u0003\u0083\u00c8\u0004\u0083\u00e0\u0017\u0089B\f\u0085B\u0010ut\u00b8\u00b3\u0018@\u0000\u00c3\u008b]\b\u008b}\u00e4\u00c7E\u00fc\u0001\u0000\u0000\u0000\u008b\u0003\u008bH\u0004\u0003\u00cb\u0085\u00fft\u0016\u008bA\f\u000b\u00c7\u0083y8\u0000u\u0003\u0083\u00c8\u0004j\u0000P\u00e8\u00efl\u0000\u0000\u00c7E\u00fc\u00ff\u00ff\u00ff\u00ff\u00e8q\u00b8\u0000\u0000\u008bu\u00d8\u0084\u00c0u\u0007\u008b\u00ce\u00e8\u00a5_\u0000\u0000\u008b\u0006\u008b@\u0004\u008bL08\u0085\u00c9t\u0005\u008b\u0011\u00ffR\b\u008b\u00c3\u008bM\u00f4d\u0089\r\u0000\u0000\u0000\u0000Y_^[\u008b\u00e5]\u00c3j\u0000j\u0000\u00e8\u001ex\u0002\u0000\u00cc\u00cc\u00cc\u00cc\u00cc\u00ccU\u008b\u00ecj\u00ffh\u00a0\u000eD\u0000d\u00a1\u0000\u0000\u0000\u0000P\u0083\u00ec SVW\u00a10\"E\u00003\u00c5P\u008dE\u00f4d\u00a3\u0000\u0000\u0000\u0000\u0089e\u00f0\u008b]\b3\u00f6\u008b\u00fb\u0089u\u00e4\u0089}\u00dc\u008b\u0003\u008b@\u0004\u008bL\u00188\u0085\u00c9t\u0005\u008b\u0001\u00ffP\u0004\u008b\u0003\u00c7E\u00fc\u0000\u0000\u0000\u0000\u008b@\u0004\u0083|\u0018\f\u0000u\u0011\u008bL\u0018<\u0085\u00c9t\t;\u00cbt\u0005\u00e8\u00e2\u0084\u0000\u0000\u008b\u0003\u008bP\u0004\u0003\u00d3\u0083z\f\u0000\u000f\u0094\u00c0\u0088E\u00e0\u00c7E\u00fc\u0001\u0000\u0000\u0000\u0084\u00c0\u000f\u0084s\u0001\u0000\u0000\u008bJ$\u008bz \u0085\u00c9\u007f\u0017|\u0005\u0083\u00ff\u0001w\u0010\u000fW\u00c0f\u000f\u0013E\u00d4\u008bM\u00d8\u008b}\u00d4\u00eb\u0006\u0083\u00ef\u0001\u0083\u00d9\u0000\u008bB\u0014%\u00c0\u0001\u0000\u0000\u0089M\u00e8\u00c6E\u00fc\u0002\u0083\u00f8@tw\u008d\u00a4$\u0000\u0000\u0000\u0000\u0085\u00f6\u000f\u0085\u001f\u0001\u0000\u0000\u0085\u00c9|d\u007f\u0004\u0085\u00fft^\u008b\u0003\u008b@\u0004\u008aL\u0018@\u0088M\u00ef\u008bL\u00188\u008bA \u00838\u0000t \u008bQ0\u008b\u0002\u0085\u00c0~\u0017H\u0089\u0002\u008bI \u008b\u0011\u008dB\u0001\u0089\u0001\u008aE\u00ef\u0088\u0002\u000f\u00b6\u00c0\u00eb\n\u000f\u00b6E\u00ef\u008b\u0011P\u00ffR\f\u008bM\u00e8\u0083\u00f8\u00ff\u00ba\u0004\u0000\u0000\u0000\u000fD\u00f2\u0083\u00c7\u00ff\u0089u\u00e4\u0083\u00d1\u00ff\u0089M\u00e8\u00eb\u0090\u008b\u0003\u008b@\u0004\u008bL\u00188\u008bA \u00838\u0000t \u008bQ0\u008b\u0002\u0085\u00c0~\u0017H\u0089\u0002\u008bI \u008b\u0011\u008dB\u0001\u0089\u0001\u008aE\f\u0088\u0002\u000f\u00b6\u00c0\u00eb\f\u008bE\f\u008b\u0011\u000f\u00b6\u00c0P\u00ffR\f\u0083\u00f8\u00ff\u00b8\u0004\u0000\u0000\u0000\u000fD\u00f0\u008bE\u00e8\u0089u\u00e4\u0085\u00f6ue\u0085\u00c0|a\u007f\u0004\u0085\u00fft[\u008b\u0003\u008b@\u0004\u008aL\u0018@\u0088M\u00ef\u008bL\u00188\u008bA \u00838\u0000t \u008bQ0\u008b\u0002\u0085\u00c0~\u0017H\u0089\u0002\u008bI \u008b\u0011\u008dB\u0001\u0089\u0001\u008aE\u00ef\u0088\u0002\u000f\u00b6\u00c0\u00eb\n\u000f\u00b6E\u00ef\u008b\u0011P\u00ffR\f\u0083\u00f8\u00ff\u00b8\u0004\u0000\u0000\u0000\u000fD\u00f0\u008bE\u00e8\u0083\u00c7\u00ff\u0083\u00d0\u00ff\u0089E\u00e8\u00eb\u0094\u00c7E\u00fc\u0001\u0000\u0000\u0000\u008b}\u00dc\u008b\u0003\u008b@\u0004\u00c7D\u0018 \u0000\u0000\u0000\u0000\u00c7D\u0018$\u0000\u0000\u0000\u0000\u008b\u0003\u008bH\u0004\u0003\u00cb\u0085\u00f6t\u0016\u008bA\f\u000b\u00c6\u0083y8\u0000u\u0003\u0083\u00c8\u0004j\u0000P\u00e8ij\u0000\u0000\u00c7E\u00fc\u00ff\u00ff\u00ff\u00ff\u00e8\u00eb\u00b5\u0000\u0000\u0084\u00c0u\u0007\u008b\u00cf\u00e8\"]\u0000\u0000\u008b\u0007\u008b@\u0004\u008bL88\u0085\u00c9t\u0005\u008b\u0011\u00ffR\b\u008b\u00c3\u008bM\u00f4d\u0089\r\u0000\u0000\u0000\u0000Y_^[\u008b\u00e5]\u00c3\u008bM\b\u008b\u0001\u008bP\u0004\u008bD\n\f\u0003\u00d1\u0083\u00c8\u0004\u0083z8\u0000u\u0003\u0083\u00c8\u0004\u0083\u00e0\u0017\u0089B\f\u0085B\u0010u\u0018\u00b8\u00cf\u001b@\u0000\u00c3\u008b]\b\u008bu\u00e4\u00c7E\u00fc\u0001\u0000\u0000\u0000\u00e9M\u00ff\u00ff\u00ffj\u0000j\u0000\u00e8^u\u0002\u0000\u00cc\u00cc\u00cc\u00cc\u00cc\u00ccU\u008b\u00ecj\u00ffh\u00d0\u000eD\u0000d\u00a1\u0000\u0000\u0000\u0000",
        "length": 393216,
        "offset": 0
      },
      "category": "file"
    },
    {
      "time": 1746153021.1555,
      "api": "NtReadFile",
      "pid": 2272,
      "arguments": {
        "file_handle": "0x0000007c",
        "buffer": "!0\u001f\u00a4\u001d0\u001b1\u00190\u0017\u0006\u0003U\u0004\u0003\u0013\u0010TimeStamp-2048-50\u001d\u0006\u0003U\u001d\u000e\u0004\u0016\u0004\u0014\t\u00b5\u00c1\u00fe\u0096r\u0097)C\u009a\u00c9\u00e0\u0002\u00ba\u00ae\u00f8\u00fd/\u00ba\u00f60\u001f\u0006\u0003U\u001d#\u0004\u00180\u0016\u0080\u0014\u00afc\u00d6\u00ca\u00a3N\u0085r\u00e0\u00a7\u00bcA\u00f3)\u00a28\u007f\u0080ub0\r\u0006\t*\u0086H\u0086\u00f7\r\u0001\u0001\u000b\u0005\u0000\u0003\u0082\u0001\u0001\u0000\u0017\u00b3\n\u0088\u00e9\\Z^ k;\n\u0015\u00b2l\u00c5\u00a9\u008a2\u0087\u00d3\u00b1\u00f4\u001cS\u00ae\u0085\u00be?\u009b\u00ff\u00d7\u00bc\u00b7\u0094\u0085\u00b4\u00c7R~\u0094\u00e8\u00bd\u00eda\u00b2\u00d4\u00a7\u0099\u00e4\u00c3\u00c9\u0093\u00c15=\u000b\u00e8h\n]V\u0098\u00bd\u00b1\";\u00d1Dz\u00d7\u00bf\u00f0mQ2\u008a\u00d5#\u00df8\u00017\u00f6\u00e2S+z+\u0011\u008f\u00b7Mlz3\u0003\u001b|k\t\u0094\u0017\u00bb\u00e4\u00dbX\u00d4!\u0013e\u00e7\u00ec\u00d1%\u00ca,u\u009a\u009c\u007f\u00fc\u00c9\u00bb*h\u00ab\u00c4}\u00b4\u00cf\u00a3\u00c9l\u00a7\u00d9\u00c4\u0000\u009c\u0089\nw\u0091\u00f4M\u00a2\u00fb1;\u0086n\u00f6\u00e6\u001fP\u0003\u0086\u009b\u00bf\u00cbB\u00ab\u00e6v\u009brZ\u0011\u0001\u008a\u00c6\u00ef\u00a5o\u0095\u00e7\u00dd\u00ae\u00ba\u00e6\"e\u00f0\u0018Y\u001b\u0011\u00c9\u00cd\u0080\u00b7\u00d8\u0097G\u001fB\b\u00f8\u00acq\u001f\u00b0FS\u00b3\u00d4\u00b2\u00d5\u00a3\u00abPuH\u0012\u0017\u0082\u00ad\u00cf\u00e0AO2~\u00cd\u0095\u001c\u00bf\u0091\u008a\b=\u00a4\u00a7g\u0002\u0096\u00df$L\u00a5\u00d0A\u00c0\u0082`\u00a3\u008a\u00172K\u00d3\u00bc\u00cf\u00a4\u00b4\u008c1\u0082\u0002Z0\u0082\u0002V\u0002\u0001\u00010\u0081\u008b0w1\u000b0\t\u0006\u0003U\u0004\u0006\u0013\u0002US1\u001d0\u001b\u0006\u0003U\u0004\n\u0013\u0014Symantec Corporation1\u001f0\u001d\u0006\u0003U\u0004\u000b\u0013\u0016Symantec Trust Network1(0&\u0006\u0003U\u0004\u0003\u0013\u001fSymantec SHA256 TimeStamping CA\u0002\u0010TX\u00f2\u00aa\u00d7A\u00d6D\u00bc\u0084\u00a9{\u00a0\u0096R\u00e60\u000b\u0006\t`\u0086H\u0001e\u0003\u0004\u0002\u0001\u00a0\u0081\u00a40\u001a\u0006\t*\u0086H\u0086\u00f7\r\u0001\t\u00031\r\u0006\u000b*\u0086H\u0086\u00f7\r\u0001\t\u0010\u0001\u00040\u001c\u0006\t*\u0086H\u0086\u00f7\r\u0001\t\u00051\u000f\u0017\r170921031915Z0/\u0006\t*\u0086H\u0086\u00f7\r\u0001\t\u00041\"\u0004 \u00ee\u00a2~W\u00bf\u0094\u00eeB6\u00f2\u0017\u0081\u0002\u008f\u001e\u000b[\u0084\u0015*\u00ce\u00192*o\u00ba\u007f\u00ed\u00b8nv\u00d207\u0006\u000b*\u0086H\u0086\u00f7\r\u0001\t\u0010\u0002/1(0&0$0\"\u0004 \u00cfz\u00c1z\u00d0G\u00ec\u00d5\u00fd\u00c3h\"\u0003\u001b\u0012\u00d4\u00ef\u0007\u008bo+L^k\u00a4\u001f\u008f\u00f2\u00cfK\u00adg0\u000b\u0006\t*\u0086H\u0086\u00f7\r\u0001\u0001\u0001\u0004\u0082\u0001\u00007#\u00dd_\u0083\u0097\u0091~A\u0081\u0007\u00d9\u00c4+\u0080\"\u00bem\u0015T\u00f5\u00b4\u00b7\u00ad\u008cU\u00e8/\u00e6-\u00b0P\u00da\u00e9T`z\u0004#\u00ba\u00beN\u0080\u0097\u00b6\u00d9\u00a3\u00b9\u001b\u00fd\u00a7 \u0015V\u009b?\u00da\u001e1\u009f\t?\u009dizj\u00a3\u00d83?\u00e3O\u00b3\u0099\u0084\u0016\u00e8_\u0082S\u00d9\u001a\u0095\u00e0]\u00d5\u0003\u00ac\u00c0K\u00aa\u00d66\u001e\u00c8Z\u009e\u00ff/\u00a6\u00a6\u00e4\b\u001bd\r8p\u00da\u0090\u0015\u000bA\u0081n\u00ef\u00f84\u001a0^\u00be\u008f\u00c6_\t\u0007M\u00008$5\u00130\u00dem\u00ec\u0096\u00f8\u00ce\u00cfF\rF;\u00fd8HT\u001a_\u00e6&_!\u00b6\u00e4\u00dc\u00a0j\u0083J\u0087\u00a7!=\u0019\u00dau\u0003aJ?\u00abi\u00b7E\u0010\u000bUH\u0012\u00bc[\u00b4\u00d8\u00d0\u00fb\u00bf\u0088F\u001e\u00d4\u00f4,@\u00fb\u00f7\u0093H\u00ec\u0097\u001et\u00bbC\u00ec:\u00f5\u00f3\u008bI}\u00a8~\u00d0+\u00ean*fw\u00bd\u00834\u00fc\u00e9r\u000b\u00a3!m\u00e6\u00d6\u0003\u00aa\u0093h\u001d\u0091+i\u0095u\u00f5\u000eTy\u00c6\u0007\u00dc\u0002Bl\u00c7\u008a\u0000\u0000\u0000\u0000",
        "length": 4096,
        "offset": 0
      },
      "category": "file"
    },
    {
      "time": 1746153021.1555,
      "api": "NtClose",
      "pid": 2272,
      "arguments": {
        "handle": "0x0000007c"
      },
      "category": "system"
    },
    {
      "time": 1746153021.1555,
      "api": "NtAllocateVirtualMemory",
      "pid": 2272,
      "arguments": {
        "process_identifier": 2272,
        "region_size": 1048576,
        "stack_dep_bypass": 0,
        "stack_pivoted": 0,
        "heap_dep_bypass": 0,
        "protection": 4,
        "process_handle": "0xffffffff",
        "allocation_type": 8192,
        "base_address": "0x005b0000"
      },
      "category": "process"
    },
    {
      "time": 1746153021.1555,
      "api": "NtAllocateVirtualMemory",
      "pid": 2272,
      "arguments": {
        "process_identifier": 2272,
        "region_size": 401408,
        "stack_dep_bypass": 0,
        "stack_pivoted": 0,
        "heap_dep_bypass": 0,
        "protection": 4,
        "process_handle": "0xffffffff",
        "allocation_type": 4096,
        "base_address": "0x005b0000"
      },
      "category": "process"
    },
    {
      "time": 1746153021.1555,
      "api": "NtFreeVirtualMemory",
      "pid": 2272,
      "arguments": {
        "free_type": 16384,
        "process_identifier": 2272,
        "process_handle": "0xffffffff",
        "base_address": "0x004d3000",
        "size": 905216
      },
      "category": "process"
    },
    {
      "time": 1746153021.1555,
      "api": "LdrGetDllHandle",
      "pid": 2272,
      "arguments": {
        "module_name": "mscoree.dll",
        "stack_pivoted": 0,
        "module_address": "0x00000000"
      },
      "category": "system"
    },
    {
      "time": 1746153021.1555,
      "api": "LdrGetDllHandle",
      "pid": 2272,
      "arguments": {
        "module_name": "mscoree.dll",
        "stack_pivoted": 0,
        "module_address": "0x00000000"
      },
      "category": "system"
    },
    {
      "time": 1746153021.1555,
      "api": "NtTerminateProcess",
      "pid": 2272,
      "arguments": {
        "status_code": "0x00000000",
        "process_identifier": 0,
        "process_handle": "0x00000000"
      },
      "category": "process"
    },
    {
      "time": 1746153021.1555,
      "api": "NtTerminateProcess",
      "pid": 2272,
      "arguments": {
        "status_code": "0x00000000",
        "process_identifier": 0,
        "process_handle": "0x00000000"
      },
      "category": "process"
    },
    {
      "time": 1746153021.1555,
      "api": "NtClose",
      "pid": 2272,
      "arguments": {
        "handle": "0x00000040"
      },
      "category": "system"
    },
    {
      "time": 1746153021.1555,
      "api": "NtClose",
      "pid": 2272,
      "arguments": {
        "handle": "0x00000068"
      },
      "category": "system"
    },
    {
      "time": 1746153021.1555,
      "api": "NtClose",
      "pid": 2272,
      "arguments": {
        "handle": "0x0000005c"
      },
      "category": "system"
    },
    {
      "time": 1746153021.1555,
      "api": "NtClose",
      "pid": 2272,
      "arguments": {
        "handle": "0x00000060"
      },
      "category": "system"
    },
    {
      "time": 1746153021.1555,
      "api": "NtClose",
      "pid": 2272,
      "arguments": {
        "handle": "0x00000064"
      },
      "category": "system"
    },
    {
      "time": 1746153021.1555,
      "api": "NtClose",
      "pid": 2272,
      "arguments": {
        "handle": "0x0000006c"
      },
      "category": "system"
    },
    {
      "time": 1746153021.1555,
      "api": "NtClose",
      "pid": 2272,
      "arguments": {
        "handle": "0x00000058"
      },
      "category": "system"
    },
    {
      "time": 1746153021.1555,
      "api": "NtClose",
      "pid": 2272,
      "arguments": {
        "handle": "0x00000054"
      },
      "category": "system"
    },
    {
      "time": 1746153021.1555,
      "api": "LdrUnloadDll",
      "pid": 2272,
      "arguments": {
        "library": "IMM32",
        "module_address": "0x77030000"
      },
      "category": "system"
    },
    {
      "time": 1746153021.1555,
      "api": "NtOpenKey",
      "pid": 2272,
      "arguments": {
        "key_handle": "0x00000054",
        "desired_access": "0x00020019",
        "regkey": "HKEY_LOCAL_MACHINE\\Software\\Microsoft\\Windows NT\\CurrentVersion\\GRE_Initialize"
      },
      "category": "registry"
    },
    {
      "time": 1746153021.1555,
      "api": "NtQueryValueKey",
      "pid": 2272,
      "arguments": {
        "key_handle": "0x00000054",
        "key_name": "",
        "value": "",
        "reg_type": 0,
        "information_class": 2,
        "regkey": "HKEY_LOCAL_MACHINE\\SOFTWARE\\Microsoft\\Windows NT\\CurrentVersion\\GRE_Initialize\\DisableMetaFiles"
      },
      "category": "registry"
    },
    {
      "time": 1746153021.1555,
      "api": "NtClose",
      "pid": 2272,
      "arguments": {
        "handle": "0x00000054"
      },
      "category": "system"
    },
    {
      "time": 1746153021.1555,
      "api": "NtClose",
      "pid": 2272,
      "arguments": {
        "handle": "0x00000034"
      },
      "category": "system"
    },
    {
      "time": 1746153021.1555,
      "api": "NtClose",
      "pid": 2272,
      "arguments": {
        "handle": "0x0000002c"
      },
      "category": "system"
    },
    {
      "time": 1746153021.1555,
      "api": "NtClose",
      "pid": 2272,
      "arguments": {
        "handle": "0x00000030"
      },
      "category": "system"
    },
    {
      "time": 1746153021.1555,
      "api": "NtTerminateProcess",
      "pid": 2272,
      "arguments": {
        "status_code": "0x00000000",
        "process_identifier": 2272,
        "process_handle": "0xffffffff"
      },
      "category": "process"
    }
  ],
  "network": {
    "http": [
      {
        "count": 1,
        "body": "",
        "uri": "http://www.msftncsi.com/ncsi.txt",
        "user-agent": "Microsoft NCSI",
        "method": "GET",
        "host": "www.msftncsi.com",
        "version": "1.1",
        "path": "/ncsi.txt",
        "data": "GET /ncsi.txt HTTP/1.1\r\nConnection: Close\r\nUser-Agent: Microsoft NCSI\r\nHost: www.msftncsi.com\r\n\r\n",
        "port": 80
      }
    ],
    "tcp": [
      {
        "src": "192.168.56.101",
        "dst": "113.171.230.17",
        "offset": 1120,
        "time": 2.8091108798980713,
        "dport": 80,
        "sport": 49161
      }
    ],
    "udp": [
      {
        "src": "192.168.56.101",
        "dst": "192.168.56.255",
        "offset": 1886,
        "time": 3.079617977142334,
        "dport": 137,
        "sport": 137
      },
      {
        "src": "192.168.56.101",
        "dst": "224.0.0.252",
        "offset": 3558,
        "time": 1.0680489540100098,
        "dport": 5355,
        "sport": 50233
      },
      {
        "src": "192.168.56.101",
        "dst": "224.0.0.252",
        "offset": 3878,
        "time": 1.551926851272583,
        "dport": 5355,
        "sport": 52790
      },
      {
        "src": "192.168.56.101",
        "dst": "224.0.0.252",
        "offset": 4206,
        "time": 0.04530906677246094,
        "dport": 5355,
        "sport": 53526
      },
      {
        "src": "192.168.56.101",
        "dst": "224.0.0.252",
        "offset": 4534,
        "time": 3.0182559490203857,
        "dport": 5355,
        "sport": 57168
      },
      {
        "src": "192.168.56.101",
        "dst": "224.0.0.252",
        "offset": 4862,
        "time": 3.0181028842926025,
        "dport": 5355,
        "sport": 58709
      },
      {
        "src": "192.168.56.101",
        "dst": "224.0.0.252",
        "offset": 5182,
        "time": 2.428295850753784,
        "dport": 5355,
        "sport": 62139
      },
      {
        "src": "192.168.56.101",
        "dst": "8.8.8.8",
        "offset": 5502,
        "time": 2.0763869285583496,
        "dport": 53,
        "sport": 54506
      },
      {
        "src": "192.168.56.101",
        "dst": "8.8.8.8",
        "offset": 5714,
        "time": 2.041172981262207,
        "dport": 53,
        "sport": 55116
      },
      {
        "src": "192.168.56.101",
        "dst": "8.8.8.8",
        "offset": 5914,
        "time": 3.0184879302978516,
        "dport": 53,
        "sport": 59798
      },
      {
        "src": "192.168.56.101",
        "dst": "8.8.8.8",
        "offset": 6189,
        "time": 2.7528979778289795,
        "dport": 53,
        "sport": 65068
      }
    ],
    "dns": [
      {
        "type": "A",
        "request": "www.msftncsi.com",
        "answers": [
          {
            "data": "113.171.230.17",
            "type": "A"
          },
          {
            "data": "www.msftncsi.com.edgesuite.net",
            "type": "CNAME"
          },
          {
            "data": "a1961.g2.akamai.net",
            "type": "CNAME"
          }
        ]
      },
      {
        "type": "A",
        "request": "dns.msftncsi.com",
        "answers": [
          {
            "data": "131.107.255.255",
            "type": "A"
          }
        ]
      },
      {
        "type": "AAAA",
        "request": "dns.msftncsi.com",
        "answers": [
          {
            "data": "fd3e:4f5a:5b81::1",
            "type": "AAAA"
          }
        ]
      },
      {
        "type": "A",
        "request": "teredo.ipv6.microsoft.com",
        "answers": []
      }
    ],
    "hosts": [
      "113.171.230.17",
      "8.8.8.8"
    ],
    "icmp": [],
    "smtp": []
  },
  "static_imports": [
    "MultiByteToWideChar",
    "WriteConsoleW",
    "OutputDebugStringW",
    "GetConsoleCP",
    "FlushFileBuffers",
    "WideCharToMultiByte",
    "EnterCriticalSection",
    "LeaveCriticalSection",
    "DeleteCriticalSection",
    "EncodePointer",
    "DecodePointer",
    "GetStringTypeW",
    "CreateFileW",
    "GetFileAttributesW",
    "SetEndOfFile",
    "SetFilePointerEx",
    "CloseHandle",
    "GetLastError",
    "DeviceIoControl",
    "GetModuleHandleA",
    "GetProcAddress",
    "AreFileApisANSI",
    "LocalFree",
    "FormatMessageA",
    "HeapFree",
    "RaiseException",
    "RtlUnwind",
    "GetCommandLineW",
    "GetCPInfo",
    "HeapAlloc",
    "UnhandledExceptionFilter",
    "SetUnhandledExceptionFilter",
    "SetLastError",
    "InitializeCriticalSectionAndSpinCount",
    "Sleep",
    "GetCurrentProcess",
    "TerminateProcess",
    "TlsAlloc",
    "TlsGetValue",
    "TlsSetValue",
    "TlsFree",
    "GetStartupInfoW",
    "GetModuleHandleW",
    "IsProcessorFeaturePresent",
    "GetDateFormatW",
    "GetTimeFormatW",
    "CompareStringW",
    "LCMapStringW",
    "GetLocaleInfoW",
    "IsValidLocale",
    "GetUserDefaultLCID",
    "EnumSystemLocalesW",
    "ExitProcess",
    "GetModuleHandleExW",
    "HeapSize",
    "GetProcessHeap",
    "IsDebuggerPresent",
    "ReadFile",
    "GetConsoleMode",
    "ReadConsoleW",
    "GetCurrentThreadId",
    "SetStdHandle",
    "GetFileType",
    "GetStdHandle",
    "GetModuleFileNameW",
    "WriteFile",
    "QueryPerformanceCounter",
    "GetCurrentProcessId",
    "GetSystemTimeAsFileTime",
    "GetEnvironmentStringsW",
    "FreeEnvironmentStringsW",
    "IsValidCodePage",
    "GetACP",
    "GetOEMCP",
    "HeapReAlloc",
    "GetTimeZoneInformation",
    "LoadLibraryExW",
    "SetEnvironmentVariableA",
    "MessageBoxW",
    "CommandLineToArgvW"
  ],
  "signatures_ttp": {},
  "signatures_full": [
    {
      "name": "has_pdb",
      "description": "This executable has a PDB path",
      "severity": 1,
      "ttp": {},
      "markcount": 1,
      "marks": [
        {
          "category": "pdb_path",
          "ioc": "D:\\GasAntihack\\workspace\\gmodule\\gah3-lol\\workspace\\Release\\x86\\msgui\\gxxmsg.pdb",
          "type": "ioc",
          "description": null
        }
      ]
    }
  ],
  "processes": [
    {
      "name": "lsass.exe",
      "path": "C:\\Windows\\System32\\lsass.exe",
      "pid": 484,
      "cmdline": "C:\\Windows\\system32\\lsass.exe",
      "modules": [
        "lsass.exe",
        "ntdll.dll",
        "kernel32.dll",
        "KERNELBASE.dll",
        "msvcrt.dll",
        "RPCRT4.dll",
        "SspiSrv.dll",
        "lsasrv.dll",
        "sechost.dll",
        "SspiCli.dll",
        "ADVAPI32.dll",
        "USER32.dll",
        "GDI32.dll",
        "LPK.dll",
        "USP10.dll",
        "SAMSRV.dll",
        "cryptdll.dll",
        "MSASN1.dll",
        "wevtapi.dll",
        "IMM32.DLL",
        "MSCTF.dll",
        "cngaudit.dll",
        "AUTHZ.dll",
        "ncrypt.dll",
        "bcrypt.dll",
        "msprivs.DLL",
        "netjoin.dll",
        "negoexts.DLL",
        "Secur32.dll",
        "cryptbase.dll",
        "kerberos.DLL",
        "CRYPTSP.dll",
        "WS2_32.dll",
        "NSI.dll",
        "mswsock.dll",
        "wship6.dll",
        "msv1_0.DLL",
        "netlogon.DLL",
        "DNSAPI.dll",
        "logoncli.dll",
        "schannel.DLL",
        "CRYPT32.dll",
        "wdigest.DLL",
        "rsaenh.dll",
        "tspkg.DLL",
        "pku2u.DLL",
        "bcryptprimitives.dll",
        "RpcRtRemote.dll",
        "efslsaext.dll",
        "WINSTA.dll",
        "scecli.DLL",
        "credssp.dll",
        "IPHLPAPI.DLL",
        "WINNSI.DLL",
        "netutils.dll",
        "USERENV.dll",
        "profapi.dll",
        "wshtcpip.dll",
        "monitor-x64.dll"
      ]
    },
    {
      "name": "0d8d47b0b0bf9291e01f426782ba721d5be30ea9b2547f315c7ca48c367b2aa9.exe",
      "path": "C:\\Users\\Administrator\\AppData\\Local\\Temp\\0d8d47b0b0bf9291e01f426782ba721d5be30ea9b2547f315c7ca48c367b2aa9.exe",
      "pid": 2272,
      "cmdline": "\"C:\\Users\\Administrator\\AppData\\Local\\Temp\\0d8d47b0b0bf9291e01f426782ba721d5be30ea9b2547f315c7ca48c367b2aa9.exe\" ",
      "modules": [
        "0d8d47b0b0bf9291e01f426782ba721d5be30ea9b2547f315c7ca48c367b2aa9.exe",
        "ntdll.dll",
        "kernel32.dll",
        "KERNELBASE.dll",
        "USER32.dll",
        "GDI32.dll",
        "LPK.dll",
        "USP10.dll",
        "msvcrt.dll",
        "ADVAPI32.dll",
        "sechost.dll",
        "RPCRT4.dll",
        "SspiCli.dll",
        "CRYPTBASE.dll",
        "SHELL32.dll",
        "SHLWAPI.dll",
        "IMM32.DLL",
        "MSCTF.dll",
        "monitor-x86.dll"
      ]
    }
  ]
}