{
  "behavior_summary": {
    "file_created": [],
    "file_deleted": [],
    "file_read": [],
    "file_recreated": [],
    "file_exists": [],
    "file_opened": [],
    "regkey_opened": [],
    "regkey_read": [],
    "regkey_written": [],
    "dll_loaded": [
      "kernel32",
      "KERNEL32.DLL",
      "ntdll"
    ],
    "executed_commands": [],
    "directory_created": [],
    "mutex": [],
    "processes_created": [],
    "resolves_host": []
  },
  "dropped_files": [],
  "api_statistics": {
    "2324": {
      "LdrLoadDll": 3,
      "LdrGetProcedureAddress": 86,
      "NtProtectVirtualMemory": 2
    }
  },
  "api_call_sequence": [
    {
      "time": 1746128938.1245,
      "api": "LdrLoadDll",
      "pid": 2324,
      "arguments": {
        "basename": "KERNEL32",
        "module_address": "0x77820000",
        "flags": 0,
        "module_name": "KERNEL32.DLL",
        "stack_pivoted": 0
      },
      "category": "system"
    },
    {
      "time": 1746128938.1245,
      "api": "LdrGetProcedureAddress",
      "pid": 2324,
      "arguments": {
        "ordinal": 0,
        "module": "kernel32",
        "module_address": "0x77820000",
        "function_address": "0x77831245",
        "function_name": "GetModuleHandleA"
      },
      "category": "system"
    },
    {
      "time": 1746128938.1245,
      "api": "LdrGetProcedureAddress",
      "pid": 2324,
      "arguments": {
        "ordinal": 0,
        "module": "kernel32",
        "module_address": "0x77820000",
        "function_address": "0x77831222",
        "function_name": "GetProcAddress"
      },
      "category": "system"
    },
    {
      "time": 1746128938.1245,
      "api": "LdrGetProcedureAddress",
      "pid": 2324,
      "arguments": {
        "ordinal": 0,
        "module": "kernel32",
        "module_address": "0x77820000",
        "function_address": "0x778349d7",
        "function_name": "LoadLibraryA"
      },
      "category": "system"
    },
    {
      "time": 1746128938.1245,
      "api": "LdrGetProcedureAddress",
      "pid": 2324,
      "arguments": {
        "ordinal": 0,
        "module": "kernel32",
        "module_address": "0x77820000",
        "function_address": "0x77837a10",
        "function_name": "ExitProcess"
      },
      "category": "system"
    },
    {
      "time": 1746128938.1245,
      "api": "NtProtectVirtualMemory",
      "pid": 2324,
      "arguments": {
        "process_identifier": 2324,
        "stack_dep_bypass": 0,
        "stack_pivoted": 0,
        "heap_dep_bypass": 0,
        "length": 4096,
        "protection": 4,
        "process_handle": "0xffffffff",
        "base_address": "0x01230000"
      },
      "category": "process"
    },
    {
      "time": 1746128938.1245,
      "api": "NtProtectVirtualMemory",
      "pid": 2324,
      "arguments": {
        "process_identifier": 2324,
        "stack_dep_bypass": 0,
        "stack_pivoted": 0,
        "heap_dep_bypass": 0,
        "length": 4096,
        "protection": 2,
        "process_handle": "0xffffffff",
        "base_address": "0x01230000"
      },
      "category": "process"
    },
    {
      "time": 1746128938.1245,
      "api": "LdrLoadDll",
      "pid": 2324,
      "arguments": {
        "basename": "ntdll",
        "module_address": "0x77de0000",
        "flags": 0,
        "module_name": "ntdll",
        "stack_pivoted": 0
      },
      "category": "system"
    },
    {
      "time": 1746128938.1245,
      "api": "LdrGetProcedureAddress",
      "pid": 2324,
      "arguments": {
        "ordinal": 0,
        "module": "ntdll",
        "module_address": "0x77de0000",
        "function_address": "0x77e19337",
        "function_name": "_wcsicmp"
      },
      "category": "system"
    },
    {
      "time": 1746128938.1245,
      "api": "LdrGetProcedureAddress",
      "pid": 2324,
      "arguments": {
        "ordinal": 0,
        "module": "ntdll",
        "module_address": "0x77de0000",
        "function_address": "0x77eb56cd",
        "function_name": "wcscpy"
      },
      "category": "system"
    },
    {
      "time": 1746128938.1245,
      "api": "LdrGetProcedureAddress",
      "pid": 2324,
      "arguments": {
        "ordinal": 0,
        "module": "ntdll",
        "module_address": "0x77de0000",
        "function_address": "0x77eb569a",
        "function_name": "wcscat"
      },
      "category": "system"
    },
    {
      "time": 1746128938.1245,
      "api": "LdrGetProcedureAddress",
      "pid": 2324,
      "arguments": {
        "ordinal": 0,
        "module": "ntdll",
        "module_address": "0x77de0000",
        "function_address": "0x77e10c87",
        "function_name": "wcsstr"
      },
      "category": "system"
    },
    {
      "time": 1746128938.1245,
      "api": "LdrGetProcedureAddress",
      "pid": 2324,
      "arguments": {
        "ordinal": 0,
        "module": "ntdll",
        "module_address": "0x77de0000",
        "function_address": "0x77e17ee9",
        "function_name": "wcsrchr"
      },
      "category": "system"
    },
    {
      "time": 1746128938.1245,
      "api": "LdrGetProcedureAddress",
      "pid": 2324,
      "arguments": {
        "ordinal": 0,
        "module": "ntdll",
        "module_address": "0x77de0000",
        "function_address": "0x77eb56f1",
        "function_name": "wcslen"
      },
      "category": "system"
    },
    {
      "time": 1746128938.1245,
      "api": "LdrGetProcedureAddress",
      "pid": 2324,
      "arguments": {
        "ordinal": 0,
        "module": "ntdll",
        "module_address": "0x77de0000",
        "function_address": "0x77eb4b6b",
        "function_name": "_wcslwr"
      },
      "category": "system"
    },
    {
      "time": 1746128938.1245,
      "api": "LdrGetProcedureAddress",
      "pid": 2324,
      "arguments": {
        "ordinal": 0,
        "module": "ntdll",
        "module_address": "0x77de0000",
        "function_address": "0x77eb550d",
        "function_name": "swprintf"
      },
      "category": "system"
    },
    {
      "time": 1746128938.1245,
      "api": "LdrGetProcedureAddress",
      "pid": 2324,
      "arguments": {
        "ordinal": 0,
        "module": "ntdll",
        "module_address": "0x77de0000",
        "function_address": "0x77e0e208",
        "function_name": "RtlInitUnicodeString"
      },
      "category": "system"
    },
    {
      "time": 1746128938.1245,
      "api": "LdrGetProcedureAddress",
      "pid": 2324,
      "arguments": {
        "ordinal": 0,
        "module": "ntdll",
        "module_address": "0x77de0000",
        "function_address": "0x77e1bf1f",
        "function_name": "LdrEnumerateLoadedModules"
      },
      "category": "system"
    },
    {
      "time": 1746128938.1245,
      "api": "LdrGetProcedureAddress",
      "pid": 2324,
      "arguments": {
        "ordinal": 0,
        "module": "ntdll",
        "module_address": "0x77de0000",
        "function_address": "0x77e201e3",
        "function_name": "RtlRandomEx"
      },
      "category": "system"
    },
    {
      "time": 1746128938.1245,
      "api": "LdrGetProcedureAddress",
      "pid": 2324,
      "arguments": {
        "ordinal": 0,
        "module": "ntdll",
        "module_address": "0x77de0000",
        "function_address": "0x77e9ffc1",
        "function_name": "RtlComputeCrc32"
      },
      "category": "system"
    },
    {
      "time": 1746128938.1245,
      "api": "LdrGetProcedureAddress",
      "pid": 2324,
      "arguments": {
        "ordinal": 0,
        "module": "ntdll",
        "module_address": "0x77de0000",
        "function_address": "0x77e18990",
        "function_name": "_allshr"
      },
      "category": "system"
    },
    {
      "time": 1746128938.1245,
      "api": "LdrGetProcedureAddress",
      "pid": 2324,
      "arguments": {
        "ordinal": 0,
        "module": "ntdll",
        "module_address": "0x77de0000",
        "function_address": "0x77e58d00",
        "function_name": "_alldiv"
      },
      "category": "system"
    },
    {
      "time": 1746128938.1245,
      "api": "LdrGetProcedureAddress",
      "pid": 2324,
      "arguments": {
        "ordinal": 0,
        "module": "ntdll",
        "module_address": "0x77de0000",
        "function_address": "0x77e22760",
        "function_name": "_allmul"
      },
      "category": "system"
    },
    {
      "time": 1746128938.1245,
      "api": "LdrGetProcedureAddress",
      "pid": 2324,
      "arguments": {
        "ordinal": 0,
        "module": "ntdll",
        "module_address": "0x77de0000",
        "function_address": "0x77dffda0",
        "function_name": "NtQuerySystemInformation"
      },
      "category": "system"
    },
    {
      "time": 1746128938.1245,
      "api": "LdrGetProcedureAddress",
      "pid": 2324,
      "arguments": {
        "ordinal": 0,
        "module": "ntdll",
        "module_address": "0x77de0000",
        "function_address": "0x77dffa00",
        "function_name": "NtQueryInformationFile"
      },
      "category": "system"
    },
    {
      "time": 1746128938.1245,
      "api": "LdrGetProcedureAddress",
      "pid": 2324,
      "arguments": {
        "ordinal": 0,
        "module": "ntdll",
        "module_address": "0x77de0000",
        "function_address": "0x77dffac8",
        "function_name": "NtQueryInformationProcess"
      },
      "category": "system"
    },
    {
      "time": 1746128938.1245,
      "api": "LdrGetProcedureAddress",
      "pid": 2324,
      "arguments": {
        "ordinal": 0,
        "module": "ntdll",
        "module_address": "0x77de0000",
        "function_address": "0x77e5c4e0",
        "function_name": "strlen"
      },
      "category": "system"
    },
    {
      "time": 1746128938.1245,
      "api": "LdrGetProcedureAddress",
      "pid": 2324,
      "arguments": {
        "ordinal": 0,
        "module": "ntdll",
        "module_address": "0x77de0000",
        "function_address": "0x77e1873a",
        "function_name": "RtlGetVersion"
      },
      "category": "system"
    },
    {
      "time": 1746128938.1245,
      "api": "LdrGetProcedureAddress",
      "pid": 2324,
      "arguments": {
        "ordinal": 0,
        "module": "ntdll",
        "module_address": "0x77de0000",
        "function_address": "0x77e4431a",
        "function_name": "RtlWow64EnableFsRedirectionEx"
      },
      "category": "system"
    },
    {
      "time": 1746128938.1245,
      "api": "LdrLoadDll",
      "pid": 2324,
      "arguments": {
        "basename": "kernel32",
        "module_address": "0x77820000",
        "flags": 0,
        "module_name": "kernel32",
        "stack_pivoted": 0
      },
      "category": "system"
    },
    {
      "time": 1746128938.1245,
      "api": "LdrGetProcedureAddress",
      "pid": 2324,
      "arguments": {
        "ordinal": 0,
        "module": "kernel32",
        "module_address": "0x77820000",
        "function_address": "0x778349d7",
        "function_name": "LoadLibraryA"
      },
      "category": "system"
    },
    {
      "time": 1746128938.1245,
      "api": "LdrGetProcedureAddress",
      "pid": 2324,
      "arguments": {
        "ordinal": 0,
        "module": "kernel32",
        "module_address": "0x77820000",
        "function_address": "0x778334c8",
        "function_name": "FreeLibrary"
      },
      "category": "system"
    },
    {
      "time": 1746128938.1245,
      "api": "LdrGetProcedureAddress",
      "pid": 2324,
      "arguments": {
        "ordinal": 0,
        "module": "kernel32",
        "module_address": "0x77820000",
        "function_address": "0x77833f5c",
        "function_name": "CreateFileW"
      },
      "category": "system"
    },
    {
      "time": 1746128938.1245,
      "api": "LdrGetProcedureAddress",
      "pid": 2324,
      "arguments": {
        "ordinal": 0,
        "module": "kernel32",
        "module_address": "0x77820000",
        "function_address": "0x7783103d",
        "function_name": "CreateProcessW"
      },
      "category": "system"
    },
    {
      "time": 1746128938.1245,
      "api": "LdrGetProcedureAddress",
      "pid": 2324,
      "arguments": {
        "ordinal": 0,
        "module": "kernel32",
        "module_address": "0x77820000",
        "function_address": "0x778334d5",
        "function_name": "CreateThread"
      },
      "category": "system"
    },
    {
      "time": 1746128938.1245,
      "api": "LdrGetProcedureAddress",
      "pid": 2324,
      "arguments": {
        "ordinal": 0,
        "module": "kernel32",
        "module_address": "0x77820000",
        "function_address": "0x77833ed3",
        "function_name": "ReadFile"
      },
      "category": "system"
    },
    {
      "time": 1746128938.1245,
      "api": "LdrGetProcedureAddress",
      "pid": 2324,
      "arguments": {
        "ordinal": 0,
        "module": "kernel32",
        "module_address": "0x77820000",
        "function_address": "0x77831282",
        "function_name": "WriteFile"
      },
      "category": "system"
    },
    {
      "time": 1746128938.1245,
      "api": "LdrGetProcedureAddress",
      "pid": 2324,
      "arguments": {
        "ordinal": 0,
        "module": "kernel32",
        "module_address": "0x77820000",
        "function_address": "0x7783196e",
        "function_name": "GetFileSize"
      },
      "category": "system"
    },
    {
      "time": 1746128938.1245,
      "api": "LdrGetProcedureAddress",
      "pid": 2324,
      "arguments": {
        "ordinal": 0,
        "module": "kernel32",
        "module_address": "0x77820000",
        "function_address": "0x77831410",
        "function_name": "CloseHandle"
      },
      "category": "system"
    },
    {
      "time": 1746128938.1245,
      "api": "LdrGetProcedureAddress",
      "pid": 2324,
      "arguments": {
        "ordinal": 0,
        "module": "kernel32",
        "module_address": "0x77820000",
        "function_address": "0x77835151",
        "function_name": "OpenMutexW"
      },
      "category": "system"
    },
    {
      "time": 1746128938.1245,
      "api": "LdrGetProcedureAddress",
      "pid": 2324,
      "arguments": {
        "ordinal": 0,
        "module": "kernel32",
        "module_address": "0x77820000",
        "function_address": "0x7783424c",
        "function_name": "CreateMutexW"
      },
      "category": "system"
    },
    {
      "time": 1746128938.1245,
      "api": "LdrGetProcedureAddress",
      "pid": 2324,
      "arguments": {
        "ordinal": 0,
        "module": "kernel32",
        "module_address": "0x77820000",
        "function_address": "0x7784d5fd",
        "function_name": "GetUserDefaultLangID"
      },
      "category": "system"
    },
    {
      "time": 1746128938.1245,
      "api": "LdrGetProcedureAddress",
      "pid": 2324,
      "arguments": {
        "ordinal": 0,
        "module": "kernel32",
        "module_address": "0x77820000",
        "function_address": "0x77852b22",
        "function_name": "GetSystemDefaultUILanguage"
      },
      "category": "system"
    },
    {
      "time": 1746128938.1245,
      "api": "LdrGetProcedureAddress",
      "pid": 2324,
      "arguments": {
        "ordinal": 0,
        "module": "kernel32",
        "module_address": "0x77820000",
        "function_address": "0x77835223",
        "function_name": "GetCommandLineW"
      },
      "category": "system"
    },
    {
      "time": 1746128938.1245,
      "api": "LdrGetProcedureAddress",
      "pid": 2324,
      "arguments": {
        "ordinal": 0,
        "module": "kernel32",
        "module_address": "0x77820000",
        "function_address": "0x77834950",
        "function_name": "GetModuleFileNameW"
      },
      "category": "system"
    },
    {
      "time": 1746128938.1245,
      "api": "LdrGetProcedureAddress",
      "pid": 2324,
      "arguments": {
        "ordinal": 0,
        "module": "kernel32",
        "module_address": "0x77820000",
        "function_address": "0x7783d2f9",
        "function_name": "GetShortPathNameW"
      },
      "category": "system"
    },
    {
      "time": 1746128938.1245,
      "api": "LdrGetProcedureAddress",
      "pid": 2324,
      "arguments": {
        "ordinal": 0,
        "module": "kernel32",
        "module_address": "0x77820000",
        "function_address": "0x77831b48",
        "function_name": "GetEnvironmentVariableW"
      },
      "category": "system"
    },
    {
      "time": 1746128938.1245,
      "api": "LdrGetProcedureAddress",
      "pid": 2324,
      "arguments": {
        "ordinal": 0,
        "module": "kernel32",
        "module_address": "0x77820000",
        "function_address": "0x778343e2",
        "function_name": "GetWindowsDirectoryW"
      },
      "category": "system"
    },
    {
      "time": 1746128938.1245,
      "api": "LdrGetProcedureAddress",
      "pid": 2324,
      "arguments": {
        "ordinal": 0,
        "module": "kernel32",
        "module_address": "0x77820000",
        "function_address": "0x77e12c42",
        "function_name": "InitializeCriticalSection"
      },
      "category": "system"
    },
    {
      "time": 1746128938.1245,
      "api": "LdrGetProcedureAddress",
      "pid": 2324,
      "arguments": {
        "ordinal": 0,
        "module": "kernel32",
        "module_address": "0x77820000",
        "function_address": "0x77e022b0",
        "function_name": "EnterCriticalSection"
      },
      "category": "system"
    },
    {
      "time": 1746128938.1245,
      "api": "LdrGetProcedureAddress",
      "pid": 2324,
      "arguments": {
        "ordinal": 0,
        "module": "kernel32",
        "module_address": "0x77820000",
        "function_address": "0x77e02270",
        "function_name": "LeaveCriticalSection"
      },
      "category": "system"
    },
    {
      "time": 1746128938.1245,
      "api": "LdrGetProcedureAddress",
      "pid": 2324,
      "arguments": {
        "ordinal": 0,
        "module": "kernel32",
        "module_address": "0x77820000",
        "function_address": "0x77e145f5",
        "function_name": "DeleteCriticalSection"
      },
      "category": "system"
    },
    {
      "time": 1746128938.1245,
      "api": "LdrGetProcedureAddress",
      "pid": 2324,
      "arguments": {
        "ordinal": 0,
        "module": "kernel32",
        "module_address": "0x77820000",
        "function_address": "0x7784eef2",
        "function_name": "CreateIoCompletionPort"
      },
      "category": "system"
    },
    {
      "time": 1746128938.1245,
      "api": "LdrGetProcedureAddress",
      "pid": 2324,
      "arguments": {
        "ordinal": 0,
        "module": "kernel32",
        "module_address": "0x77820000",
        "function_address": "0x7784d3c3",
        "function_name": "GetQueuedCompletionStatus"
      },
      "category": "system"
    },
    {
      "time": 1746128938.1245,
      "api": "LdrGetProcedureAddress",
      "pid": 2324,
      "arguments": {
        "ordinal": 0,
        "module": "kernel32",
        "module_address": "0x77820000",
        "function_address": "0x7784ef29",
        "function_name": "PostQueuedCompletionStatus"
      },
      "category": "system"
    },
    {
      "time": 1746128938.1245,
      "api": "LdrGetProcedureAddress",
      "pid": 2324,
      "arguments": {
        "ordinal": 0,
        "module": "kernel32",
        "module_address": "0x77820000",
        "function_address": "0x77831986",
        "function_name": "OpenProcess"
      },
      "category": "system"
    },
    {
      "time": 1746128938.1245,
      "api": "LdrGetProcedureAddress",
      "pid": 2324,
      "arguments": {
        "ordinal": 0,
        "module": "kernel32",
        "module_address": "0x77820000",
        "function_address": "0x7785735f",
        "function_name": "CreateToolhelp32Snapshot"
      },
      "category": "system"
    },
    {
      "time": 1746128938.1245,
      "api": "LdrGetProcedureAddress",
      "pid": 2324,
      "arguments": {
        "ordinal": 0,
        "module": "kernel32",
        "module_address": "0x77820000",
        "function_address": "0x77858baf",
        "function_name": "Process32FirstW"
      },
      "category": "system"
    },
    {
      "time": 1746128938.1245,
      "api": "LdrGetProcedureAddress",
      "pid": 2324,
      "arguments": {
        "ordinal": 0,
        "module": "kernel32",
        "module_address": "0x77820000",
        "function_address": "0x7785896c",
        "function_name": "Process32NextW"
      },
      "category": "system"
    },
    {
      "time": 1746128938.1245,
      "api": "LdrGetProcedureAddress",
      "pid": 2324,
      "arguments": {
        "ordinal": 0,
        "module": "kernel32",
        "module_address": "0x77820000",
        "function_address": "0x7784d4f7",
        "function_name": "SetFileAttributesW"
      },
      "category": "system"
    },
    {
      "time": 1746128938.1245,
      "api": "LdrGetProcedureAddress",
      "pid": 2324,
      "arguments": {
        "ordinal": 0,
        "module": "kernel32",
        "module_address": "0x77820000",
        "function_address": "0x778b436f",
        "function_name": "GetLogicalDriveStringsW"
      },
      "category": "system"
    },
    {
      "time": 1746128938.1245,
      "api": "LdrGetProcedureAddress",
      "pid": 2324,
      "arguments": {
        "ordinal": 0,
        "module": "kernel32",
        "module_address": "0x77820000",
        "function_address": "0x7783418b",
        "function_name": "GetDriveTypeW"
      },
      "category": "system"
    },
    {
      "time": 1746128938.1245,
      "api": "LdrGetProcedureAddress",
      "pid": 2324,
      "arguments": {
        "ordinal": 0,
        "module": "kernel32",
        "module_address": "0x77820000",
        "function_address": "0x77831136",
        "function_name": "WaitForSingleObject"
      },
      "category": "system"
    },
    {
      "time": 1746128938.1245,
      "api": "LdrGetProcedureAddress",
      "pid": 2324,
      "arguments": {
        "ordinal": 0,
        "module": "kernel32",
        "module_address": "0x77820000",
        "function_address": "0x77835063",
        "function_name": "GetSystemDirectoryW"
      },
      "category": "system"
    },
    {
      "time": 1746128938.1245,
      "api": "LdrGetProcedureAddress",
      "pid": 2324,
      "arguments": {
        "ordinal": 0,
        "module": "kernel32",
        "module_address": "0x77820000",
        "function_address": "0x7783195e",
        "function_name": "IsWow64Process"
      },
      "category": "system"
    },
    {
      "time": 1746128938.1245,
      "api": "LdrGetProcedureAddress",
      "pid": 2324,
      "arguments": {
        "ordinal": 0,
        "module": "kernel32",
        "module_address": "0x77820000",
        "function_address": "0x7784d802",
        "function_name": "TerminateProcess"
      },
      "category": "system"
    },
    {
      "time": 1746128938.1245,
      "api": "LdrGetProcedureAddress",
      "pid": 2324,
      "arguments": {
        "ordinal": 0,
        "module": "kernel32",
        "module_address": "0x77820000",
        "function_address": "0x7784d650",
        "function_name": "Wow64DisableWow64FsRedirection"
      },
      "category": "system"
    },
    {
      "time": 1746128938.1245,
      "api": "LdrGetProcedureAddress",
      "pid": 2324,
      "arguments": {
        "ordinal": 0,
        "module": "kernel32",
        "module_address": "0x77820000",
        "function_address": "0x7784d668",
        "function_name": "Wow64RevertWow64FsRedirection"
      },
      "category": "system"
    },
    {
      "time": 1746128938.1245,
      "api": "LdrGetProcedureAddress",
      "pid": 2324,
      "arguments": {
        "ordinal": 0,
        "module": "kernel32",
        "module_address": "0x77820000",
        "function_address": "0x7784f747",
        "function_name": "SetThreadExecutionState"
      },
      "category": "system"
    },
    {
      "time": 1746128938.1245,
      "api": "LdrGetProcedureAddress",
      "pid": 2324,
      "arguments": {
        "ordinal": 0,
        "module": "kernel32",
        "module_address": "0x77820000",
        "function_address": "0x778410b5",
        "function_name": "GetNativeSystemInfo"
      },
      "category": "system"
    },
    {
      "time": 1746128938.1245,
      "api": "LdrGetProcedureAddress",
      "pid": 2324,
      "arguments": {
        "ordinal": 0,
        "module": "kernel32",
        "module_address": "0x77820000",
        "function_address": "0x77e0e026",
        "function_name": "HeapAlloc"
      },
      "category": "system"
    },
    {
      "time": 1746128938.1245,
      "api": "LdrGetProcedureAddress",
      "pid": 2324,
      "arguments": {
        "ordinal": 0,
        "module": "kernel32",
        "module_address": "0x77820000",
        "function_address": "0x77e21f6e",
        "function_name": "HeapReAlloc"
      },
      "category": "system"
    },
    {
      "time": 1746128938.1245,
      "api": "LdrGetProcedureAddress",
      "pid": 2324,
      "arguments": {
        "ordinal": 0,
        "module": "kernel32",
        "module_address": "0x77820000",
        "function_address": "0x778314c9",
        "function_name": "HeapFree"
      },
      "category": "system"
    },
    {
      "time": 1746128938.1245,
      "api": "LdrGetProcedureAddress",
      "pid": 2324,
      "arguments": {
        "ordinal": 0,
        "module": "kernel32",
        "module_address": "0x77820000",
        "function_address": "0x778314e9",
        "function_name": "GetProcessHeap"
      },
      "category": "system"
    },
    {
      "time": 1746128938.1245,
      "api": "LdrGetProcedureAddress",
      "pid": 2324,
      "arguments": {
        "ordinal": 0,
        "module": "kernel32",
        "module_address": "0x77820000",
        "function_address": "0x77841811",
        "function_name": "FindFirstFileExW"
      },
      "category": "system"
    },
    {
      "time": 1746128938.1245,
      "api": "LdrGetProcedureAddress",
      "pid": 2324,
      "arguments": {
        "ordinal": 0,
        "module": "kernel32",
        "module_address": "0x77820000",
        "function_address": "0x778354ee",
        "function_name": "FindNextFileW"
      },
      "category": "system"
    },
    {
      "time": 1746128938.1245,
      "api": "LdrGetProcedureAddress",
      "pid": 2324,
      "arguments": {
        "ordinal": 0,
        "module": "kernel32",
        "module_address": "0x77820000",
        "function_address": "0x77834442",
        "function_name": "FindClose"
      },
      "category": "system"
    },
    {
      "time": 1746128938.1245,
      "api": "LdrGetProcedureAddress",
      "pid": 2324,
      "arguments": {
        "ordinal": 0,
        "module": "kernel32",
        "module_address": "0x77820000",
        "function_address": "0x778310ff",
        "function_name": "Sleep"
      },
      "category": "system"
    },
    {
      "time": 1746128938.1245,
      "api": "LdrGetProcedureAddress",
      "pid": 2324,
      "arguments": {
        "ordinal": 0,
        "module": "kernel32",
        "module_address": "0x77820000",
        "function_address": "0x77849b2d",
        "function_name": "MoveFileExW"
      },
      "category": "system"
    },
    {
      "time": 1746128938.1245,
      "api": "LdrGetProcedureAddress",
      "pid": 2324,
      "arguments": {
        "ordinal": 0,
        "module": "kernel32",
        "module_address": "0x77820000",
        "function_address": "0x77834220",
        "function_name": "WaitForMultipleObjects"
      },
      "category": "system"
    },
    {
      "time": 1746128938.1245,
      "api": "LdrGetProcedureAddress",
      "pid": 2324,
      "arguments": {
        "ordinal": 0,
        "module": "kernel32",
        "module_address": "0x77820000",
        "function_address": "0x7784c807",
        "function_name": "SetFilePointerEx"
      },
      "category": "system"
    },
    {
      "time": 1746128938.1245,
      "api": "LdrGetProcedureAddress",
      "pid": 2324,
      "arguments": {
        "ordinal": 0,
        "module": "kernel32",
        "module_address": "0x77820000",
        "function_address": "0x77831400",
        "function_name": "InterlockedIncrement"
      },
      "category": "system"
    },
    {
      "time": 1746128938.1245,
      "api": "LdrGetProcedureAddress",
      "pid": 2324,
      "arguments": {
        "ordinal": 0,
        "module": "kernel32",
        "module_address": "0x77820000",
        "function_address": "0x778311f8",
        "function_name": "GetCurrentProcessId"
      },
      "category": "system"
    },
    {
      "time": 1746128938.1245,
      "api": "LdrGetProcedureAddress",
      "pid": 2324,
      "arguments": {
        "ordinal": 0,
        "module": "kernel32",
        "module_address": "0x77820000",
        "function_address": "0x77831886",
        "function_name": "DuplicateHandle"
      },
      "category": "system"
    },
    {
      "time": 1746128938.1245,
      "api": "LdrGetProcedureAddress",
      "pid": 2324,
      "arguments": {
        "ordinal": 0,
        "module": "kernel32",
        "module_address": "0x77820000",
        "function_address": "0x77837a2f",
        "function_name": "TerminateThread"
      },
      "category": "system"
    },
    {
      "time": 1746128938.1245,
      "api": "LdrGetProcedureAddress",
      "pid": 2324,
      "arguments": {
        "ordinal": 0,
        "module": "kernel32",
        "module_address": "0x77820000",
        "function_address": "0x7784d5b5",
        "function_name": "GetExitCodeThread"
      },
      "category": "system"
    },
    {
      "time": 1746128938.1245,
      "api": "LdrGetProcedureAddress",
      "pid": 2324,
      "arguments": {
        "ordinal": 0,
        "module": "kernel32",
        "module_address": "0x77820000",
        "function_address": "0x778b44cf",
        "function_name": "RemoveDirectoryW"
      },
      "category": "system"
    },
    {
      "time": 1746128938.1245,
      "api": "LdrGetProcedureAddress",
      "pid": 2324,
      "arguments": {
        "ordinal": 0,
        "module": "kernel32",
        "module_address": "0x77820000",
        "function_address": "0x778389b3",
        "function_name": "DeleteFileW"
      },
      "category": "system"
    },
    {
      "time": 1746128938.1245,
      "api": "LdrGetProcedureAddress",
      "pid": 2324,
      "arguments": {
        "ordinal": 0,
        "module": "kernel32",
        "module_address": "0x77820000",
        "function_address": "0x7783170d",
        "function_name": "WideCharToMultiByte"
      },
      "category": "system"
    },
    {
      "time": 1746128938.1245,
      "api": "LdrGetProcedureAddress",
      "pid": 2324,
      "arguments": {
        "ordinal": 0,
        "module": "kernel32",
        "module_address": "0x77820000",
        "function_address": "0x77835611",
        "function_name": "GetCurrentDirectoryW"
      },
      "category": "system"
    },
    {
      "time": 1746128938.1245,
      "api": "LdrGetProcedureAddress",
      "pid": 2324,
      "arguments": {
        "ordinal": 0,
        "module": "kernel32",
        "module_address": "0x77820000",
        "function_address": "0x77841260",
        "function_name": "SetCurrentDirectoryW"
      },
      "category": "system"
    }
  ],
  "network": {
    "http": [],
    "tcp": [],
    "udp": [
      {
        "src": "192.168.56.101",
        "dst": "192.168.56.255",
        "offset": 1308,
        "time": 6.076131820678711,
        "dport": 137,
        "sport": 137
      },
      {
        "src": "192.168.56.101",
        "dst": "224.0.0.252",
        "offset": 3736,
        "time": 4.586742877960205,
        "dport": 5355,
        "sport": 50233
      },
      {
        "src": "192.168.56.101",
        "dst": "224.0.0.252",
        "offset": 4064,
        "time": 4.056973934173584,
        "dport": 5355,
        "sport": 53526
      },
      {
        "src": "192.168.56.101",
        "dst": "224.0.0.252",
        "offset": 4384,
        "time": 3.0449798107147217,
        "dport": 5355,
        "sport": 54795
      },
      {
        "src": "192.168.56.101",
        "dst": "224.0.0.252",
        "offset": 4712,
        "time": 5.423841953277588,
        "dport": 5355,
        "sport": 55116
      },
      {
        "src": "192.168.56.101",
        "dst": "224.0.0.252",
        "offset": 5032,
        "time": 6.009588003158569,
        "dport": 5355,
        "sport": 60897
      },
      {
        "src": "192.168.56.101",
        "dst": "224.0.0.252",
        "offset": 5352,
        "time": 6.00915789604187,
        "dport": 5355,
        "sport": 64762
      },
      {
        "src": "192.168.56.101",
        "dst": "8.8.8.8",
        "offset": 5680,
        "time": 5.045461893081665,
        "dport": 53,
        "sport": 51755
      },
      {
        "src": "192.168.56.101",
        "dst": "8.8.8.8",
        "offset": 5864,
        "time": 5.748989820480347,
        "dport": 53,
        "sport": 54506
      },
      {
        "src": "192.168.56.101",
        "dst": "8.8.8.8",
        "offset": 6048,
        "time": 6.008424997329712,
        "dport": 53,
        "sport": 58224
      }
    ],
    "dns": [
      {
        "type": "A",
        "request": "www.msftncsi.com",
        "answers": []
      },
      {
        "type": "A",
        "request": "dns.msftncsi.com",
        "answers": []
      },
      {
        "type": "A",
        "request": "teredo.ipv6.microsoft.com",
        "answers": []
      }
    ],
    "hosts": [
      "8.8.8.8"
    ],
    "icmp": [],
    "smtp": []
  },
  "static_imports": [
    "LoadLibraryA",
    "ExitProcess",
    "GetProcAddress",
    "VirtualProtect"
  ],
  "signatures_ttp": {
    "T1045": "Software Packing"
  },
  "signatures_full": [
    {
      "name": "peid_packer",
      "description": "The executable uses a known packer",
      "severity": 1,
      "ttp": {
        "T1045": {
          "short": "Software Packing",
          "long": "Software packing is a method of compressing or encrypting an executable. Packing an executable changes the file signature in an attempt to avoid signature-based detection. Most decompression techniques decompress the executable code in memory."
        }
      },
      "markcount": 1,
      "marks": [
        {
          "category": "packer",
          "ioc": "UPX 2.90 [LZMA] -> Markus Oberhumer, Laszlo Molnar & John Reiser",
          "type": "ioc",
          "description": null
        }
      ]
    },
    {
      "name": "packer_entropy",
      "description": "The binary likely contains encrypted or compressed data indicative of a packer",
      "severity": 2,
      "ttp": {
        "T1045": {
          "short": "Software Packing",
          "long": "Software packing is a method of compressing or encrypting an executable. Packing an executable changes the file signature in an attempt to avoid signature-based detection. Most decompression techniques decompress the executable code in memory."
        }
      },
      "markcount": 2,
      "marks": [
        {
          "entropy": 7.842678976066431,
          "section": {
            "size_of_data": "0x00004000",
            "virtual_address": "0x0000b000",
            "entropy": 7.842678976066431,
            "name": "UPX1",
            "virtual_size": "0x00004000"
          },
          "type": "generic",
          "description": "A section with a high entropy has been found"
        },
        {
          "entropy": 0.9696969696969697,
          "type": "generic",
          "description": "Overall entropy of this PE file is high"
        }
      ]
    },
    {
      "name": "packer_upx",
      "description": "The executable is compressed using UPX",
      "severity": 2,
      "ttp": {
        "T1045": {
          "short": "Software Packing",
          "long": "Software packing is a method of compressing or encrypting an executable. Packing an executable changes the file signature in an attempt to avoid signature-based detection. Most decompression techniques decompress the executable code in memory."
        }
      },
      "markcount": 3,
      "marks": [
        {
          "section": "UPX0",
          "type": "generic",
          "description": "Section name indicates UPX"
        },
        {
          "section": "UPX1",
          "type": "generic",
          "description": "Section name indicates UPX"
        },
        {
          "section": "UPX2",
          "type": "generic",
          "description": "Section name indicates UPX"
        }
      ]
    }
  ],
  "processes": [
    {
      "name": "lsass.exe",
      "path": "C:\\Windows\\System32\\lsass.exe",
      "pid": 484,
      "cmdline": "C:\\Windows\\system32\\lsass.exe",
      "modules": [
        "lsass.exe",
        "ntdll.dll",
        "kernel32.dll",
        "KERNELBASE.dll",
        "msvcrt.dll",
        "RPCRT4.dll",
        "SspiSrv.dll",
        "lsasrv.dll",
        "sechost.dll",
        "SspiCli.dll",
        "ADVAPI32.dll",
        "USER32.dll",
        "GDI32.dll",
        "LPK.dll",
        "USP10.dll",
        "SAMSRV.dll",
        "cryptdll.dll",
        "MSASN1.dll",
        "wevtapi.dll",
        "IMM32.DLL",
        "MSCTF.dll",
        "cngaudit.dll",
        "AUTHZ.dll",
        "ncrypt.dll",
        "bcrypt.dll",
        "msprivs.DLL",
        "netjoin.dll",
        "negoexts.DLL",
        "Secur32.dll",
        "cryptbase.dll",
        "kerberos.DLL",
        "CRYPTSP.dll",
        "WS2_32.dll",
        "NSI.dll",
        "mswsock.dll",
        "wship6.dll",
        "msv1_0.DLL",
        "netlogon.DLL",
        "DNSAPI.dll",
        "logoncli.dll",
        "schannel.DLL",
        "CRYPT32.dll",
        "wdigest.DLL",
        "rsaenh.dll",
        "tspkg.DLL",
        "pku2u.DLL",
        "bcryptprimitives.dll",
        "RpcRtRemote.dll",
        "efslsaext.dll",
        "WINSTA.dll",
        "scecli.DLL",
        "credssp.dll",
        "IPHLPAPI.DLL",
        "WINNSI.DLL",
        "netutils.dll",
        "USERENV.dll",
        "profapi.dll",
        "wshtcpip.dll",
        "monitor-x64.dll"
      ]
    },
    {
      "name": "9cee5522a7ca2bfca7cd3d9daba23e9a30deb6205f56c12045839075f7627297.exe",
      "path": "C:\\Users\\Administrator\\AppData\\Local\\Temp\\9cee5522a7ca2bfca7cd3d9daba23e9a30deb6205f56c12045839075f7627297.exe",
      "pid": 2324,
      "cmdline": "\"C:\\Users\\Administrator\\AppData\\Local\\Temp\\9cee5522a7ca2bfca7cd3d9daba23e9a30deb6205f56c12045839075f7627297.exe\" ",
      "modules": [
        "9cee5522a7ca2bfca7cd3d9daba23e9a30deb6205f56c12045839075f7627297.exe",
        "ntdll.dll",
        "kernel32.dll",
        "KERNELBASE.dll",
        "monitor-x86.dll",
        "msvcrt.dll"
      ]
    }
  ]
}