{
  "behavior_summary": {
    "file_created": [],
    "file_deleted": [],
    "file_read": [],
    "file_recreated": [],
    "file_exists": [],
    "file_opened": [],
    "regkey_opened": [],
    "regkey_read": [
      "HKEY_LOCAL_MACHINE\\SOFTWARE\\Microsoft\\Windows NT\\CurrentVersion\\GRE_Initialize\\DisableMetaFiles"
    ],
    "regkey_written": [],
    "dll_loaded": [],
    "executed_commands": [],
    "directory_created": [],
    "mutex": [],
    "processes_created": [],
    "resolves_host": []
  },
  "dropped_files": [],
  "api_statistics": {
    "2272": {
      "LdrUnloadDll": 1,
      "LoadStringW": 1,
      "NtOpenKey": 1,
      "SetUnhandledExceptionFilter": 1,
      "NtTerminateProcess": 3,
      "NtClose": 3,
      "GetSystemTimeAsFileTime": 1,
      "LdrGetDllHandle": 2,
      "NtQueryValueKey": 1
    }
  },
  "api_call_sequence": [
    {
      "time": 1746151389.343875,
      "api": "GetSystemTimeAsFileTime",
      "pid": 2272,
      "arguments": {},
      "category": "synchronisation"
    },
    {
      "time": 1746151389.343875,
      "api": "SetUnhandledExceptionFilter",
      "pid": 2272,
      "arguments": {},
      "category": "exception"
    },
    {
      "time": 1746151389.343875,
      "api": "LoadStringW",
      "pid": 2272,
      "arguments": {
        "module_handle": "0x000000013fa70000",
        "id": 6000,
        "string": "\nUsage:\n    pvk2pfx -pvk <pvk-file> [-pi <pvk-pswd>] -spc <spc-file>\n           [-pfx <pfx-file> [-po <pfx-pswd>] [-f]]\n\n        -pvk <pvk-file>  - input PVK file name.\n        -spc <spc-file>  - input SPC file name.\n        -pfx <pfx-file>  - output PFX file name.\n        -pi <pvk-pswd>   - PVK password.\n        -po <pfx-pswd>   - PFX password; same as -pi if not given.\n        -f               - force overwrite existing PFX file.\n\n        if -pfx option is not given, an export wizard will pop up. in\n        this case, options -po and -f are ignored.\n\n"
      },
      "category": "ui"
    },
    {
      "time": 1746151389.343875,
      "api": "LdrGetDllHandle",
      "pid": 2272,
      "arguments": {
        "module_name": "mscoree.dll",
        "stack_pivoted": 0,
        "module_address": "0x0000000000000000"
      },
      "category": "system"
    },
    {
      "time": 1746151389.343875,
      "api": "LdrGetDllHandle",
      "pid": 2272,
      "arguments": {
        "module_name": "mscoree.dll",
        "stack_pivoted": 0,
        "module_address": "0x0000000000000000"
      },
      "category": "system"
    },
    {
      "time": 1746151389.343875,
      "api": "NtTerminateProcess",
      "pid": 2272,
      "arguments": {
        "status_code": "0xfffffffe",
        "process_identifier": 0,
        "process_handle": "0x0000000000000000"
      },
      "category": "process"
    },
    {
      "time": 1746151389.343875,
      "api": "NtTerminateProcess",
      "pid": 2272,
      "arguments": {
        "status_code": "0xfffffffe",
        "process_identifier": 0,
        "process_handle": "0x0000000000000000"
      },
      "category": "process"
    },
    {
      "time": 1746151389.343875,
      "api": "NtClose",
      "pid": 2272,
      "arguments": {
        "handle": "0x0000000000000030"
      },
      "category": "system"
    },
    {
      "time": 1746151389.359875,
      "api": "LdrUnloadDll",
      "pid": 2272,
      "arguments": {
        "library": "IMM32",
        "module_address": "0x000007feff160000"
      },
      "category": "system"
    },
    {
      "time": 1746151389.359875,
      "api": "NtOpenKey",
      "pid": 2272,
      "arguments": {
        "key_handle": "0x0000000000000030",
        "desired_access": "0x00020019",
        "regkey": "HKEY_LOCAL_MACHINE\\Software\\Microsoft\\Windows NT\\CurrentVersion\\GRE_Initialize"
      },
      "category": "registry"
    },
    {
      "time": 1746151389.359875,
      "api": "NtQueryValueKey",
      "pid": 2272,
      "arguments": {
        "key_handle": "0x0000000000000030",
        "key_name": "",
        "value": "",
        "reg_type": 0,
        "information_class": 2,
        "regkey": "HKEY_LOCAL_MACHINE\\SOFTWARE\\Microsoft\\Windows NT\\CurrentVersion\\GRE_Initialize\\DisableMetaFiles"
      },
      "category": "registry"
    },
    {
      "time": 1746151389.359875,
      "api": "NtClose",
      "pid": 2272,
      "arguments": {
        "handle": "0x0000000000000030"
      },
      "category": "system"
    },
    {
      "time": 1746151389.359875,
      "api": "NtClose",
      "pid": 2272,
      "arguments": {
        "handle": "0x0000000000000020"
      },
      "category": "system"
    },
    {
      "time": 1746151389.359875,
      "api": "NtTerminateProcess",
      "pid": 2272,
      "arguments": {
        "status_code": "0xfffffffe",
        "process_identifier": 2272,
        "process_handle": "0xffffffffffffffff"
      },
      "category": "process"
    }
  ],
  "network": {
    "http": [
      {
        "count": 1,
        "body": "",
        "uri": "http://www.msftncsi.com/ncsi.txt",
        "user-agent": "Microsoft NCSI",
        "method": "GET",
        "host": "www.msftncsi.com",
        "version": "1.1",
        "path": "/ncsi.txt",
        "data": "GET /ncsi.txt HTTP/1.1\r\nConnection: Close\r\nUser-Agent: Microsoft NCSI\r\nHost: www.msftncsi.com\r\n\r\n",
        "port": 80
      }
    ],
    "tcp": [
      {
        "src": "192.168.56.101",
        "dst": "113.171.230.17",
        "offset": 1294,
        "time": 2.8120129108428955,
        "dport": 80,
        "sport": 49161
      }
    ],
    "udp": [
      {
        "src": "192.168.56.101",
        "dst": "192.168.56.255",
        "offset": 1990,
        "time": 3.0807418823242188,
        "dport": 137,
        "sport": 137
      },
      {
        "src": "192.168.56.101",
        "dst": "224.0.0.252",
        "offset": 4634,
        "time": 1.0210239887237549,
        "dport": 5355,
        "sport": 50233
      },
      {
        "src": "192.168.56.101",
        "dst": "224.0.0.252",
        "offset": 4954,
        "time": 1.557525873184204,
        "dport": 5355,
        "sport": 52790
      },
      {
        "src": "192.168.56.101",
        "dst": "224.0.0.252",
        "offset": 5282,
        "time": 0.04994702339172363,
        "dport": 5355,
        "sport": 53526
      },
      {
        "src": "192.168.56.101",
        "dst": "224.0.0.252",
        "offset": 5610,
        "time": 2.4307539463043213,
        "dport": 5355,
        "sport": 54506
      },
      {
        "src": "192.168.56.101",
        "dst": "224.0.0.252",
        "offset": 5930,
        "time": 3.007706880569458,
        "dport": 5355,
        "sport": 58709
      },
      {
        "src": "192.168.56.101",
        "dst": "224.0.0.252",
        "offset": 6250,
        "time": 3.007474899291992,
        "dport": 5355,
        "sport": 64762
      },
      {
        "src": "192.168.56.101",
        "dst": "8.8.8.8",
        "offset": 6578,
        "time": 2.7531509399414062,
        "dport": 53,
        "sport": 58224
      },
      {
        "src": "192.168.56.101",
        "dst": "8.8.8.8",
        "offset": 6852,
        "time": 3.00644588470459,
        "dport": 53,
        "sport": 62139
      }
    ],
    "dns": [
      {
        "type": "A",
        "request": "www.msftncsi.com",
        "answers": [
          {
            "data": "113.171.230.17",
            "type": "A"
          },
          {
            "data": "www.msftncsi.com.edgesuite.net",
            "type": "CNAME"
          },
          {
            "data": "a1961.g2.akamai.net",
            "type": "CNAME"
          }
        ]
      },
      {
        "type": "A",
        "request": "teredo.ipv6.microsoft.com",
        "answers": []
      }
    ],
    "hosts": [
      "113.171.230.17",
      "8.8.8.8"
    ],
    "icmp": [],
    "smtp": []
  },
  "static_imports": [
    "CryptAcquireContextW",
    "CryptDeriveKey",
    "CryptReleaseContext",
    "CryptGetProvParam",
    "CryptImportKey",
    "CryptCreateHash",
    "CryptDestroyKey",
    "CryptDestroyHash",
    "CryptHashData",
    "CloseHandle",
    "LocalFree",
    "GetCurrentProcessId",
    "HeapSetInformation",
    "LocalAlloc",
    "GetLastError",
    "CreateFileW",
    "ReadFile",
    "FormatMessageW",
    "GetConsoleWindow",
    "WideCharToMultiByte",
    "WriteFile",
    "GetProcessHeap",
    "GetModuleHandleW",
    "GetFileSize",
    "MultiByteToWideChar",
    "TerminateProcess",
    "GetCurrentProcess",
    "UnhandledExceptionFilter",
    "QueryPerformanceCounter",
    "RtlVirtualUnwind",
    "RtlLookupFunctionEntry",
    "RtlCaptureContext",
    "GetTickCount",
    "GetSystemTimeAsFileTime",
    "GetCurrentThreadId",
    "Sleep",
    "SetUnhandledExceptionFilter",
    "__C_specific_handler",
    "_fmode",
    "?terminate@@YAXXZ",
    "_initterm",
    "__setusermatherr",
    "_cexit",
    "_exit",
    "exit",
    "__set_app_type",
    "__wgetmainargs",
    "_amsg_exit",
    "_XcptFilter",
    "_iob",
    "_vsnwprintf",
    "fprintf",
    "vfwprintf",
    "_wcsicmp",
    "_commode",
    "memcpy",
    "memset",
    "DialogBoxParamW",
    "GetWindowLongPtrW",
    "EndDialog",
    "SendDlgItemMessageW",
    "LoadStringW",
    "SetWindowLongPtrW",
    "GetDlgItemTextW",
    "SetDlgItemTextW",
    "CertOIDToAlgId",
    "CertOpenStore",
    "CertFreeCertificateContext",
    "CertCloseStore",
    "CertEnumCertificatesInStore",
    "CertComparePublicKeyInfo",
    "CertSetCertificateContextProperty",
    "PFXExportCertStoreEx",
    "CryptExportPublicKeyInfo",
    "CryptUIWizExport",
    "UuidCreate"
  ],
  "signatures_ttp": {},
  "signatures_full": [
    {
      "name": "has_pdb",
      "description": "This executable has a PDB path",
      "severity": 1,
      "ttp": {},
      "markcount": 1,
      "marks": [
        {
          "category": "pdb_path",
          "ioc": "pvk2pfx.pdb",
          "type": "ioc",
          "description": null
        }
      ]
    }
  ],
  "processes": [
    {
      "name": "lsass.exe",
      "path": "C:\\Windows\\System32\\lsass.exe",
      "pid": 484,
      "cmdline": "C:\\Windows\\system32\\lsass.exe",
      "modules": [
        "lsass.exe",
        "ntdll.dll",
        "kernel32.dll",
        "KERNELBASE.dll",
        "msvcrt.dll",
        "RPCRT4.dll",
        "SspiSrv.dll",
        "lsasrv.dll",
        "sechost.dll",
        "SspiCli.dll",
        "ADVAPI32.dll",
        "USER32.dll",
        "GDI32.dll",
        "LPK.dll",
        "USP10.dll",
        "SAMSRV.dll",
        "cryptdll.dll",
        "MSASN1.dll",
        "wevtapi.dll",
        "IMM32.DLL",
        "MSCTF.dll",
        "cngaudit.dll",
        "AUTHZ.dll",
        "ncrypt.dll",
        "bcrypt.dll",
        "msprivs.DLL",
        "netjoin.dll",
        "negoexts.DLL",
        "Secur32.dll",
        "cryptbase.dll",
        "kerberos.DLL",
        "CRYPTSP.dll",
        "WS2_32.dll",
        "NSI.dll",
        "mswsock.dll",
        "wship6.dll",
        "msv1_0.DLL",
        "netlogon.DLL",
        "DNSAPI.dll",
        "logoncli.dll",
        "schannel.DLL",
        "CRYPT32.dll",
        "wdigest.DLL",
        "rsaenh.dll",
        "tspkg.DLL",
        "pku2u.DLL",
        "bcryptprimitives.dll",
        "RpcRtRemote.dll",
        "efslsaext.dll",
        "WINSTA.dll",
        "scecli.DLL",
        "credssp.dll",
        "IPHLPAPI.DLL",
        "WINNSI.DLL",
        "netutils.dll",
        "USERENV.dll",
        "profapi.dll",
        "wshtcpip.dll",
        "monitor-x64.dll"
      ]
    },
    {
      "name": "02431aa60089b968bc59acc69796ed9418546894752d0c9766fbe3aae0a85031.exe",
      "path": "C:\\Users\\Administrator\\AppData\\Local\\Temp\\02431aa60089b968bc59acc69796ed9418546894752d0c9766fbe3aae0a85031.exe",
      "pid": 2272,
      "cmdline": "\"C:\\Users\\Administrator\\AppData\\Local\\Temp\\02431aa60089b968bc59acc69796ed9418546894752d0c9766fbe3aae0a85031.exe\" ",
      "modules": [
        "02431aa60089b968bc59acc69796ed9418546894752d0c9766fbe3aae0a85031.exe",
        "ntdll.dll",
        "kernel32.dll",
        "KERNELBASE.dll",
        "ADVAPI32.dll",
        "msvcrt.dll",
        "sechost.dll",
        "RPCRT4.dll",
        "USER32.dll",
        "GDI32.dll",
        "LPK.dll",
        "USP10.dll",
        "CRYPT32.dll",
        "MSASN1.dll",
        "CRYPTUI.dll",
        "IMM32.DLL",
        "MSCTF.dll",
        "monitor-x64.dll"
      ]
    }
  ]
}