{
  "behavior_summary": {
    "file_created": [],
    "file_deleted": [],
    "file_read": [],
    "file_recreated": [],
    "file_exists": [],
    "file_opened": [],
    "regkey_opened": [],
    "regkey_read": [],
    "regkey_written": [],
    "dll_loaded": [
      "KERNEL32.DLL",
      "kernel32.dll"
    ],
    "executed_commands": [],
    "directory_created": [],
    "mutex": [],
    "processes_created": [],
    "resolves_host": []
  },
  "dropped_files": [],
  "api_statistics": {
    "2280": {
      "Module32FirstW": 1,
      "NtAllocateVirtualMemory": 2,
      "LdrGetProcedureAddress": 132,
      "SetUnhandledExceptionFilter": 1,
      "SetErrorMode": 2,
      "NtTerminateProcess": 3,
      "GetSystemTimeAsFileTime": 1,
      "LdrLoadDll": 2,
      "LdrGetDllHandle": 3,
      "NtProtectVirtualMemory": 3
    }
  },
  "api_call_sequence": [
    {
      "time": 1746112767.1405,
      "api": "LdrLoadDll",
      "pid": 2280,
      "arguments": {
        "basename": "KERNEL32",
        "module_address": "0x77820000",
        "flags": 0,
        "module_name": "KERNEL32.DLL",
        "stack_pivoted": 0
      },
      "category": "system"
    },
    {
      "time": 1746112767.1405,
      "api": "LdrGetProcedureAddress",
      "pid": 2280,
      "arguments": {
        "ordinal": 0,
        "module": "kernel32",
        "module_address": "0x77820000",
        "function_address": "0x77831222",
        "function_name": "GetProcAddress"
      },
      "category": "system"
    },
    {
      "time": 1746112767.1405,
      "api": "LdrGetProcedureAddress",
      "pid": 2280,
      "arguments": {
        "ordinal": 0,
        "module": "kernel32",
        "module_address": "0x77820000",
        "function_address": "0x7783168c",
        "function_name": "LocalAlloc"
      },
      "category": "system"
    },
    {
      "time": 1746112767.1405,
      "api": "LdrGetProcedureAddress",
      "pid": 2280,
      "arguments": {
        "ordinal": 0,
        "module": "kernel32",
        "module_address": "0x77820000",
        "function_address": "0x7783435f",
        "function_name": "VirtualProtect"
      },
      "category": "system"
    },
    {
      "time": 1746112767.1405,
      "api": "LdrGetProcedureAddress",
      "pid": 2280,
      "arguments": {
        "ordinal": 0,
        "module": "kernel32",
        "module_address": "0x77820000",
        "function_address": "0x778b437f",
        "function_name": "GetLongPathNameA"
      },
      "category": "system"
    },
    {
      "time": 1746112767.1405,
      "api": "LdrGetProcedureAddress",
      "pid": 2280,
      "arguments": {
        "ordinal": 0,
        "module": "kernel32",
        "module_address": "0x77820000",
        "function_address": "0x778353ae",
        "function_name": "GetFileInformationByHandle"
      },
      "category": "system"
    },
    {
      "time": 1746112767.1405,
      "api": "LdrGetProcedureAddress",
      "pid": 2280,
      "arguments": {
        "ordinal": 0,
        "module": "kernel32",
        "module_address": "0x77820000",
        "function_address": "0x77835235",
        "function_name": "IsProcessorFeaturePresent"
      },
      "category": "system"
    },
    {
      "time": 1746112767.1405,
      "api": "LdrGetProcedureAddress",
      "pid": 2280,
      "arguments": {
        "ordinal": 0,
        "module": "kernel32",
        "module_address": "0x77820000",
        "function_address": "0x7783110c",
        "function_name": "GetTickCount"
      },
      "category": "system"
    },
    {
      "time": 1746112767.1405,
      "api": "LdrGetProcedureAddress",
      "pid": 2280,
      "arguments": {
        "ordinal": 0,
        "module": "kernel32",
        "module_address": "0x77820000",
        "function_address": "0x77833e8e",
        "function_name": "lstrcmpiA"
      },
      "category": "system"
    },
    {
      "time": 1746112767.1405,
      "api": "LdrGetProcedureAddress",
      "pid": 2280,
      "arguments": {
        "ordinal": 0,
        "module": "kernel32",
        "module_address": "0x77820000",
        "function_address": "0x77853102",
        "function_name": "lstrcpyW"
      },
      "category": "system"
    },
    {
      "time": 1746112767.1405,
      "api": "LdrGetProcedureAddress",
      "pid": 2280,
      "arguments": {
        "ordinal": 0,
        "module": "kernel32",
        "module_address": "0x77820000",
        "function_address": "0x778334b0",
        "function_name": "GetModuleHandleW"
      },
      "category": "system"
    },
    {
      "time": 1746112767.1405,
      "api": "LdrGetProcedureAddress",
      "pid": 2280,
      "arguments": {
        "ordinal": 0,
        "module": "kernel32",
        "module_address": "0x77820000",
        "function_address": "0x77834173",
        "function_name": "ExpandEnvironmentStringsW"
      },
      "category": "system"
    },
    {
      "time": 1746112767.1405,
      "api": "LdrGetProcedureAddress",
      "pid": 2280,
      "arguments": {
        "ordinal": 0,
        "module": "kernel32",
        "module_address": "0x77820000",
        "function_address": "0x778aa648",
        "function_name": "WritePrivateProfileStructW"
      },
      "category": "system"
    },
    {
      "time": 1746112767.1405,
      "api": "LdrGetProcedureAddress",
      "pid": 2280,
      "arguments": {
        "ordinal": 0,
        "module": "kernel32",
        "module_address": "0x77820000",
        "function_address": "0x778ad911",
        "function_name": "MoveFileA"
      },
      "category": "system"
    },
    {
      "time": 1746112767.1405,
      "api": "LdrGetProcedureAddress",
      "pid": 2280,
      "arguments": {
        "ordinal": 0,
        "module": "kernel32",
        "module_address": "0x77820000",
        "function_address": "0x7784f803",
        "function_name": "VerifyVersionInfoA"
      },
      "category": "system"
    },
    {
      "time": 1746112767.1405,
      "api": "LdrGetProcedureAddress",
      "pid": 2280,
      "arguments": {
        "ordinal": 0,
        "module": "kernel32",
        "module_address": "0x77820000",
        "function_address": "0x778d719b",
        "function_name": "FillConsoleOutputCharacterA"
      },
      "category": "system"
    },
    {
      "time": 1746112767.1405,
      "api": "LdrGetProcedureAddress",
      "pid": 2280,
      "arguments": {
        "ordinal": 0,
        "module": "kernel32",
        "module_address": "0x77820000",
        "function_address": "0x77e20fcb",
        "function_name": "EncodePointer"
      },
      "category": "system"
    },
    {
      "time": 1746112767.1405,
      "api": "LdrGetProcedureAddress",
      "pid": 2280,
      "arguments": {
        "ordinal": 0,
        "module": "kernel32",
        "module_address": "0x77820000",
        "function_address": "0x77e19d35",
        "function_name": "DecodePointer"
      },
      "category": "system"
    },
    {
      "time": 1746112767.1405,
      "api": "LdrGetProcedureAddress",
      "pid": 2280,
      "arguments": {
        "ordinal": 0,
        "module": "kernel32",
        "module_address": "0x77820000",
        "function_address": "0x778311c0",
        "function_name": "GetLastError"
      },
      "category": "system"
    },
    {
      "time": 1746112767.1405,
      "api": "LdrGetProcedureAddress",
      "pid": 2280,
      "arguments": {
        "ordinal": 0,
        "module": "kernel32",
        "module_address": "0x77820000",
        "function_address": "0x77837a10",
        "function_name": "ExitProcess"
      },
      "category": "system"
    },
    {
      "time": 1746112767.1405,
      "api": "LdrGetProcedureAddress",
      "pid": 2280,
      "arguments": {
        "ordinal": 0,
        "module": "kernel32",
        "module_address": "0x77820000",
        "function_address": "0x77834a6f",
        "function_name": "GetModuleHandleExW"
      },
      "category": "system"
    },
    {
      "time": 1746112767.1405,
      "api": "LdrGetProcedureAddress",
      "pid": 2280,
      "arguments": {
        "ordinal": 0,
        "module": "kernel32",
        "module_address": "0x77820000",
        "function_address": "0x778b40d1",
        "function_name": "AreFileApisANSI"
      },
      "category": "system"
    },
    {
      "time": 1746112767.1405,
      "api": "LdrGetProcedureAddress",
      "pid": 2280,
      "arguments": {
        "ordinal": 0,
        "module": "kernel32",
        "module_address": "0x77820000",
        "function_address": "0x7783192e",
        "function_name": "MultiByteToWideChar"
      },
      "category": "system"
    },
    {
      "time": 1746112767.1405,
      "api": "LdrGetProcedureAddress",
      "pid": 2280,
      "arguments": {
        "ordinal": 0,
        "module": "kernel32",
        "module_address": "0x77820000",
        "function_address": "0x7783170d",
        "function_name": "WideCharToMultiByte"
      },
      "category": "system"
    },
    {
      "time": 1746112767.1405,
      "api": "LdrGetProcedureAddress",
      "pid": 2280,
      "arguments": {
        "ordinal": 0,
        "module": "kernel32",
        "module_address": "0x77820000",
        "function_address": "0x778358a6",
        "function_name": "RaiseException"
      },
      "category": "system"
    },
    {
      "time": 1746112767.1405,
      "api": "LdrGetProcedureAddress",
      "pid": 2280,
      "arguments": {
        "ordinal": 0,
        "module": "kernel32",
        "module_address": "0x77820000",
        "function_address": "0x7785d1c3",
        "function_name": "RtlUnwind"
      },
      "category": "system"
    },
    {
      "time": 1746112767.1405,
      "api": "LdrGetProcedureAddress",
      "pid": 2280,
      "arguments": {
        "ordinal": 0,
        "module": "kernel32",
        "module_address": "0x77820000",
        "function_address": "0x778351a1",
        "function_name": "GetCommandLineA"
      },
      "category": "system"
    },
    {
      "time": 1746112767.1405,
      "api": "LdrGetProcedureAddress",
      "pid": 2280,
      "arguments": {
        "ordinal": 0,
        "module": "kernel32",
        "module_address": "0x77820000",
        "function_address": "0x77e0e026",
        "function_name": "HeapAlloc"
      },
      "category": "system"
    },
    {
      "time": 1746112767.1405,
      "api": "LdrGetProcedureAddress",
      "pid": 2280,
      "arguments": {
        "ordinal": 0,
        "module": "kernel32",
        "module_address": "0x77820000",
        "function_address": "0x778314c9",
        "function_name": "HeapFree"
      },
      "category": "system"
    },
    {
      "time": 1746112767.1405,
      "api": "LdrGetProcedureAddress",
      "pid": 2280,
      "arguments": {
        "ordinal": 0,
        "module": "kernel32",
        "module_address": "0x77820000",
        "function_address": "0x77e13002",
        "function_name": "HeapSize"
      },
      "category": "system"
    },
    {
      "time": 1746112767.1405,
      "api": "LdrGetProcedureAddress",
      "pid": 2280,
      "arguments": {
        "ordinal": 0,
        "module": "kernel32",
        "module_address": "0x77820000",
        "function_address": "0x77834a5d",
        "function_name": "IsDebuggerPresent"
      },
      "category": "system"
    },
    {
      "time": 1746112767.1405,
      "api": "LdrGetProcedureAddress",
      "pid": 2280,
      "arguments": {
        "ordinal": 0,
        "module": "kernel32",
        "module_address": "0x77820000",
        "function_address": "0x77e022b0",
        "function_name": "EnterCriticalSection"
      },
      "category": "system"
    },
    {
      "time": 1746112767.1405,
      "api": "LdrGetProcedureAddress",
      "pid": 2280,
      "arguments": {
        "ordinal": 0,
        "module": "kernel32",
        "module_address": "0x77820000",
        "function_address": "0x77e02270",
        "function_name": "LeaveCriticalSection"
      },
      "category": "system"
    },
    {
      "time": 1746112767.1405,
      "api": "LdrGetProcedureAddress",
      "pid": 2280,
      "arguments": {
        "ordinal": 0,
        "module": "kernel32",
        "module_address": "0x77820000",
        "function_address": "0x77e145f5",
        "function_name": "DeleteCriticalSection"
      },
      "category": "system"
    },
    {
      "time": 1746112767.1405,
      "api": "LdrGetProcedureAddress",
      "pid": 2280,
      "arguments": {
        "ordinal": 0,
        "module": "kernel32",
        "module_address": "0x77820000",
        "function_address": "0x778b4691",
        "function_name": "FatalAppExitA"
      },
      "category": "system"
    },
    {
      "time": 1746112767.1405,
      "api": "LdrGetProcedureAddress",
      "pid": 2280,
      "arguments": {
        "ordinal": 0,
        "module": "kernel32",
        "module_address": "0x77820000",
        "function_address": "0x7785772f",
        "function_name": "UnhandledExceptionFilter"
      },
      "category": "system"
    },
    {
      "time": 1746112767.1405,
      "api": "LdrGetProcedureAddress",
      "pid": 2280,
      "arguments": {
        "ordinal": 0,
        "module": "kernel32",
        "module_address": "0x77820000",
        "function_address": "0x778387c9",
        "function_name": "SetUnhandledExceptionFilter"
      },
      "category": "system"
    },
    {
      "time": 1746112767.1405,
      "api": "LdrGetProcedureAddress",
      "pid": 2280,
      "arguments": {
        "ordinal": 0,
        "module": "kernel32",
        "module_address": "0x77820000",
        "function_address": "0x778311a9",
        "function_name": "SetLastError"
      },
      "category": "system"
    },
    {
      "time": 1746112767.1405,
      "api": "LdrGetProcedureAddress",
      "pid": 2280,
      "arguments": {
        "ordinal": 0,
        "module": "kernel32",
        "module_address": "0x77820000",
        "function_address": "0x77831916",
        "function_name": "InitializeCriticalSectionAndSpinCount"
      },
      "category": "system"
    },
    {
      "time": 1746112767.1405,
      "api": "LdrGetProcedureAddress",
      "pid": 2280,
      "arguments": {
        "ordinal": 0,
        "module": "kernel32",
        "module_address": "0x77820000",
        "function_address": "0x7783183e",
        "function_name": "CreateEventW"
      },
      "category": "system"
    },
    {
      "time": 1746112767.1405,
      "api": "LdrGetProcedureAddress",
      "pid": 2280,
      "arguments": {
        "ordinal": 0,
        "module": "kernel32",
        "module_address": "0x77820000",
        "function_address": "0x778310ff",
        "function_name": "Sleep"
      },
      "category": "system"
    },
    {
      "time": 1746112767.1405,
      "api": "LdrGetProcedureAddress",
      "pid": 2280,
      "arguments": {
        "ordinal": 0,
        "module": "kernel32",
        "module_address": "0x77820000",
        "function_address": "0x77831809",
        "function_name": "GetCurrentProcess"
      },
      "category": "system"
    },
    {
      "time": 1746112767.1405,
      "api": "LdrGetProcedureAddress",
      "pid": 2280,
      "arguments": {
        "ordinal": 0,
        "module": "kernel32",
        "module_address": "0x77820000",
        "function_address": "0x7784d802",
        "function_name": "TerminateProcess"
      },
      "category": "system"
    },
    {
      "time": 1746112767.1405,
      "api": "LdrGetProcedureAddress",
      "pid": 2280,
      "arguments": {
        "ordinal": 0,
        "module": "kernel32",
        "module_address": "0x77820000",
        "function_address": "0x778349ad",
        "function_name": "TlsAlloc"
      },
      "category": "system"
    },
    {
      "time": 1746112767.1405,
      "api": "LdrGetProcedureAddress",
      "pid": 2280,
      "arguments": {
        "ordinal": 0,
        "module": "kernel32",
        "module_address": "0x77820000",
        "function_address": "0x778311e0",
        "function_name": "TlsGetValue"
      },
      "category": "system"
    },
    {
      "time": 1746112767.1405,
      "api": "LdrGetProcedureAddress",
      "pid": 2280,
      "arguments": {
        "ordinal": 0,
        "module": "kernel32",
        "module_address": "0x77820000",
        "function_address": "0x778314fb",
        "function_name": "TlsSetValue"
      },
      "category": "system"
    },
    {
      "time": 1746112767.1405,
      "api": "LdrGetProcedureAddress",
      "pid": 2280,
      "arguments": {
        "ordinal": 0,
        "module": "kernel32",
        "module_address": "0x77820000",
        "function_address": "0x77833587",
        "function_name": "TlsFree"
      },
      "category": "system"
    },
    {
      "time": 1746112767.1405,
      "api": "LdrGetProcedureAddress",
      "pid": 2280,
      "arguments": {
        "ordinal": 0,
        "module": "kernel32",
        "module_address": "0x77820000",
        "function_address": "0x77834d40",
        "function_name": "GetStartupInfoW"
      },
      "category": "system"
    },
    {
      "time": 1746112767.1405,
      "api": "LdrGetProcedureAddress",
      "pid": 2280,
      "arguments": {
        "ordinal": 0,
        "module": "kernel32",
        "module_address": "0x77820000",
        "function_address": "0x7784ca5a",
        "function_name": "CreateSemaphoreW"
      },
      "category": "system"
    },
    {
      "time": 1746112767.1405,
      "api": "LdrGetProcedureAddress",
      "pid": 2280,
      "arguments": {
        "ordinal": 0,
        "module": "kernel32",
        "module_address": "0x77820000",
        "function_address": "0x778351b3",
        "function_name": "GetStdHandle"
      },
      "category": "system"
    },
    {
      "time": 1746112767.1405,
      "api": "LdrGetProcedureAddress",
      "pid": 2280,
      "arguments": {
        "ordinal": 0,
        "module": "kernel32",
        "module_address": "0x77820000",
        "function_address": "0x77831282",
        "function_name": "WriteFile"
      },
      "category": "system"
    },
    {
      "time": 1746112767.1405,
      "api": "LdrGetProcedureAddress",
      "pid": 2280,
      "arguments": {
        "ordinal": 0,
        "module": "kernel32",
        "module_address": "0x77820000",
        "function_address": "0x77834950",
        "function_name": "GetModuleFileNameW"
      },
      "category": "system"
    },
    {
      "time": 1746112767.1405,
      "api": "LdrGetProcedureAddress",
      "pid": 2280,
      "arguments": {
        "ordinal": 0,
        "module": "kernel32",
        "module_address": "0x77820000",
        "function_address": "0x77838a09",
        "function_name": "SetConsoleCtrlHandler"
      },
      "category": "system"
    },
    {
      "time": 1746112767.1405,
      "api": "LdrGetProcedureAddress",
      "pid": 2280,
      "arguments": {
        "ordinal": 0,
        "module": "kernel32",
        "module_address": "0x77820000",
        "function_address": "0x778334c8",
        "function_name": "FreeLibrary"
      },
      "category": "system"
    },
    {
      "time": 1746112767.1405,
      "api": "LdrGetProcedureAddress",
      "pid": 2280,
      "arguments": {
        "ordinal": 0,
        "module": "kernel32",
        "module_address": "0x77820000",
        "function_address": "0x7783495d",
        "function_name": "LoadLibraryExW"
      },
      "category": "system"
    },
    {
      "time": 1746112767.1405,
      "api": "LdrGetProcedureAddress",
      "pid": 2280,
      "arguments": {
        "ordinal": 0,
        "module": "kernel32",
        "module_address": "0x77820000",
        "function_address": "0x77834493",
        "function_name": "IsValidCodePage"
      },
      "category": "system"
    },
    {
      "time": 1746112767.1405,
      "api": "LdrGetProcedureAddress",
      "pid": 2280,
      "arguments": {
        "ordinal": 0,
        "module": "kernel32",
        "module_address": "0x77820000",
        "function_address": "0x7783179c",
        "function_name": "GetACP"
      },
      "category": "system"
    },
    {
      "time": 1746112767.1405,
      "api": "LdrGetProcedureAddress",
      "pid": 2280,
      "arguments": {
        "ordinal": 0,
        "module": "kernel32",
        "module_address": "0x77820000",
        "function_address": "0x7785d1a1",
        "function_name": "GetOEMCP"
      },
      "category": "system"
    },
    {
      "time": 1746112767.1405,
      "api": "LdrGetProcedureAddress",
      "pid": 2280,
      "arguments": {
        "ordinal": 0,
        "module": "kernel32",
        "module_address": "0x77820000",
        "function_address": "0x77835189",
        "function_name": "GetCPInfo"
      },
      "category": "system"
    },
    {
      "time": 1746112767.1405,
      "api": "LdrGetProcedureAddress",
      "pid": 2280,
      "arguments": {
        "ordinal": 0,
        "module": "kernel32",
        "module_address": "0x77820000",
        "function_address": "0x77833531",
        "function_name": "GetFileType"
      },
      "category": "system"
    },
    {
      "time": 1746112767.1405,
      "api": "LdrGetProcedureAddress",
      "pid": 2280,
      "arguments": {
        "ordinal": 0,
        "module": "kernel32",
        "module_address": "0x77820000",
        "function_address": "0x778317ec",
        "function_name": "GetCurrentThread"
      },
      "category": "system"
    },
    {
      "time": 1746112767.1405,
      "api": "LdrGetProcedureAddress",
      "pid": 2280,
      "arguments": {
        "ordinal": 0,
        "module": "kernel32",
        "module_address": "0x77820000",
        "function_address": "0x77831450",
        "function_name": "GetCurrentThreadId"
      },
      "category": "system"
    },
    {
      "time": 1746112767.1405,
      "api": "LdrGetProcedureAddress",
      "pid": 2280,
      "arguments": {
        "ordinal": 0,
        "module": "kernel32",
        "module_address": "0x77820000",
        "function_address": "0x778314e9",
        "function_name": "GetProcessHeap"
      },
      "category": "system"
    },
    {
      "time": 1746112767.1405,
      "api": "LdrGetProcedureAddress",
      "pid": 2280,
      "arguments": {
        "ordinal": 0,
        "module": "kernel32",
        "module_address": "0x77820000",
        "function_address": "0x778314b1",
        "function_name": "GetModuleFileNameA"
      },
      "category": "system"
    },
    {
      "time": 1746112767.1405,
      "api": "LdrGetProcedureAddress",
      "pid": 2280,
      "arguments": {
        "ordinal": 0,
        "module": "kernel32",
        "module_address": "0x77820000",
        "function_address": "0x77831725",
        "function_name": "QueryPerformanceCounter"
      },
      "category": "system"
    },
    {
      "time": 1746112767.1405,
      "api": "LdrGetProcedureAddress",
      "pid": 2280,
      "arguments": {
        "ordinal": 0,
        "module": "kernel32",
        "module_address": "0x77820000",
        "function_address": "0x778311f8",
        "function_name": "GetCurrentProcessId"
      },
      "category": "system"
    },
    {
      "time": 1746112767.1405,
      "api": "LdrGetProcedureAddress",
      "pid": 2280,
      "arguments": {
        "ordinal": 0,
        "module": "kernel32",
        "module_address": "0x77820000",
        "function_address": "0x77833509",
        "function_name": "GetSystemTimeAsFileTime"
      },
      "category": "system"
    },
    {
      "time": 1746112767.1405,
      "api": "LdrGetProcedureAddress",
      "pid": 2280,
      "arguments": {
        "ordinal": 0,
        "module": "kernel32",
        "module_address": "0x77820000",
        "function_address": "0x778351e3",
        "function_name": "GetEnvironmentStringsW"
      },
      "category": "system"
    },
    {
      "time": 1746112767.1405,
      "api": "LdrGetProcedureAddress",
      "pid": 2280,
      "arguments": {
        "ordinal": 0,
        "module": "kernel32",
        "module_address": "0x77820000",
        "function_address": "0x778351cb",
        "function_name": "FreeEnvironmentStringsW"
      },
      "category": "system"
    },
    {
      "time": 1746112767.1405,
      "api": "LdrGetProcedureAddress",
      "pid": 2280,
      "arguments": {
        "ordinal": 0,
        "module": "kernel32",
        "module_address": "0x77820000",
        "function_address": "0x778534d7",
        "function_name": "GetDateFormatW"
      },
      "category": "system"
    },
    {
      "time": 1746112767.1405,
      "api": "LdrGetProcedureAddress",
      "pid": 2280,
      "arguments": {
        "ordinal": 0,
        "module": "kernel32",
        "module_address": "0x77820000",
        "function_address": "0x7784f481",
        "function_name": "GetTimeFormatW"
      },
      "category": "system"
    },
    {
      "time": 1746112767.1405,
      "api": "LdrGetProcedureAddress",
      "pid": 2280,
      "arguments": {
        "ordinal": 0,
        "module": "kernel32",
        "module_address": "0x77820000",
        "function_address": "0x77833bca",
        "function_name": "CompareStringW"
      },
      "category": "system"
    },
    {
      "time": 1746112767.1405,
      "api": "LdrGetProcedureAddress",
      "pid": 2280,
      "arguments": {
        "ordinal": 0,
        "module": "kernel32",
        "module_address": "0x77820000",
        "function_address": "0x778317b9",
        "function_name": "LCMapStringW"
      },
      "category": "system"
    },
    {
      "time": 1746112767.1405,
      "api": "LdrGetProcedureAddress",
      "pid": 2280,
      "arguments": {
        "ordinal": 0,
        "module": "kernel32",
        "module_address": "0x77820000",
        "function_address": "0x77833c42",
        "function_name": "GetLocaleInfoW"
      },
      "category": "system"
    },
    {
      "time": 1746112767.1405,
      "api": "LdrGetProcedureAddress",
      "pid": 2280,
      "arguments": {
        "ordinal": 0,
        "module": "kernel32",
        "module_address": "0x77820000",
        "function_address": "0x7784ce46",
        "function_name": "IsValidLocale"
      },
      "category": "system"
    },
    {
      "time": 1746112767.1405,
      "api": "LdrGetProcedureAddress",
      "pid": 2280,
      "arguments": {
        "ordinal": 0,
        "module": "kernel32",
        "module_address": "0x77820000",
        "function_address": "0x77833da5",
        "function_name": "GetUserDefaultLCID"
      },
      "category": "system"
    },
    {
      "time": 1746112767.1405,
      "api": "LdrGetProcedureAddress",
      "pid": 2280,
      "arguments": {
        "ordinal": 0,
        "module": "kernel32",
        "module_address": "0x77820000",
        "function_address": "0x778b425f",
        "function_name": "EnumSystemLocalesW"
      },
      "category": "system"
    },
    {
      "time": 1746112767.1405,
      "api": "LdrGetProcedureAddress",
      "pid": 2280,
      "arguments": {
        "ordinal": 0,
        "module": "kernel32",
        "module_address": "0x77820000",
        "function_address": "0x77e21f6e",
        "function_name": "HeapReAlloc"
      },
      "category": "system"
    },
    {
      "time": 1746112767.1405,
      "api": "LdrGetProcedureAddress",
      "pid": 2280,
      "arguments": {
        "ordinal": 0,
        "module": "kernel32",
        "module_address": "0x77820000",
        "function_address": "0x7785d1d4",
        "function_name": "OutputDebugStringW"
      },
      "category": "system"
    },
    {
      "time": 1746112767.1405,
      "api": "LdrGetProcedureAddress",
      "pid": 2280,
      "arguments": {
        "ordinal": 0,
        "module": "kernel32",
        "module_address": "0x77820000",
        "function_address": "0x77831946",
        "function_name": "GetStringTypeW"
      },
      "category": "system"
    },
    {
      "time": 1746112767.1405,
      "api": "LdrGetProcedureAddress",
      "pid": 2280,
      "arguments": {
        "ordinal": 0,
        "module": "kernel32",
        "module_address": "0x77820000",
        "function_address": "0x7783469b",
        "function_name": "FlushFileBuffers"
      },
      "category": "system"
    },
    {
      "time": 1746112767.1405,
      "api": "LdrGetProcedureAddress",
      "pid": 2280,
      "arguments": {
        "ordinal": 0,
        "module": "kernel32",
        "module_address": "0x77820000",
        "function_address": "0x778d7bff",
        "function_name": "GetConsoleCP"
      },
      "category": "system"
    },
    {
      "time": 1746112767.1405,
      "api": "LdrGetProcedureAddress",
      "pid": 2280,
      "arguments": {
        "ordinal": 0,
        "module": "kernel32",
        "module_address": "0x77820000",
        "function_address": "0x77831328",
        "function_name": "GetConsoleMode"
      },
      "category": "system"
    },
    {
      "time": 1746112767.1405,
      "api": "LdrGetProcedureAddress",
      "pid": 2280,
      "arguments": {
        "ordinal": 0,
        "module": "kernel32",
        "module_address": "0x77820000",
        "function_address": "0x77833ed3",
        "function_name": "ReadFile"
      },
      "category": "system"
    },
    {
      "time": 1746112767.1405,
      "api": "LdrGetProcedureAddress",
      "pid": 2280,
      "arguments": {
        "ordinal": 0,
        "module": "kernel32",
        "module_address": "0x77820000",
        "function_address": "0x778d739a",
        "function_name": "ReadConsoleW"
      },
      "category": "system"
    },
    {
      "time": 1746112767.1405,
      "api": "LdrGetProcedureAddress",
      "pid": 2280,
      "arguments": {
        "ordinal": 0,
        "module": "kernel32",
        "module_address": "0x77820000",
        "function_address": "0x778b454f",
        "function_name": "SetStdHandle"
      },
      "category": "system"
    },
    {
      "time": 1746112767.1405,
      "api": "LdrGetProcedureAddress",
      "pid": 2280,
      "arguments": {
        "ordinal": 0,
        "module": "kernel32",
        "module_address": "0x77820000",
        "function_address": "0x7784c807",
        "function_name": "SetFilePointerEx"
      },
      "category": "system"
    },
    {
      "time": 1746112767.1405,
      "api": "LdrGetProcedureAddress",
      "pid": 2280,
      "arguments": {
        "ordinal": 0,
        "module": "kernel32",
        "module_address": "0x77820000",
        "function_address": "0x77857aca",
        "function_name": "WriteConsoleW"
      },
      "category": "system"
    },
    {
      "time": 1746112767.1405,
      "api": "LdrGetProcedureAddress",
      "pid": 2280,
      "arguments": {
        "ordinal": 0,
        "module": "kernel32",
        "module_address": "0x77820000",
        "function_address": "0x77831410",
        "function_name": "CloseHandle"
      },
      "category": "system"
    },
    {
      "time": 1746112767.1405,
      "api": "LdrGetProcedureAddress",
      "pid": 2280,
      "arguments": {
        "ordinal": 0,
        "module": "kernel32",
        "module_address": "0x77820000",
        "function_address": "0x77833f5c",
        "function_name": "CreateFileW"
      },
      "category": "system"
    },
    {
      "time": 1746112767.1405,
      "api": "NtProtectVirtualMemory",
      "pid": 2280,
      "arguments": {
        "process_identifier": 2280,
        "stack_dep_bypass": 0,
        "stack_pivoted": 0,
        "heap_dep_bypass": 0,
        "length": 4096,
        "protection": 4,
        "process_handle": "0xffffffff",
        "base_address": "0x00400000"
      },
      "category": "process"
    },
    {
      "time": 1746112767.1405,
      "api": "NtProtectVirtualMemory",
      "pid": 2280,
      "arguments": {
        "process_identifier": 2280,
        "stack_dep_bypass": 0,
        "stack_pivoted": 0,
        "heap_dep_bypass": 0,
        "length": 4096,
        "protection": 2,
        "process_handle": "0xffffffff",
        "base_address": "0x00400000"
      },
      "category": "process"
    },
    {
      "time": 1746112767.1405,
      "api": "GetSystemTimeAsFileTime",
      "pid": 2280,
      "arguments": {},
      "category": "synchronisation"
    },
    {
      "time": 1746112767.1405,
      "api": "LdrGetDllHandle",
      "pid": 2280,
      "arguments": {
        "module_name": "kernel32.dll",
        "stack_pivoted": 0,
        "module_address": "0x77820000"
      },
      "category": "system"
    },
    {
      "time": 1746112767.1405,
      "api": "LdrGetProcedureAddress",
      "pid": 2280,
      "arguments": {
        "ordinal": 0,
        "module": "kernel32",
        "module_address": "0x77820000",
        "function_address": "0x77834f2b",
        "function_name": "FlsAlloc"
      },
      "category": "system"
    },
    {
      "time": 1746112767.1405,
      "api": "LdrGetProcedureAddress",
      "pid": 2280,
      "arguments": {
        "ordinal": 0,
        "module": "kernel32",
        "module_address": "0x77820000",
        "function_address": "0x7783359f",
        "function_name": "FlsFree"
      },
      "category": "system"
    },
    {
      "time": 1746112767.1405,
      "api": "LdrGetProcedureAddress",
      "pid": 2280,
      "arguments": {
        "ordinal": 0,
        "module": "kernel32",
        "module_address": "0x77820000",
        "function_address": "0x77831252",
        "function_name": "FlsGetValue"
      },
      "category": "system"
    },
    {
      "time": 1746112767.1405,
      "api": "LdrGetProcedureAddress",
      "pid": 2280,
      "arguments": {
        "ordinal": 0,
        "module": "kernel32",
        "module_address": "0x77820000",
        "function_address": "0x77834208",
        "function_name": "FlsSetValue"
      },
      "category": "system"
    },
    {
      "time": 1746112767.1405,
      "api": "LdrGetProcedureAddress",
      "pid": 2280,
      "arguments": {
        "ordinal": 0,
        "module": "kernel32",
        "module_address": "0x77820000",
        "function_address": "0x77834d28",
        "function_name": "InitializeCriticalSectionEx"
      },
      "category": "system"
    },
    {
      "time": 1746112767.1405,
      "api": "LdrGetProcedureAddress",
      "pid": 2280,
      "arguments": {
        "ordinal": 0,
        "module": "kernel32",
        "module_address": "0x77820000",
        "function_address": "0x778b410b",
        "function_name": "CreateEventExW"
      },
      "category": "system"
    },
    {
      "time": 1746112767.1405,
      "api": "LdrGetProcedureAddress",
      "pid": 2280,
      "arguments": {
        "ordinal": 0,
        "module": "kernel32",
        "module_address": "0x77820000",
        "function_address": "0x778b4195",
        "function_name": "CreateSemaphoreExW"
      },
      "category": "system"
    },
    {
      "time": 1746112767.1405,
      "api": "LdrGetProcedureAddress",
      "pid": 2280,
      "arguments": {
        "ordinal": 0,
        "module": "kernel32",
        "module_address": "0x77820000",
        "function_address": "0x7783d31f",
        "function_name": "SetThreadStackGuarantee"
      },
      "category": "system"
    },
    {
      "time": 1746112767.1405,
      "api": "LdrGetProcedureAddress",
      "pid": 2280,
      "arguments": {
        "ordinal": 0,
        "module": "kernel32",
        "module_address": "0x77820000",
        "function_address": "0x7784ee7e",
        "function_name": "CreateThreadpoolTimer"
      },
      "category": "system"
    },
    {
      "time": 1746112767.1405,
      "api": "LdrGetProcedureAddress",
      "pid": 2280,
      "arguments": {
        "ordinal": 0,
        "module": "kernel32",
        "module_address": "0x77820000",
        "function_address": "0x77e2441c",
        "function_name": "SetThreadpoolTimer"
      },
      "category": "system"
    },
    {
      "time": 1746112767.1405,
      "api": "LdrGetProcedureAddress",
      "pid": 2280,
      "arguments": {
        "ordinal": 0,
        "module": "kernel32",
        "module_address": "0x77820000",
        "function_address": "0x77e4c50e",
        "function_name": "WaitForThreadpoolTimerCallbacks"
      },
      "category": "system"
    },
    {
      "time": 1746112767.1405,
      "api": "LdrGetProcedureAddress",
      "pid": 2280,
      "arguments": {
        "ordinal": 0,
        "module": "kernel32",
        "module_address": "0x77820000",
        "function_address": "0x77e4c381",
        "function_name": "CloseThreadpoolTimer"
      },
      "category": "system"
    },
    {
      "time": 1746112767.1405,
      "api": "LdrGetProcedureAddress",
      "pid": 2280,
      "arguments": {
        "ordinal": 0,
        "module": "kernel32",
        "module_address": "0x77820000",
        "function_address": "0x7784f088",
        "function_name": "CreateThreadpoolWait"
      },
      "category": "system"
    },
    {
      "time": 1746112767.1405,
      "api": "LdrGetProcedureAddress",
      "pid": 2280,
      "arguments": {
        "ordinal": 0,
        "module": "kernel32",
        "module_address": "0x77820000",
        "function_address": "0x77e305d7",
        "function_name": "SetThreadpoolWait"
      },
      "category": "system"
    },
    {
      "time": 1746112767.1405,
      "api": "LdrGetProcedureAddress",
      "pid": 2280,
      "arguments": {
        "ordinal": 0,
        "module": "kernel32",
        "module_address": "0x77820000",
        "function_address": "0x77e4ca24",
        "function_name": "CloseThreadpoolWait"
      },
      "category": "system"
    },
    {
      "time": 1746112767.1405,
      "api": "LdrGetProcedureAddress",
      "pid": 2280,
      "arguments": {
        "ordinal": 0,
        "module": "kernel32",
        "module_address": "0x77820000",
        "function_address": "0x77e00b8c",
        "function_name": "FlushProcessWriteBuffers"
      },
      "category": "system"
    },
    {
      "time": 1746112767.1405,
      "api": "LdrGetProcedureAddress",
      "pid": 2280,
      "arguments": {
        "ordinal": 0,
        "module": "kernel32",
        "module_address": "0x77820000",
        "function_address": "0x77ebfde8",
        "function_name": "FreeLibraryWhenCallbackReturns"
      },
      "category": "system"
    },
    {
      "time": 1746112767.1405,
      "api": "LdrGetProcedureAddress",
      "pid": 2280,
      "arguments": {
        "ordinal": 0,
        "module": "kernel32",
        "module_address": "0x77820000",
        "function_address": "0x77e51e1d",
        "function_name": "GetCurrentProcessorNumber"
      },
      "category": "system"
    },
    {
      "time": 1746112767.1405,
      "api": "LdrGetProcedureAddress",
      "pid": 2280,
      "arguments": {
        "ordinal": 0,
        "module": "kernel32",
        "module_address": "0x77820000",
        "function_address": "0x778b4761",
        "function_name": "GetLogicalProcessorInformation"
      },
      "category": "system"
    },
    {
      "time": 1746112767.1405,
      "api": "LdrGetProcedureAddress",
      "pid": 2280,
      "arguments": {
        "ordinal": 0,
        "module": "kernel32",
        "module_address": "0x77820000",
        "function_address": "0x778acd11",
        "function_name": "CreateSymbolicLinkW"
      },
      "category": "system"
    },
    {
      "time": 1746112767.1405,
      "api": "LdrGetProcedureAddress",
      "pid": 2280,
      "arguments": {
        "ordinal": 0,
        "module": "kernel32",
        "module_address": "0x77820000",
        "function_address": "0x0044c394",
        "function_name": "SetDefaultDllDirectories"
      },
      "category": "system"
    },
    {
      "time": 1746112767.1405,
      "api": "LdrGetProcedureAddress",
      "pid": 2280,
      "arguments": {
        "ordinal": 0,
        "module": "kernel32",
        "module_address": "0x77820000",
        "function_address": "0x778b424f",
        "function_name": "EnumSystemLocalesEx"
      },
      "category": "system"
    },
    {
      "time": 1746112767.1405,
      "api": "LdrGetProcedureAddress",
      "pid": 2280,
      "arguments": {
        "ordinal": 0,
        "module": "kernel32",
        "module_address": "0x77820000",
        "function_address": "0x778b46b1",
        "function_name": "CompareStringEx"
      },
      "category": "system"
    },
    {
      "time": 1746112767.1405,
      "api": "LdrGetProcedureAddress",
      "pid": 2280,
      "arguments": {
        "ordinal": 0,
        "module": "kernel32",
        "module_address": "0x77820000",
        "function_address": "0x778c6676",
        "function_name": "GetDateFormatEx"
      },
      "category": "system"
    },
    {
      "time": 1746112767.1405,
      "api": "LdrGetProcedureAddress",
      "pid": 2280,
      "arguments": {
        "ordinal": 0,
        "module": "kernel32",
        "module_address": "0x77820000",
        "function_address": "0x778b4751",
        "function_name": "GetLocaleInfoEx"
      },
      "category": "system"
    },
    {
      "time": 1746112767.1405,
      "api": "LdrGetProcedureAddress",
      "pid": 2280,
      "arguments": {
        "ordinal": 0,
        "module": "kernel32",
        "module_address": "0x77820000",
        "function_address": "0x778c65f1",
        "function_name": "GetTimeFormatEx"
      },
      "category": "system"
    },
    {
      "time": 1746112767.1405,
      "api": "LdrGetProcedureAddress",
      "pid": 2280,
      "arguments": {
        "ordinal": 0,
        "module": "kernel32",
        "module_address": "0x77820000",
        "function_address": "0x778b47c1",
        "function_name": "GetUserDefaultLocaleName"
      },
      "category": "system"
    },
    {
      "time": 1746112767.1405,
      "api": "LdrGetProcedureAddress",
      "pid": 2280,
      "arguments": {
        "ordinal": 0,
        "module": "kernel32",
        "module_address": "0x77820000",
        "function_address": "0x778b47e1",
        "function_name": "IsValidLocaleName"
      },
      "category": "system"
    },
    {
      "time": 1746112767.1405,
      "api": "LdrGetProcedureAddress",
      "pid": 2280,
      "arguments": {
        "ordinal": 0,
        "module": "kernel32",
        "module_address": "0x77820000",
        "function_address": "0x778b47f1",
        "function_name": "LCMapStringEx"
      },
      "category": "system"
    },
    {
      "time": 1746112767.1405,
      "api": "LdrGetProcedureAddress",
      "pid": 2280,
      "arguments": {
        "ordinal": 0,
        "module": "kernel32",
        "module_address": "0x77820000",
        "function_address": "0x0044c444",
        "function_name": "GetCurrentPackageId"
      },
      "category": "system"
    },
    {
      "time": 1746112767.1405,
      "api": "LdrGetProcedureAddress",
      "pid": 2280,
      "arguments": {
        "ordinal": 0,
        "module": "kernel32",
        "module_address": "0x77820000",
        "function_address": "0x7784eee0",
        "function_name": "GetTickCount64"
      },
      "category": "system"
    },
    {
      "time": 1746112767.1405,
      "api": "LdrGetProcedureAddress",
      "pid": 2280,
      "arguments": {
        "ordinal": 0,
        "module": "kernel32",
        "module_address": "0x77820000",
        "function_address": "0x0044c468",
        "function_name": "GetFileInformationByHandleExW"
      },
      "category": "system"
    },
    {
      "time": 1746112767.1405,
      "api": "LdrGetProcedureAddress",
      "pid": 2280,
      "arguments": {
        "ordinal": 0,
        "module": "kernel32",
        "module_address": "0x77820000",
        "function_address": "0x0044c488",
        "function_name": "SetFileInformationByHandleW"
      },
      "category": "system"
    },
    {
      "time": 1746112767.1405,
      "api": "SetUnhandledExceptionFilter",
      "pid": 2280,
      "arguments": {},
      "category": "exception"
    },
    {
      "time": 1746112767.1565,
      "api": "LdrGetDllHandle",
      "pid": 2280,
      "arguments": {
        "module_name": "kernel32.dll",
        "stack_pivoted": 0,
        "module_address": "0x77820000"
      },
      "category": "system"
    },
    {
      "time": 1746112767.1565,
      "api": "LdrGetProcedureAddress",
      "pid": 2280,
      "arguments": {
        "ordinal": 0,
        "module": "kernel32",
        "module_address": "0x77820000",
        "function_address": "0x0042821a",
        "function_name": ""
      },
      "category": "system"
    },
    {
      "time": 1746112767.1565,
      "api": "LdrGetProcedureAddress",
      "pid": 2280,
      "arguments": {
        "ordinal": 0,
        "module": "kernel32",
        "module_address": "0x77820000",
        "function_address": "0x778579f9",
        "function_name": "Module32FirstW"
      },
      "category": "system"
    },
    {
      "time": 1746112767.1565,
      "api": "Module32FirstW",
      "pid": 2280,
      "arguments": {
        "snapshot_handle": "0x00000004"
      },
      "category": "process"
    },
    {
      "time": 1746112767.4525,
      "api": "NtAllocateVirtualMemory",
      "pid": 2280,
      "arguments": {
        "process_identifier": 2280,
        "region_size": 139264,
        "stack_dep_bypass": 0,
        "stack_pivoted": 0,
        "heap_dep_bypass": 0,
        "protection": 4,
        "process_handle": "0xffffffff",
        "allocation_type": 4096,
        "base_address": "0x005db000"
      },
      "category": "process"
    },
    {
      "time": 1746112767.4685,
      "api": "NtAllocateVirtualMemory",
      "pid": 2280,
      "arguments": {
        "process_identifier": 2280,
        "region_size": 139264,
        "stack_dep_bypass": 0,
        "stack_pivoted": 0,
        "heap_dep_bypass": 0,
        "protection": 4,
        "process_handle": "0xffffffff",
        "allocation_type": 4096,
        "base_address": "0x005fd000"
      },
      "category": "process"
    },
    {
      "time": 1746112767.4685,
      "api": "LdrGetDllHandle",
      "pid": 2280,
      "arguments": {
        "module_name": "kernel32.dll",
        "stack_pivoted": 0,
        "module_address": "0x77820000"
      },
      "category": "system"
    },
    {
      "time": 1746112767.4685,
      "api": "NtProtectVirtualMemory",
      "pid": 2280,
      "arguments": {
        "process_identifier": 2280,
        "stack_dep_bypass": 0,
        "stack_pivoted": 0,
        "heap_dep_bypass": 1,
        "length": 110592,
        "protection": 64,
        "process_handle": "0xffffffff",
        "base_address": "0x005fc000"
      },
      "category": "process"
    },
    {
      "time": 1746112767.4845,
      "api": "LdrGetProcedureAddress",
      "pid": 2280,
      "arguments": {
        "ordinal": 0,
        "module": "kernel32",
        "module_address": "0x77820000",
        "function_address": "0x778349d7",
        "function_name": "LoadLibraryA"
      },
      "category": "system"
    },
    {
      "time": 1746112767.4845,
      "api": "LdrLoadDll",
      "pid": 2280,
      "arguments": {
        "basename": "kernel32",
        "module_address": "0x77820000",
        "flags": 0,
        "module_name": "kernel32.dll",
        "stack_pivoted": 0
      },
      "category": "system"
    },
    {
      "time": 1746112767.4845,
      "api": "LdrGetProcedureAddress",
      "pid": 2280,
      "arguments": {
        "ordinal": 0,
        "module": "kernel32",
        "module_address": "0x77820000",
        "function_address": "0x77831856",
        "function_name": "VirtualAlloc"
      },
      "category": "system"
    },
    {
      "time": 1746112767.4845,
      "api": "LdrGetProcedureAddress",
      "pid": 2280,
      "arguments": {
        "ordinal": 0,
        "module": "kernel32",
        "module_address": "0x77820000",
        "function_address": "0x7783435f",
        "function_name": "VirtualProtect"
      },
      "category": "system"
    },
    {
      "time": 1746112767.4845,
      "api": "LdrGetProcedureAddress",
      "pid": 2280,
      "arguments": {
        "ordinal": 0,
        "module": "kernel32",
        "module_address": "0x77820000",
        "function_address": "0x7783186e",
        "function_name": "VirtualFree"
      },
      "category": "system"
    },
    {
      "time": 1746112767.4845,
      "api": "LdrGetProcedureAddress",
      "pid": 2280,
      "arguments": {
        "ordinal": 0,
        "module": "kernel32",
        "module_address": "0x77820000",
        "function_address": "0x77833519",
        "function_name": "GetVersionExA"
      },
      "category": "system"
    },
    {
      "time": 1746112767.4845,
      "api": "LdrGetProcedureAddress",
      "pid": 2280,
      "arguments": {
        "ordinal": 0,
        "module": "kernel32",
        "module_address": "0x77820000",
        "function_address": "0x7784d802",
        "function_name": "TerminateProcess"
      },
      "category": "system"
    },
    {
      "time": 1746112767.4845,
      "api": "LdrGetProcedureAddress",
      "pid": 2280,
      "arguments": {
        "ordinal": 0,
        "module": "kernel32",
        "module_address": "0x77820000",
        "function_address": "0x77837a10",
        "function_name": "ExitProcess"
      },
      "category": "system"
    },
    {
      "time": 1746112767.4845,
      "api": "LdrGetProcedureAddress",
      "pid": 2280,
      "arguments": {
        "ordinal": 0,
        "module": "kernel32",
        "module_address": "0x77820000",
        "function_address": "0x77831b00",
        "function_name": "SetErrorMode"
      },
      "category": "system"
    },
    {
      "time": 1746112767.4845,
      "api": "SetErrorMode",
      "pid": 2280,
      "arguments": {
        "mode": 1024
      },
      "category": "system"
    },
    {
      "time": 1746112767.4845,
      "api": "SetErrorMode",
      "pid": 2280,
      "arguments": {
        "mode": 0
      },
      "category": "system"
    },
    {
      "time": 1746112767.4845,
      "api": "NtTerminateProcess",
      "pid": 2280,
      "arguments": {
        "status_code": "0x00000000",
        "process_identifier": 0,
        "process_handle": "0x00000000"
      },
      "category": "process"
    },
    {
      "time": 1746112767.4845,
      "api": "NtTerminateProcess",
      "pid": 2280,
      "arguments": {
        "status_code": "0x00000000",
        "process_identifier": 0,
        "process_handle": "0x00000000"
      },
      "category": "process"
    },
    {
      "time": 1746112767.4845,
      "api": "NtTerminateProcess",
      "pid": 2280,
      "arguments": {
        "status_code": "0x00000000",
        "process_identifier": 2280,
        "process_handle": "0xffffffff"
      },
      "category": "process"
    }
  ],
  "network": {
    "http": [],
    "tcp": [],
    "udp": [
      {
        "src": "192.168.56.101",
        "dst": "192.168.56.255",
        "offset": 1308,
        "time": 6.073932886123657,
        "dport": 137,
        "sport": 137
      },
      {
        "src": "192.168.56.101",
        "dst": "224.0.0.252",
        "offset": 2840,
        "time": 4.064013957977295,
        "dport": 5355,
        "sport": 50233
      },
      {
        "src": "192.168.56.101",
        "dst": "224.0.0.252",
        "offset": 3160,
        "time": 4.625308036804199,
        "dport": 5355,
        "sport": 52790
      },
      {
        "src": "192.168.56.101",
        "dst": "224.0.0.252",
        "offset": 3488,
        "time": 3.0392990112304688,
        "dport": 5355,
        "sport": 53526
      },
      {
        "src": "192.168.56.101",
        "dst": "224.0.0.252",
        "offset": 3816,
        "time": 5.437532901763916,
        "dport": 5355,
        "sport": 58224
      },
      {
        "src": "192.168.56.101",
        "dst": "224.0.0.252",
        "offset": 4136,
        "time": 6.007505893707275,
        "dport": 5355,
        "sport": 58709
      },
      {
        "src": "192.168.56.101",
        "dst": "224.0.0.252",
        "offset": 4456,
        "time": 6.007236003875732,
        "dport": 5355,
        "sport": 60897
      },
      {
        "src": "192.168.56.101",
        "dst": "8.8.8.8",
        "offset": 4784,
        "time": 5.04420804977417,
        "dport": 53,
        "sport": 55116
      },
      {
        "src": "192.168.56.101",
        "dst": "8.8.8.8",
        "offset": 4968,
        "time": 6.007755994796753,
        "dport": 53,
        "sport": 57168
      },
      {
        "src": "192.168.56.101",
        "dst": "8.8.8.8",
        "offset": 5069,
        "time": 5.761369943618774,
        "dport": 53,
        "sport": 62139
      }
    ],
    "dns": [
      {
        "type": "A",
        "request": "www.msftncsi.com",
        "answers": []
      },
      {
        "type": "A",
        "request": "dns.msftncsi.com",
        "answers": []
      },
      {
        "type": "A",
        "request": "teredo.ipv6.microsoft.com",
        "answers": []
      }
    ],
    "hosts": [
      "8.8.8.8"
    ],
    "icmp": [],
    "smtp": []
  },
  "static_imports": [
    "LoadLibraryA",
    "ExitProcess",
    "GetProcAddress",
    "VirtualProtect"
  ],
  "signatures_ttp": {
    "T1045": "Software Packing"
  },
  "signatures_full": [
    {
      "name": "allocates_rwx",
      "description": "Allocates read-write-execute memory (usually to unpack itself)",
      "severity": 2,
      "ttp": {},
      "markcount": 1,
      "marks": [
        {
          "call": {
            "category": "process",
            "status": 1,
            "stacktrace": [],
            "api": "NtProtectVirtualMemory",
            "return_value": 0,
            "arguments": {
              "process_identifier": 2280,
              "stack_dep_bypass": 0,
              "stack_pivoted": 0,
              "heap_dep_bypass": 1,
              "length": 110592,
              "protection": 64,
              "process_handle": "0xffffffff",
              "base_address": "0x005fc000"
            },
            "time": 1746112767.4685,
            "tid": 2284,
            "flags": {
              "protection": "PAGE_EXECUTE_READWRITE"
            }
          },
          "pid": 2280,
          "type": "call",
          "cid": 135
        }
      ]
    },
    {
      "name": "origin_langid",
      "description": "Foreign language identified in PE resource",
      "severity": 2,
      "ttp": {},
      "markcount": 13,
      "marks": [
        {
          "name": "RT_ICON",
          "language": "LANG_SERBIAN",
          "offset": "0x00088658",
          "filetype": "GLS_BINARY_LSB_FIRST",
          "sublanguage": "SUBLANG_NEUTRAL",
          "type": "generic",
          "size": "0x00000468"
        },
        {
          "name": "RT_ICON",
          "language": "LANG_SERBIAN",
          "offset": "0x00088658",
          "filetype": "GLS_BINARY_LSB_FIRST",
          "sublanguage": "SUBLANG_NEUTRAL",
          "type": "generic",
          "size": "0x00000468"
        },
        {
          "name": "RT_ICON",
          "language": "LANG_SERBIAN",
          "offset": "0x00088658",
          "filetype": "GLS_BINARY_LSB_FIRST",
          "sublanguage": "SUBLANG_NEUTRAL",
          "type": "generic",
          "size": "0x00000468"
        },
        {
          "name": "RT_ICON",
          "language": "LANG_SERBIAN",
          "offset": "0x00088658",
          "filetype": "GLS_BINARY_LSB_FIRST",
          "sublanguage": "SUBLANG_NEUTRAL",
          "type": "generic",
          "size": "0x00000468"
        },
        {
          "name": "RT_ICON",
          "language": "LANG_SERBIAN",
          "offset": "0x00088658",
          "filetype": "GLS_BINARY_LSB_FIRST",
          "sublanguage": "SUBLANG_NEUTRAL",
          "type": "generic",
          "size": "0x00000468"
        },
        {
          "name": "RT_ICON",
          "language": "LANG_SERBIAN",
          "offset": "0x00088658",
          "filetype": "GLS_BINARY_LSB_FIRST",
          "sublanguage": "SUBLANG_NEUTRAL",
          "type": "generic",
          "size": "0x00000468"
        },
        {
          "name": "RT_ICON",
          "language": "LANG_SERBIAN",
          "offset": "0x00088658",
          "filetype": "GLS_BINARY_LSB_FIRST",
          "sublanguage": "SUBLANG_NEUTRAL",
          "type": "generic",
          "size": "0x00000468"
        },
        {
          "name": "RT_ICON",
          "language": "LANG_SERBIAN",
          "offset": "0x00088658",
          "filetype": "GLS_BINARY_LSB_FIRST",
          "sublanguage": "SUBLANG_NEUTRAL",
          "type": "generic",
          "size": "0x00000468"
        },
        {
          "name": "RT_STRING",
          "language": "LANG_SERBIAN",
          "offset": "0x0007c758",
          "filetype": "data",
          "sublanguage": "SUBLANG_NEUTRAL",
          "type": "generic",
          "size": "0x000002e6"
        },
        {
          "name": "RT_STRING",
          "language": "LANG_SERBIAN",
          "offset": "0x0007c758",
          "filetype": "data",
          "sublanguage": "SUBLANG_NEUTRAL",
          "type": "generic",
          "size": "0x000002e6"
        },
        {
          "name": "RT_STRING",
          "language": "LANG_SERBIAN",
          "offset": "0x0007c758",
          "filetype": "data",
          "sublanguage": "SUBLANG_NEUTRAL",
          "type": "generic",
          "size": "0x000002e6"
        },
        {
          "name": "RT_ACCELERATOR",
          "language": "LANG_SERBIAN",
          "offset": "0x0007bb18",
          "filetype": "data",
          "sublanguage": "SUBLANG_NEUTRAL",
          "type": "generic",
          "size": "0x00000010"
        },
        {
          "name": "RT_GROUP_ICON",
          "language": "LANG_SERBIAN",
          "offset": "0x00088ac4",
          "filetype": "data",
          "sublanguage": "SUBLANG_NEUTRAL",
          "type": "generic",
          "size": "0x00000076"
        }
      ]
    },
    {
      "name": "packer_entropy",
      "description": "The binary likely contains encrypted or compressed data indicative of a packer",
      "severity": 2,
      "ttp": {
        "T1045": {
          "short": "Software Packing",
          "long": "Software packing is a method of compressing or encrypting an executable. Packing an executable changes the file signature in an attempt to avoid signature-based detection. Most decompression techniques decompress the executable code in memory."
        }
      },
      "markcount": 2,
      "marks": [
        {
          "entropy": 7.789741734041853,
          "section": {
            "size_of_data": "0x00038200",
            "virtual_address": "0x00049000",
            "entropy": 7.789741734041853,
            "name": "UPX1",
            "virtual_size": "0x00039000"
          },
          "type": "generic",
          "description": "A section with a high entropy has been found"
        },
        {
          "entropy": 0.8926441351888668,
          "type": "generic",
          "description": "Overall entropy of this PE file is high"
        }
      ]
    },
    {
      "name": "packer_upx",
      "description": "The executable is compressed using UPX",
      "severity": 2,
      "ttp": {
        "T1045": {
          "short": "Software Packing",
          "long": "Software packing is a method of compressing or encrypting an executable. Packing an executable changes the file signature in an attempt to avoid signature-based detection. Most decompression techniques decompress the executable code in memory."
        }
      },
      "markcount": 2,
      "marks": [
        {
          "section": "UPX0",
          "type": "generic",
          "description": "Section name indicates UPX"
        },
        {
          "section": "UPX1",
          "type": "generic",
          "description": "Section name indicates UPX"
        }
      ]
    }
  ],
  "processes": [
    {
      "name": "lsass.exe",
      "path": "C:\\Windows\\System32\\lsass.exe",
      "pid": 484,
      "cmdline": "C:\\Windows\\system32\\lsass.exe",
      "modules": [
        "lsass.exe",
        "ntdll.dll",
        "kernel32.dll",
        "KERNELBASE.dll",
        "msvcrt.dll",
        "RPCRT4.dll",
        "SspiSrv.dll",
        "lsasrv.dll",
        "sechost.dll",
        "SspiCli.dll",
        "ADVAPI32.dll",
        "USER32.dll",
        "GDI32.dll",
        "LPK.dll",
        "USP10.dll",
        "SAMSRV.dll",
        "cryptdll.dll",
        "MSASN1.dll",
        "wevtapi.dll",
        "IMM32.DLL",
        "MSCTF.dll",
        "cngaudit.dll",
        "AUTHZ.dll",
        "ncrypt.dll",
        "bcrypt.dll",
        "msprivs.DLL",
        "netjoin.dll",
        "negoexts.DLL",
        "Secur32.dll",
        "cryptbase.dll",
        "kerberos.DLL",
        "CRYPTSP.dll",
        "WS2_32.dll",
        "NSI.dll",
        "mswsock.dll",
        "wship6.dll",
        "msv1_0.DLL",
        "netlogon.DLL",
        "DNSAPI.dll",
        "logoncli.dll",
        "schannel.DLL",
        "CRYPT32.dll",
        "wdigest.DLL",
        "rsaenh.dll",
        "tspkg.DLL",
        "pku2u.DLL",
        "bcryptprimitives.dll",
        "RpcRtRemote.dll",
        "efslsaext.dll",
        "WINSTA.dll",
        "scecli.DLL",
        "credssp.dll",
        "IPHLPAPI.DLL",
        "WINNSI.DLL",
        "netutils.dll",
        "USERENV.dll",
        "profapi.dll",
        "wshtcpip.dll",
        "monitor-x64.dll"
      ]
    },
    {
      "name": "06b323e0b626dc4f051596a39f52c46b35f88ea6f85a56de0fd76ec73c7f3851.exe",
      "path": "C:\\Users\\Administrator\\AppData\\Local\\Temp\\06b323e0b626dc4f051596a39f52c46b35f88ea6f85a56de0fd76ec73c7f3851.exe",
      "pid": 2280,
      "cmdline": "\"C:\\Users\\Administrator\\AppData\\Local\\Temp\\06b323e0b626dc4f051596a39f52c46b35f88ea6f85a56de0fd76ec73c7f3851.exe\" ",
      "modules": [
        "06b323e0b626dc4f051596a39f52c46b35f88ea6f85a56de0fd76ec73c7f3851.exe",
        "ntdll.dll",
        "kernel32.dll",
        "KERNELBASE.dll",
        "monitor-x86.dll",
        "msvcrt.dll"
      ]
    }
  ]
}