{
  "behavior_summary": {
    "file_created": [],
    "file_deleted": [],
    "file_read": [],
    "file_recreated": [],
    "file_exists": [],
    "file_opened": [],
    "regkey_opened": [],
    "regkey_read": [],
    "regkey_written": [],
    "dll_loaded": [],
    "executed_commands": [],
    "directory_created": [],
    "mutex": [],
    "processes_created": [],
    "resolves_host": []
  },
  "dropped_files": [],
  "api_statistics": {},
  "api_call_sequence": [],
  "network": {
    "http": [
      {
        "count": 1,
        "body": "",
        "uri": "http://www.msftncsi.com/ncsi.txt",
        "user-agent": "Microsoft NCSI",
        "method": "GET",
        "host": "www.msftncsi.com",
        "version": "1.1",
        "path": "/ncsi.txt",
        "data": "GET /ncsi.txt HTTP/1.1\r\nConnection: Close\r\nUser-Agent: Microsoft NCSI\r\nHost: www.msftncsi.com\r\n\r\n",
        "port": 80
      }
    ],
    "tcp": [
      {
        "src": "192.168.56.101",
        "dst": "113.171.230.17",
        "offset": 1294,
        "time": 5.842442989349365,
        "dport": 80,
        "sport": 49160
      }
    ],
    "udp": [
      {
        "src": "192.168.56.101",
        "dst": "192.168.56.255",
        "offset": 1990,
        "time": 6.113850116729736,
        "dport": 137,
        "sport": 137
      },
      {
        "src": "192.168.56.101",
        "dst": "224.0.0.252",
        "offset": 5606,
        "time": 4.575654983520508,
        "dport": 5355,
        "sport": 50233
      },
      {
        "src": "192.168.56.101",
        "dst": "224.0.0.252",
        "offset": 5934,
        "time": 5.468067169189453,
        "dport": 5355,
        "sport": 52790
      },
      {
        "src": "192.168.56.101",
        "dst": "224.0.0.252",
        "offset": 6254,
        "time": 4.050511121749878,
        "dport": 5355,
        "sport": 53526
      },
      {
        "src": "192.168.56.101",
        "dst": "224.0.0.252",
        "offset": 6574,
        "time": 6.0452330112457275,
        "dport": 5355,
        "sport": 62139
      },
      {
        "src": "192.168.56.101",
        "dst": "224.0.0.252",
        "offset": 6902,
        "time": 6.045762062072754,
        "dport": 5355,
        "sport": 64762
      },
      {
        "src": "192.168.56.101",
        "dst": "8.8.8.8",
        "offset": 7222,
        "time": 5.785329103469849,
        "dport": 53,
        "sport": 55116
      },
      {
        "src": "192.168.56.101",
        "dst": "8.8.8.8",
        "offset": 7496,
        "time": 6.04500412940979,
        "dport": 53,
        "sport": 58224
      }
    ],
    "dns": [
      {
        "type": "A",
        "request": "www.msftncsi.com",
        "answers": [
          {
            "data": "113.171.230.17",
            "type": "A"
          },
          {
            "data": "www.msftncsi.com.edgesuite.net",
            "type": "CNAME"
          },
          {
            "data": "a1961.g2.akamai.net",
            "type": "CNAME"
          }
        ]
      },
      {
        "type": "A",
        "request": "teredo.ipv6.microsoft.com",
        "answers": []
      }
    ],
    "hosts": [
      "113.171.230.17",
      "8.8.8.8"
    ],
    "icmp": [],
    "smtp": []
  },
  "static_imports": [
    "GetAclInformation",
    "GetAce",
    "GetSecurityDescriptorDacl",
    "RegQueryValueExA",
    "RegOpenKeyExA",
    "GetSecurityInfo",
    "IsValidSid",
    "RegCloseKey",
    "GetExplicitEntriesFromAclA",
    "GetNamedSecurityInfoW",
    "ConvertStringSecurityDescriptorToSecurityDescriptorW",
    "IsValidSecurityDescriptor",
    "GetSecurityDescriptorGroup",
    "RegSetValueExW",
    "SetSecurityDescriptorSacl",
    "GetSecurityDescriptorSacl",
    "GetSecurityDescriptorOwner",
    "SetSecurityDescriptorOwner",
    "InitializeSecurityDescriptor",
    "RegCreateKeyExW",
    "MapGenericMask",
    "SetSecurityDescriptorGroup",
    "RegQueryValueExW",
    "RegOpenKeyExW",
    "AdjustTokenPrivileges",
    "LookupPrivilegeValueA",
    "GetTokenInformation",
    "OpenProcessToken",
    "GetTraceEnableLevel",
    "RegisterTraceGuidsA",
    "TraceEvent",
    "GetTraceLoggerHandle",
    "GetTraceEnableFlags",
    "IsTextUnicode",
    "MakeSelfRelativeSD",
    "GetSidLengthRequired",
    "SetSecurityInfo",
    "MakeAbsoluteSD",
    "LookupAccountSidW",
    "GetSecurityDescriptorLength",
    "SetNamedSecurityInfoW",
    "SetSecurityDescriptorDacl",
    "LookupAccountNameW",
    "GetSecurityDescriptorControl",
    "GetSidSubAuthorityCount",
    "SetEntriesInAclA",
    "GetSidSubAuthority",
    "IsValidAcl",
    "GetSidIdentifierAuthority",
    "ControlService",
    "QueryServiceConfigA",
    "OpenSCManagerA",
    "QueryServiceStatus",
    "ChangeServiceConfigA",
    "StartServiceA",
    "OpenServiceW",
    "DeleteService",
    "CloseServiceHandle",
    "CreateServiceW",
    "SetThreadPriority",
    "TerminateThread",
    "VirtualAllocEx",
    "CreateRemoteThread",
    "Module32NextW",
    "CreateToolhelp32Snapshot",
    "Process32NextW",
    "Module32FirstW",
    "OpenThread",
    "Process32FirstW",
    "Thread32Next",
    "GetExitCodeProcess",
    "ReadProcessMemory",
    "Thread32First",
    "CreateFileA",
    "ResumeThread",
    "SuspendThread",
    "CreateMutexW",
    "CreateFileMappingW",
    "CreateEventW",
    "ReleaseMutex",
    "GetVersion",
    "ExpandEnvironmentStringsW",
    "WaitNamedPipeA",
    "SetNamedPipeHandleState",
    "LoadLibraryExA",
    "ReadConsoleW",
    "CreateMutexA",
    "OpenSemaphoreA",
    "CreateSemaphoreA",
    "HeapSetInformation",
    "SetUnhandledExceptionFilter",
    "LocalAlloc",
    "GetProcAddress",
    "SwitchToThread",
    "GetCurrentProcessId",
    "DeviceIoControl",
    "OpenEventA",
    "ProcessIdToSessionId",
    "OpenMutexA",
    "SetLastError",
    "MultiByteToWideChar",
    "CreateFileW",
    "GetModuleFileNameW",
    "Sleep",
    "GetLocaleInfoW",
    "WideCharToMultiByte",
    "OpenProcess",
    "GetTickCount",
    "GetModuleHandleW",
    "GetSystemDefaultLCID",
    "WaitForSingleObject",
    "GetFullPathNameW",
    "CloseHandle",
    "GetModuleHandleA",
    "LockResource",
    "RaiseException",
    "SizeofResource",
    "LoadResource",
    "FindResourceW",
    "FindResourceExW",
    "LocalFree",
    "GetVersionExA",
    "GetLastError",
    "CompareStringW",
    "VirtualFreeEx",
    "GetCommandLineW",
    "EncodePointer",
    "DecodePointer",
    "HeapFree",
    "IsDebuggerPresent",
    "IsProcessorFeaturePresent",
    "GetCurrentThreadId",
    "ExitProcess",
    "GetModuleHandleExW",
    "GetStdHandle",
    "WriteFile",
    "GetProcessHeap",
    "GetFileType",
    "InitializeCriticalSectionAndSpinCount",
    "DeleteCriticalSection",
    "InitOnceExecuteOnce",
    "GetStartupInfoW",
    "QueryPerformanceCounter",
    "GetSystemTimeAsFileTime",
    "GetTickCount64",
    "GetEnvironmentStringsW",
    "FreeEnvironmentStringsW",
    "RtlUnwindEx",
    "HeapSize",
    "HeapAlloc",
    "RtlPcToFileHeader",
    "IsValidCodePage",
    "GetACP",
    "GetOEMCP",
    "GetCPInfo",
    "GetStringTypeW",
    "HeapReAlloc",
    "EnterCriticalSection",
    "LeaveCriticalSection",
    "RtlCaptureContext",
    "RtlLookupFunctionEntry",
    "RtlVirtualUnwind",
    "UnhandledExceptionFilter",
    "FlsAlloc",
    "FlsGetValue",
    "FlsSetValue",
    "FlsFree",
    "GetCurrentProcess",
    "TerminateProcess",
    "FreeLibrary",
    "LoadLibraryExW",
    "OutputDebugStringW",
    "LoadLibraryW",
    "LCMapStringEx",
    "GetConsoleCP",
    "GetConsoleMode",
    "SetFilePointerEx",
    "SetStdHandle",
    "WriteConsoleW",
    "FlushFileBuffers",
    "InitializeCriticalSectionEx",
    "HeapDestroy",
    "FindFirstFileW",
    "InitializeCriticalSection",
    "FindClose",
    "FormatMessageA",
    "FormatMessageW",
    "WriteConsoleA",
    "GetConsoleScreenBufferInfo",
    "GetDriveTypeW",
    "GetFileAttributesW",
    "LoadLibraryA",
    "GetSystemInfo",
    "QueryPerformanceFrequency",
    "GetFileSize",
    "ReadFile",
    "MapViewOfFile",
    "UnmapViewOfFile",
    "VirtualUnlock",
    "VirtualAlloc",
    "CreateFileMappingA",
    "VirtualLock",
    "OpenFileMappingA",
    "PeekNamedPipe",
    "CreatePipe",
    "lstrlenW",
    "SetEvent",
    "CreateEventA",
    "ResetEvent",
    "FindFirstFileA",
    "GetModuleFileNameA",
    "GetUserDefaultUILanguage",
    "CreateProcessW",
    "WaitForMultipleObjects",
    "DuplicateHandle",
    "WriteProcessMemory",
    "SetErrorMessageModule",
    "GetErrorMessageModule",
    "CoInitializeEx",
    "CoCreateInstance",
    "CLSIDFromString",
    "CoInitialize",
    "CoUninitialize",
    "SysFreeString",
    "SysAllocStringLen",
    "SysAllocString",
    "GetModuleBaseNameW",
    "SetupDiGetClassRegistryPropertyA",
    "SetupDiSetClassRegistryPropertyA",
    "PathAddBackslashW",
    "PathAppendW",
    "SHCreateStreamOnFileW",
    "PathRemoveFileSpecW",
    "PdhLookupPerfNameByIndexW",
    "CreateXmlReader"
  ],
  "signatures_ttp": {},
  "signatures_full": [
    {
      "name": "has_pdb",
      "description": "This executable has a PDB path",
      "severity": 1,
      "ttp": {},
      "markcount": 1,
      "marks": [
        {
          "category": "pdb_path",
          "ioc": "VSPerfCmd.pdb",
          "type": "ioc",
          "description": null
        }
      ]
    }
  ],
  "processes": [
    {
      "name": "lsass.exe",
      "path": "C:\\Windows\\System32\\lsass.exe",
      "pid": 484,
      "cmdline": "C:\\Windows\\system32\\lsass.exe",
      "modules": [
        "lsass.exe",
        "ntdll.dll",
        "kernel32.dll",
        "KERNELBASE.dll",
        "msvcrt.dll",
        "RPCRT4.dll",
        "SspiSrv.dll",
        "lsasrv.dll",
        "sechost.dll",
        "SspiCli.dll",
        "ADVAPI32.dll",
        "USER32.dll",
        "GDI32.dll",
        "LPK.dll",
        "USP10.dll",
        "SAMSRV.dll",
        "cryptdll.dll",
        "MSASN1.dll",
        "wevtapi.dll",
        "IMM32.DLL",
        "MSCTF.dll",
        "cngaudit.dll",
        "AUTHZ.dll",
        "ncrypt.dll",
        "bcrypt.dll",
        "msprivs.DLL",
        "netjoin.dll",
        "negoexts.DLL",
        "Secur32.dll",
        "cryptbase.dll",
        "kerberos.DLL",
        "CRYPTSP.dll",
        "WS2_32.dll",
        "NSI.dll",
        "mswsock.dll",
        "wship6.dll",
        "msv1_0.DLL",
        "netlogon.DLL",
        "DNSAPI.dll",
        "logoncli.dll",
        "schannel.DLL",
        "CRYPT32.dll",
        "wdigest.DLL",
        "rsaenh.dll",
        "tspkg.DLL",
        "pku2u.DLL",
        "bcryptprimitives.dll",
        "RpcRtRemote.dll",
        "efslsaext.dll",
        "WINSTA.dll",
        "scecli.DLL",
        "credssp.dll",
        "IPHLPAPI.DLL",
        "WINNSI.DLL",
        "netutils.dll",
        "USERENV.dll",
        "profapi.dll",
        "wshtcpip.dll",
        "monitor-x64.dll"
      ]
    }
  ]
}