{
  "behavior_summary": {
    "file_created": [],
    "file_deleted": [],
    "file_read": [],
    "file_recreated": [],
    "file_exists": [],
    "file_opened": [],
    "regkey_opened": [],
    "regkey_read": [],
    "regkey_written": [],
    "dll_loaded": [],
    "executed_commands": [],
    "directory_created": [],
    "mutex": [],
    "processes_created": [],
    "resolves_host": []
  },
  "dropped_files": [],
  "api_statistics": {},
  "api_call_sequence": [],
  "network": {
    "http": [
      {
        "count": 1,
        "body": "",
        "uri": "http://www.msftncsi.com/ncsi.txt",
        "user-agent": "Microsoft NCSI",
        "method": "GET",
        "host": "www.msftncsi.com",
        "version": "1.1",
        "path": "/ncsi.txt",
        "data": "GET /ncsi.txt HTTP/1.1\r\nConnection: Close\r\nUser-Agent: Microsoft NCSI\r\nHost: www.msftncsi.com\r\n\r\n",
        "port": 80
      }
    ],
    "tcp": [
      {
        "src": "192.168.56.101",
        "dst": "113.171.230.17",
        "offset": 1468,
        "time": 2.810292959213257,
        "dport": 80,
        "sport": 49160
      }
    ],
    "udp": [
      {
        "src": "192.168.56.101",
        "dst": "192.168.56.255",
        "offset": 2164,
        "time": 3.0794827938079834,
        "dport": 137,
        "sport": 137
      },
      {
        "src": "192.168.56.101",
        "dst": "224.0.0.252",
        "offset": 6536,
        "time": 1.0566778182983398,
        "dport": 5355,
        "sport": 50233
      },
      {
        "src": "192.168.56.101",
        "dst": "224.0.0.252",
        "offset": 6856,
        "time": 1.7423489093780518,
        "dport": 5355,
        "sport": 52790
      },
      {
        "src": "192.168.56.101",
        "dst": "224.0.0.252",
        "offset": 7184,
        "time": 0.06316494941711426,
        "dport": 5355,
        "sport": 53526
      },
      {
        "src": "192.168.56.101",
        "dst": "224.0.0.252",
        "offset": 7512,
        "time": 3.010133981704712,
        "dport": 5355,
        "sport": 58709
      },
      {
        "src": "192.168.56.101",
        "dst": "224.0.0.252",
        "offset": 7840,
        "time": 3.010446786880493,
        "dport": 5355,
        "sport": 59798
      },
      {
        "src": "192.168.56.101",
        "dst": "224.0.0.252",
        "offset": 8160,
        "time": 2.4303689002990723,
        "dport": 5355,
        "sport": 62139
      },
      {
        "src": "192.168.56.101",
        "dst": "8.8.8.8",
        "offset": 8480,
        "time": 2.076335906982422,
        "dport": 53,
        "sport": 54506
      },
      {
        "src": "192.168.56.101",
        "dst": "8.8.8.8",
        "offset": 8692,
        "time": 2.042292833328247,
        "dport": 53,
        "sport": 55116
      },
      {
        "src": "192.168.56.101",
        "dst": "8.8.8.8",
        "offset": 8892,
        "time": 3.0096077919006348,
        "dport": 53,
        "sport": 64762
      },
      {
        "src": "192.168.56.101",
        "dst": "8.8.8.8",
        "offset": 9167,
        "time": 2.7520089149475098,
        "dport": 53,
        "sport": 65068
      }
    ],
    "dns": [
      {
        "type": "A",
        "request": "www.msftncsi.com",
        "answers": [
          {
            "data": "113.171.230.17",
            "type": "A"
          },
          {
            "data": "www.msftncsi.com.edgesuite.net",
            "type": "CNAME"
          },
          {
            "data": "a1961.g2.akamai.net",
            "type": "CNAME"
          }
        ]
      },
      {
        "type": "A",
        "request": "dns.msftncsi.com",
        "answers": [
          {
            "data": "131.107.255.255",
            "type": "A"
          }
        ]
      },
      {
        "type": "AAAA",
        "request": "dns.msftncsi.com",
        "answers": [
          {
            "data": "fd3e:4f5a:5b81::1",
            "type": "AAAA"
          }
        ]
      },
      {
        "type": "A",
        "request": "teredo.ipv6.microsoft.com",
        "answers": []
      }
    ],
    "hosts": [
      "113.171.230.17",
      "8.8.8.8"
    ],
    "icmp": [],
    "smtp": []
  },
  "static_imports": [
    "MulDiv",
    "GetModuleFileNameW",
    "InterlockedIncrement",
    "InterlockedDecrement",
    "GlobalUnlock",
    "GlobalLock",
    "GlobalFree",
    "GlobalHandle",
    "LockResource",
    "LoadResource",
    "GetVersion",
    "GetModuleHandleW",
    "OutputDebugStringW",
    "lstrcmpW",
    "InterlockedCompareExchange",
    "GetStartupInfoW",
    "TerminateProcess",
    "UnhandledExceptionFilter",
    "SetUnhandledExceptionFilter",
    "IsDebuggerPresent",
    "QueryPerformanceCounter",
    "GetTickCount",
    "GetSystemTimeAsFileTime",
    "HeapFree",
    "GetProcessHeap",
    "HeapAlloc",
    "GetProcAddress",
    "LoadLibraryA",
    "IsProcessorFeaturePresent",
    "VirtualFree",
    "VirtualAlloc",
    "DeleteCriticalSection",
    "InitializeCriticalSection",
    "lstrlenW",
    "FindResourceW",
    "GlobalAlloc",
    "GetLastError",
    "SetLastError",
    "GetCurrentThreadId",
    "GetCurrentProcess",
    "FlushInstructionCache",
    "LeaveCriticalSection",
    "EnterCriticalSection",
    "RaiseException",
    "LocalFree",
    "SetCurrentDirectoryW",
    "GetCurrentProcessId",
    "GetCommandLineW",
    "OpenProcess",
    "CreateMutexW",
    "WaitForSingleObject",
    "ReleaseMutex",
    "Sleep",
    "CloseHandle",
    "InterlockedExchange",
    "CallWindowProcW",
    "SetWindowLongW",
    "GetWindowLongW",
    "PostQuitMessage",
    "IsWindowVisible",
    "SendMessageW",
    "LoadImageW",
    "GetSystemMetrics",
    "SetForegroundWindow",
    "ShowWindowAsync",
    "GetParent",
    "IsWindow",
    "GetForegroundWindow",
    "IsIconic",
    "GetWindowThreadProcessId",
    "SendMessageTimeoutW",
    "FindWindowExW",
    "SetWindowPos",
    "ShowWindow",
    "SetCursor",
    "DestroyWindow",
    "LoadCursorW",
    "MessageBeep",
    "DispatchMessageW",
    "TranslateMessage",
    "GetActiveWindow",
    "GetMessageW",
    "CopyRect",
    "EqualRect",
    "PostMessageW",
    "SetWindowTextW",
    "RedrawWindow",
    "ReplyMessage",
    "GetClassInfoExW",
    "RegisterClassExW",
    "CreateWindowExW",
    "SendNotifyMessageW",
    "FlashWindowEx",
    "CreateDialogIndirectParamW",
    "RegisterWindowMessageW",
    "GetIconInfo",
    "CreateAcceleratorTableW",
    "DestroyAcceleratorTable",
    "GetDesktopWindow",
    "BeginPaint",
    "EndPaint",
    "FillRect",
    "ReleaseCapture",
    "GetClassNameW",
    "GetDlgItem",
    "IsChild",
    "SetCapture",
    "InvalidateRgn",
    "ClientToScreen",
    "CharNextW",
    "GetSysColor",
    "GetDC",
    "DrawTextW",
    "ReleaseDC",
    "GetFocus",
    "GetWindowTextLengthW",
    "GetWindowTextW",
    "EnableMenuItem",
    "EndDialog",
    "GetWindow",
    "MonitorFromWindow",
    "MapWindowPoints",
    "SetFocus",
    "EnableWindow",
    "GetSystemMenu",
    "SetRect",
    "EnumDisplayMonitors",
    "MonitorFromRect",
    "GetMonitorInfoW",
    "ScreenToClient",
    "SystemParametersInfoW",
    "RegisterHotKey",
    "UnregisterHotKey",
    "DefWindowProcW",
    "InvalidateRect",
    "GetClientRect",
    "GetWindowRect",
    "MoveWindow",
    "IsRectEmpty",
    "MessageBoxW",
    "UnregisterClassA",
    "CreateSolidBrush",
    "GetObjectW",
    "GetTextExtentPoint32W",
    "GetDeviceCaps",
    "CreateFontIndirectW",
    "BitBlt",
    "CreateCompatibleDC",
    "CreateCompatibleBitmap",
    "DeleteDC",
    "DeleteObject",
    "GetTextMetricsW",
    "GetStockObject",
    "SelectObject",
    "InitCommonControlsEx",
    "RevokeDragDrop",
    "StringFromGUID2",
    "OleLockRunning",
    "CoGetClassObject",
    "CLSIDFromProgID",
    "CLSIDFromString",
    "CoCreateInstance",
    "CoTaskMemAlloc",
    "CreateStreamOnHGlobal",
    "OleInitialize",
    "OleUninitialize",
    "RegisterDragDrop",
    "LoadTypeLib",
    "LoadRegTypeLib",
    "OleCreateFontIndirect",
    "VariantClear",
    "VariantInit",
    "SysAllocStringLen",
    "SysStringLen",
    "SysFreeString",
    "SysAllocString",
    "CommandLineToArgvW",
    "_controlfp_s",
    "_invoke_watson",
    "?_type_info_dtor_internal_method@type_info@@QAEXXZ",
    "_crt_debugger_hook",
    "__set_app_type",
    "__p__fmode",
    "__p__commode",
    "_adjust_fdiv",
    "__setusermatherr",
    "_configthreadlocale",
    "_initterm_e",
    "_initterm",
    "_wcmdln",
    "exit",
    "_XcptFilter",
    "_exit",
    "_cexit",
    "__wgetmainargs",
    "_amsg_exit",
    "_except_handler4_common",
    "_decode_pointer",
    "_onexit",
    "_lock",
    "_encode_pointer",
    "__dllonexit",
    "_unlock",
    "?terminate@@YAXXZ",
    "ceil",
    "_snwprintf",
    "_wcsupr_s",
    "_wcsicmp",
    "??_U@YAPAXI@Z",
    "_wcsdup",
    "malloc",
    "memcpy_s",
    "__RTDynamicCast",
    "memset",
    "_recalloc",
    "swprintf_s",
    "setvbuf",
    "__wargv",
    "__argc",
    "__iob_func",
    "fflush",
    "free",
    "??_V@YAXPAX@Z",
    "atoi",
    "memmove_s",
    "??8type_info@@QBE_NABV0@@Z",
    "??2@YAPAXI@Z",
    "_invalid_parameter_noinfo",
    "??0exception@std@@QAE@ABV01@@Z",
    "_CxxThrowException",
    "_purecall",
    "??0exception@std@@QAE@XZ",
    "?what@exception@std@@UBEPBDXZ",
    "??0exception@std@@QAE@ABQBD@Z",
    "??1exception@std@@UAE@XZ",
    "__CxxFrameHandler3",
    "??3@YAXPAX@Z",
    "?deallocate@?$allocator@_W@std@@QAEXPA_WI@Z",
    "?allocate@?$allocator@_W@std@@QAEPA_WI@Z",
    "??0?$allocator@D@std@@QAE@XZ",
    "??0?$allocator@D@std@@QAE@ABV01@@Z",
    "?deallocate@?$allocator@D@std@@QAEXPADI@Z",
    "?allocate@?$allocator@D@std@@QAEPADI@Z",
    "?max_size@?$allocator@D@std@@QBEIXZ",
    "??0?$basic_string@DU?$char_traits@D@std@@V?$allocator@D@2@@std@@QAE@PBD@Z",
    "?c_str@?$basic_string@DU?$char_traits@D@std@@V?$allocator@D@2@@std@@QBEPBDXZ",
    "??0?$basic_string@DU?$char_traits@D@std@@V?$allocator@D@2@@std@@QAE@ABV01@@Z",
    "??1?$basic_string@DU?$char_traits@D@std@@V?$allocator@D@2@@std@@QAE@XZ",
    "?add_destroy_notify_callback@slot_base@sigc@@QBEXPAXP6APAX0@Z@Z",
    "?notify@connection@sigc@@SAPAXPAX@Z",
    "??1signal_exec@internal@sigc@@QAE@XZ",
    "??0signal_exec@internal@sigc@@QAE@PBUsignal_impl@12@@Z",
    "?notify_callbacks@trackable@sigc@@QAEXXZ",
    "??0slot_do_unbind@internal@sigc@@QAE@PAUslot_rep@12@@Z",
    "??1slot_rep@internal@sigc@@QAE@XZ",
    "??0slot_do_bind@internal@sigc@@QAE@PAUslot_rep@12@@Z",
    "??0slot_rep@internal@sigc@@QAE@P6APAXPAX@Z11@Z",
    "??0slot_base@sigc@@QAE@PAUslot_rep@internal@1@@Z",
    "??4slot_base@sigc@@QAEAAV01@ABV01@@Z",
    "?connected@connection@sigc@@QBE_NXZ",
    "?unblock@slot_base@sigc@@QAE_NXZ",
    "??Bslot_base@sigc@@QBE_NXZ",
    "??1signal_base@sigc@@QAE@XZ",
    "??0signal_base@sigc@@QAE@XZ",
    "?clear@signal_base@sigc@@QAEXXZ",
    "?empty@signal_base@sigc@@QBE_NXZ",
    "??1connection@sigc@@QAE@XZ",
    "??0connection@sigc@@QAE@XZ",
    "?empty@slot_base@sigc@@QBE_NXZ",
    "?blocked@slot_base@sigc@@QBE_NXZ",
    "??1slot_base@sigc@@QAE@XZ",
    "?disconnect@connection@sigc@@QAEXXZ",
    "?add_destroy_notify_callback@trackable@sigc@@QBEXPAXP6APAX0@Z@Z",
    "?connect@signal_base@sigc@@IAE?AV?$_Iterator@$00@?$list@Vslot_base@sigc@@V?$allocator@Vslot_base@sigc@@@std@@@std@@ABVslot_base@2@@Z",
    "??0slot_base@sigc@@QAE@ABV01@@Z",
    "??Rslot_do_unbind@internal@sigc@@QBEXPBUtrackable@2@@Z",
    "??Rslot_do_bind@internal@sigc@@QBEXPBUtrackable@2@@Z",
    "??2slot_rep@internal@sigc@@SAPAXI@Z",
    "??3slot_rep@internal@sigc@@SAXPAX@Z",
    "??4connection@sigc@@QAEAAU01@ABU01@@Z",
    "?remove_destroy_notify_callback@trackable@sigc@@QBEXPAX@Z",
    "??0trackable@sigc@@QAE@XZ",
    "?block@slot_base@sigc@@QAE_N_N@Z",
    "??0slot_base@sigc@@QAE@XZ",
    "??1trackable@sigc@@QAE@XZ",
    "??0connection@sigc@@QAE@ABU01@@Z",
    "?VMAppUtil_SetResourceModule@@YAXPAUHINSTANCE__@@@Z",
    "?VMAppUtil_GetResourceModule@@YAPAUHINSTANCE__@@XZ",
    "VMDBCOM_Exit",
    "VMDBCOM_Init",
    "Dict_SetLong",
    "Log_Exit",
    "Dictionary_Create",
    "Util_GetOpt",
    "Warning",
    "AsyncSocket_Init",
    "CoreDump_SetUnhandledExceptionFilter",
    "SSL_Init",
    "Poll_InitDefaultEx",
    "Preference_Init",
    "W32Util_InitStdioConsole",
    "ProductState_SetConfigName",
    "ProductState_Set",
    "KeyboardMapping_Init",
    "VThread_Init",
    "Unicode_InitW",
    "Panic",
    "W32Util_EnableSafePathSearching",
    "Crypto_ClearEncryptedPassword",
    "Crypto_EncryptPassword",
    "StrUtil_StrToInt",
    "Unicode_AllocList",
    "Crypto_InitializeEncryptedPassword",
    "VixHost_Disconnect",
    "VMClient_FreeVMClient",
    "VixJob_Wait",
    "Log_CfgInterface",
    "VMClient_GetVMHS",
    "VMClient_SetVmxArgv",
    "VMClient_AllocVMClient",
    "Vmdb_SetSynchronicity",
    "Vmdb_ReleaseDb",
    "Vmdb_AllocDb",
    "VmdbPoll_AllocOnPollEx",
    "Preference_GetLong",
    "LogV",
    "Preference_GetBool",
    "Dict_SetBool",
    "KeyboardMapping_VKeyToVScan",
    "Dict_GetString",
    "Dict_GetBool",
    "optarg",
    "optind",
    "optopt",
    "File_Exists",
    "VThreadBase_CurID",
    "ProductState_GetCompilationOption",
    "ProductState_GetBuildNumberString",
    "ProductState_GetVersion",
    "ProductState_GetName",
    "Log_SetProductInfo",
    "Log_InitWithFileInt",
    "Log",
    "Log_GetOutputFileName",
    "Msg_SetLocale",
    "Posix_Printf",
    "Preference_GetString",
    "VixHost_ConnectEx",
    "Locale_GetUserLanguage",
    "Dict_SetString",
    "Dictionary_Free",
    "?SendGrabRequest@MKS@cui@@QAEXH_NV?$slot@X_NABVError@cui@@Unil@sigc@@U34@U34@U34@U34@@sigc@@V?$slot@XUnil@sigc@@U12@U12@U12@U12@U12@U12@@4@@Z",
    "?MakeWarningAbortSlot@cui@@YA?AV?$slot@X_NABVError@cui@@Unil@sigc@@U34@U34@U34@U34@@sigc@@ABVstring@utf@@V23@@Z",
    "??1LocalizedString@cui@@QAE@XZ",
    "??1SensitiveString@cui@@QAE@XZ",
    "??0LocalizedString@cui@@QAE@PBD@Z",
    "??0SensitiveString@cui@@QAE@XZ",
    "?GetPrefs@cui@@YAAAVPrefs@1@XZ",
    "?HasPrefs@cui@@YA_NXZ",
    "??1Info@license@cui@@QAE@XZ",
    "??4Info@license@cui@@QAEAAU012@ABU012@@Z",
    "?GetLicenseInfoForProduct@license@cui@@YA_NW4Product@12@AAUInfo@12@@Z",
    "??0Info@license@cui@@QAE@XZ",
    "?GetCanonicalPath@cui@@YA?AVstring@utf@@ABV23@@Z",
    "?Format@cui@@YA?AVstring@utf@@PBDZZ",
    "??4LocalizedString@cui@@QAEAAV01@ABV01@@Z",
    "?ParseVMRCURL@cui@@YA_NABVstring@utf@@PAUVMRCURLInfo@1@@Z",
    "?IsVMRCURL@cui@@YA_NABVstring@utf@@@Z",
    "??4SensitiveString@cui@@QAEAAV01@ABV01@@Z",
    "??0SensitiveString@cui@@QAE@PBD@Z",
    "?c_str@LocalizedString@cui@@QBEPBDXZ",
    "?GetLocalString@cui@@YA?AVstring@utf@@PBD@Z",
    "?empty@LocalizedString@cui@@QBE_NXZ",
    "?GetCurrentLicenseInfo@license@cui@@3V?$slot@_NAAUInfo@license@cui@@Unil@sigc@@U45@U45@U45@U45@U45@@sigc@@A",
    "??1DestroyNotifier@cui@@MAE@XZ",
    "?c_str@SensitiveString@cui@@QBEPBDXZ",
    "?bytes@SensitiveString@cui@@QBEIXZ",
    "??_DCapability@cui@@QAEXXZ",
    "??1Capability@cui@@UAE@XZ",
    "?empty@SensitiveString@cui@@QBE_NXZ",
    "??0SensitiveString@cui@@QAE@ABV01@@Z",
    "??1VMID@cui@@QAE@XZ",
    "?DisconnectAndDestroy@Cnx@cui@@AAEX_N@Z",
    "?unreference@?$RefCountedBase@VRefCounted@cui@@@cui@@IBEXXZ",
    "??0VMID@cui@@QAE@ABV01@@Z",
    "?HasPendingVM@VMMgr@cui@@QBE_NXZ",
    "?CloseVM@VMMgr@cui@@QAEXPAVVM@2@V?$slot@XUnil@sigc@@U12@U12@U12@U12@U12@U12@@sigc@@V?$slot@X_NABVError@cui@@Unil@sigc@@U34@U34@U34@U34@@5@@Z",
    "?UnlockVM@VMMgr@cui@@QAE_NABVVMID@2@ABVSensitiveString@2@@Z",
    "??1OpenVMError@cui@@UAE@XZ",
    "??0OpenVMError@cui@@QAE@ABVstring@utf@@@Z",
    "?GetFilename@VM@cui@@QBE?AVstring@utf@@XZ",
    "??B?$Property@UHotKey@cui@@@cui@@QBE?AUHotKey@1@XZ",
    "?SetPhonedHome@Prefs@cui@@QAEXXZ",
    "?SetPlayerType@DataCollection@cui@@QAEX_N0@Z",
    "?RecentlyPhonedHome@Prefs@cui@@QAE_NXZ",
    "??BCapability@cui@@QBE_NXZ",
    "??0Capability@cui@@QAE@PBD_NV?$optional@AAVSignal@cui@@@boost@@@Z",
    "?SetInitialState@Capability@cui@@QAEX_N@Z",
    "??1Ctx@vmdb@@QAE@XZ",
    "??4Ctx@vmdb@@QAEAAV01@ABV01@@Z",
    "??0Ctx@vmdb@@QAE@XZ",
    "?SetFeatures@cui@@YAXPAVFeatures@1@@Z",
    "??1Suppressible@cui@@UAE@XZ",
    "?OnHintReplied@cui@@YA?AW4RepliedAction@Dlg@1@PAVDlgHint@1@ABVstring@utf@@V?$slot@XUnil@sigc@@U12@U12@U12@U12@U12@U12@@sigc@@@Z",
    "??_7Suppressible@cui@@6B@",
    "?IsSuppressed@Suppressible@cui@@QBE_N_N@Z",
    "??0Suppressible@cui@@QAE@ABVstring@utf@@@Z",
    "??B?$Property@H@cui@@QBEHXZ",
    "?Bind@?$Property@H@cui@@QAE?AUconnection@sigc@@V?$slot@XABHUnil@sigc@@U12@U12@U12@U12@U12@@4@_N@Z",
    "?SetCertificateCheck@CnxMgr@cui@@QAEXPAVCertificateCheck@2@@Z",
    "?GetCnxMgr@cui@@YAAAVCnxMgr@1@XZ",
    "?SuppressAll@Suppressible@cui@@SAX_N@Z",
    "?SetVMMgr@cui@@YAXAAVVMMgr@1@@Z",
    "?SetDataCollection@cui@@YAXAAVDataCollection@1@@Z",
    "?SetSecurePrefs@cui@@YAXAAVSecurePrefs@1@@Z",
    "??0SecurePrefs@cui@@QAE@XZ",
    "?connect@DeferredSignal@cui@@QAE?AU?$slot_iterator@V?$slot@XUnil@sigc@@U12@U12@U12@U12@U12@U12@@sigc@@@sigc@@ABV?$slot@XUnil@sigc@@U12@U12@U12@U12@U12@U12@@4@@Z",
    "?SetPrefs@cui@@YAXAAVPrefs@1@@Z",
    "?Load@PrefsBase@cui@@QAEXXZ",
    "?SetHostMgr@cui@@YAXAAVHostMgr@1@@Z",
    "??0HostMgr@cui@@QAE@XZ",
    "?SetRpcMgr@rpc@vmdbLayout@@YAXAAVMgr@12@@Z",
    "??0Mgr@rpc@vmdbLayout@@QAE@ABVCtx@vmdb@@PAUIVmdbPoll@@@Z",
    "?SetFoundrySDK@foundry@@YAXH@Z",
    "??BCtx@vmdb@@QAEPAUVmdbCtx@@XZ",
    "?SetVmdbCtx@vmdb@@YAXAAVCtx@1@@Z",
    "?ScheduleCallback@cui@@3V?$slot@Uconnection@sigc@@V?$slot@XUnil@sigc@@U12@U12@U12@U12@U12@U12@@2@IUnil@2@U42@U42@U42@U42@@sigc@@A",
    "??0Context@vmdb@@QAE@PAUVmdbDb@@PAUIVmdbPoll@@PBD@Z",
    "?InitGVmomi@gvmomi@@YAXXZ",
    "?NewHostImpl@HostMgr@cui@@MAEPAVHost@2@ABUHostConstructParams@2@@Z",
    "?NewClientHost@HostMgr@cui@@MAEPAVLocalHost@2@ABUHostConstructParams@2@@Z",
    "?Clone@SecurePrefs@cui@@UBEPAV12@XZ",
    "?Save@PrefsBase@cui@@UAEX_N@Z",
    "?LoadPreferences@SecurePrefs@cui@@MAEXPAUDictionary@@@Z",
    "?SavePreferences@SecurePrefs@cui@@MAEXPAUDictionary@@@Z",
    "?SendData@DataCollection@cui@@UAEXV?$slot@X_NABVError@cui@@Unil@sigc@@U34@U34@U34@U34@@sigc@@V?$slot@XUnil@sigc@@U12@U12@U12@U12@U12@U12@@4@@Z",
    "?LogData@DataCollection@cui@@UAEXABVstring@utf@@0V34@@Z",
    "?Introspect@VMMgr@cui@@UAEPAV?$NodeTree@V?$shared_ptr@VIntrospector@introspection@cui@@@boost@@@Glib@@ABVstring@utf@@@Z",
    "?OpenVM@VMMgr@cui@@UAEXABVVMID@2@PAVDlgMgr@2@ABUOpenVMInteractions@2@V?$slot@X_NABVOpenVMError@cui@@Unil@sigc@@U34@U34@U34@U34@@sigc@@V?$slot@XPAVVM@cui@@_NUnil@sigc@@U34@U34@U34@U34@@7@@Z",
    "?OpenVM@VMMgr@cui@@UAEXABV?$WeakPtr@VCnx@cui@@@2@ABVstring@utf@@PAVDlgMgr@2@V?$slot@XPAVVM@cui@@_NUnil@sigc@@U34@U34@U34@U34@@sigc@@V?$slot@X_NABVOpenVMError@cui@@Unil@sigc@@U34@U34@U34@U34@@8@@Z",
    "?OpenVM@VMMgr@cui@@UAEXABV?$WeakPtr@VCnx@cui@@@2@ABVstring@utf@@1PAVDlgMgr@2@V?$slot@XPAVVM@cui@@_NUnil@sigc@@U34@U34@U34@U34@@sigc@@V?$slot@X_NABVOpenVMError@cui@@Unil@sigc@@U34@U34@U34@U34@@8@@Z",
    "?OpenVM@VMMgr@cui@@UAEXABVstring@utf@@PAVDlgMgr@2@ABUOpenVMInteractions@2@V?$slot@XPAVVM@cui@@_NUnil@sigc@@U34@U34@U34@U34@@sigc@@V?$slot@X_NABVOpenVMError@cui@@Unil@sigc@@U34@U34@U34@U34@@8@@Z",
    "??1Context@vmdb@@UAE@XZ",
    "??1Mgr@rpc@vmdbLayout@@UAE@XZ",
    "??1HostMgr@cui@@UAE@XZ",
    "??1SecurePrefs@cui@@UAE@XZ",
    "?SetIsPaused@VM@cui@@QAEX_NV?$slot@X_NABVError@cui@@Unil@sigc@@U34@U34@U34@U34@@sigc@@V?$slot@XUnil@sigc@@U12@U12@U12@U12@U12@U12@@4@@Z",
    "?GetIsPaused@VM@cui@@QBE_NXZ",
    "?LogVMData@DataCollection@cui@@QAEXABVstring@utf@@PBVVM@2@V34@@Z",
    "?GetString@VMID@cui@@QBEABVstring@utf@@XZ",
    "?connect@Signal@cui@@QAE?AUconnection@sigc@@ABV?$slot@XUnil@sigc@@U12@U12@U12@U12@U12@U12@@4@@Z",
    "??1OpenVMInteractions@cui@@QAE@XZ",
    "??0OpenVMInteractions@cui@@QAE@XZ",
    "?Retain@Cnx@cui@@QBE?AV?$RefPtr@VCnx@cui@@@Glib@@XZ",
    "?GetIsClientCnx@Cnx@cui@@QBE_NXZ",
    "?GetCnx@VMID@cui@@QBEABV?$WeakPtr@VCnx@cui@@@2@XZ",
    "?Connect@CnxMgr@cui@@QAEXABV?$RefPtr@VCnx@cui@@@Glib@@PAVDlgMgr@2@_N2V?$slot@X_NABVError@cui@@Unil@sigc@@U34@U34@U34@U34@@sigc@@V?$slot@XABV?$RefPtr@VCnx@cui@@@Glib@@_NUnil@sigc@@U34@U34@U34@U34@@7@@Z",
    "?SetCredentials@Cnx@cui@@QAEXABVstring@utf@@ABVSensitiveString@2@@Z",
    "?unreference@Cnx@cui@@IAEXXZ",
    "?FindVMByCfgPath@VMBackendVIM@cui@@SAXV?$WeakPtr@VCnx@cui@@@2@ABVstring@utf@@1V?$slot@X_NABVError@cui@@Unil@sigc@@U34@U34@U34@U34@@sigc@@V?$slot@XV?$RefPtr@VObject@Glib@@@Glib@@ABVstring@utf@@Unil@sigc@@U56@U56@U56@U56@@7@@Z",
    "?MakeAbortSlot@DlgMgr@cui@@QAE?AV?$slot@X_NABVError@cui@@Unil@sigc@@U34@U34@U34@U34@@sigc@@ABVstring@utf@@@Z",
    "?GetIsConnected@Cnx@cui@@QBE_NXZ",
    "?defaultDatacenter@cui@@3Vstring@utf@@B",
    "?NewCnx@CnxMgr@cui@@QAE?AV?$RefPtr@VCnx@cui@@@Glib@@ABVServerKey@2@W4CnxType@2@@Z",
    "??4VMID@cui@@QAEAAV01@ABV01@@Z",
    "??0VMID@cui@@QAE@ABV?$WeakPtr@VCnx@cui@@@1@ABVstring@utf@@@Z",
    "?GetClientCnx@CnxMgr@cui@@QBE?AV?$WeakPtr@VCnx@cui@@@2@XZ",
    "??0VMID@cui@@QAE@XZ",
    "??BLocalizedString@cui@@QBEABVstring@utf@@XZ",
    "?DisconnectAll@CnxMgr@cui@@QAEXV?$slot@X_NABVError@cui@@Unil@sigc@@U34@U34@U34@U34@@sigc@@V?$slot@XUnil@sigc@@U12@U12@U12@U12@U12@U12@@4@@Z",
    "??MVMID@cui@@QBE_NABV01@@Z",
    "?GetMKS@VM@cui@@QBEPAVMKS@2@XZ",
    "?FitGuest@VM@cui@@QAEXHHV?$slot@X_NABVError@cui@@Unil@sigc@@U34@U34@U34@U34@@sigc@@V?$slot@XUnil@sigc@@U12@U12@U12@U12@U12@U12@@4@@Z",
    "?GetSize@Rect@cui@@QBE?AUSize@2@XZ",
    "?ToString@Rect@cui@@QBE?AVstring@utf@@XZ",
    "??0Rect@cui@@QAE@ABUtagRECT@@@Z",
    "?SetHookedKeys@MKS@cui@@QAEXABV?$vector@UHotKey@cui@@V?$allocator@UHotKey@cui@@@std@@@std@@@Z",
    "??1PreferencePropertyBase@cui@@UAE@XZ",
    "??_7PreferencePropertyBase@cui@@6B@",
    "??0PreferencePropertyBase@cui@@QAE@XZ",
    "?CopyFrom@PrefsBase@cui@@QAEXABV12@@Z",
    "??4?$PreferenceProperty@H@cui@@QAEAAV01@ABH@Z",
    "?Suppress@HintsState@cui@@QAEXABVstring@utf@@@Z",
    "?EnableHint@HintsState@cui@@QAEXABVstring@utf@@@Z",
    "??1EnumPreferencePropertyBase@cui@@UAE@XZ",
    "??_7EnumPreferencePropertyBase@cui@@6B@",
    "?EnumToString@cui@@YAPBDPBUEnumMapping@1@H@Z",
    "??0EnumPreferencePropertyBase@cui@@QAE@XZ",
    "?StringToEnum@cui@@YAHPBUEnumMapping@1@PBD@Z",
    "??1Prefs@cui@@UAE@XZ",
    "??_DHotKeyPreference@cui@@QAEXXZ",
    "??_D?$PreferenceProperty@H@cui@@QAEXXZ",
    "?LoadPreferences@PrefsBase@cui@@MAEXPAUDictionary@@@Z",
    "?SavePreferences@PrefsBase@cui@@MAEXPAUDictionary@@@Z",
    "??1Dlg@cui@@UAE@XZ",
    "??0Dlg@cui@@QAE@XZ",
    "??0DestroyNotifier@cui@@IAE@XZ",
    "?Reply@Dlg@cui@@UAE?AW4RepliedAction@12@XZ",
    "??0?$PreferenceProperty@H@cui@@QAE@Vstring@utf@@ABHV?$slot@XUnil@sigc@@U12@U12@U12@U12@U12@U12@@sigc@@@Z",
    "??0HotKeyPreference@cui@@QAE@ABVstring@utf@@ABUHotKey@1@V?$slot@XUnil@sigc@@U12@U12@U12@U12@U12@U12@@sigc@@@Z",
    "??0Prefs@cui@@QAE@XZ",
    "?IsSuppressed@HintsState@cui@@QBE_NABVstring@utf@@_N@Z",
    "??0NullPointerError@cui@@QAE@ABV01@@Z",
    "??1NullPointerError@cui@@UAE@XZ",
    "??0Error@cui@@QAE@ABV01@@Z",
    "??1PropertyBase@cui@@QAE@XZ",
    "??0PropertyBase@cui@@QAE@XZ",
    "??0NullPointerError@cui@@QAE@XZ",
    "??0Point@cui@@QAE@HH@Z",
    "?GetPresent@MKS@cui@@QBE_NXZ",
    "?FromXYWH@Rect@cui@@SA?AV12@HHHH@Z",
    "?SetRenderedView@MKSScreenView@cui@@QAEXVRect@2@0V?$slot@X_NABVError@cui@@Unil@sigc@@U34@U34@U34@U34@@sigc@@V?$slot@XUnil@sigc@@U12@U12@U12@U12@U12@U12@@5@@Z",
    "??0Rect@cui@@QAE@UPoint@1@USize@1@@Z",
    "??MSize@cui@@QBE_NABU01@@Z",
    "?CalculateMaxFitViewSize@MKSScreenView@cui@@SA?AUSize@2@ABU32@0@Z",
    "?IsEmpty@Size@cui@@QBE_NXZ",
    "?GetMKSScreen@MKSScreenView@cui@@QBE?AV?$shared_ptr@VMKSScreen@cui@@@boost@@XZ",
    "??0Size@cui@@QAE@HH@Z",
    "?IsInitialized@MKSScreenView@cui@@QBE_NXZ",
    "?GetGrabState@MKS@cui@@QBE?AW4GrabState@12@XZ",
    "?SetRenderingAllowed@MKSScreenView@cui@@QAEX_N@Z",
    "??0Ctx@vmdb@@QAE@V?$RefPtr@VContext@vmdb@@@Glib@@@Z",
    "??0string@utf@@QAE@PBD@Z",
    "??0string@utf@@QAE@XZ",
    "??0string@utf@@QAE@ABV01@@Z",
    "??4string@utf@@QAEAAV01@V01@@Z",
    "?empty@string@utf@@QBE_NXZ",
    "?clear@string@utf@@QAEXXZ",
    "?c_str@string@utf@@QBEPBDXZ",
    "?trimRight@string@utf@@QBE?AV12@XZ",
    "?CopyAndFree@utf@@YA?AVstring@1@PADP6AXPAX@Z@Z",
    "??0string@utf@@QAE@PB_W@Z",
    "?CreateWithLength@utf@@YA?AVstring@1@PBXHW4StringEncoding@@@Z",
    "?substr@string@utf@@QBE?AV12@II@Z",
    "?rfind@string@utf@@QBEIII@Z",
    "?npos@string@utf@@2IB",
    "?w_str@string@utf@@QBEPB_WXZ",
    "?IntToStr@utf@@YA?AVstring@1@_J@Z",
    "??1string@utf@@QAE@XZ",
    "?SetDlgMgr@wui@@YAXPAVDlgMgr@1@@Z",
    "?SetTopParent@DlgMgr@wui@@QAEXPAUHWND__@@@Z",
    "??0DlgMgr@wui@@QAE@XZ",
    "?Succeeded@CInitGdiplus@wui@@QBE_NXZ",
    "?VmwSetCurrentProcessExplicitAppUserModelID@@YAJPB_W@Z",
    "?LogProcessElevation@util@wui@@YAXXZ",
    "?Init@threads@wui@@YAXXZ",
    "?CreateSingleton@PollThunk@util@wui@@SA?AV?$auto_ptr@VPollThunk@util@wui@@@std@@XZ",
    "?InitUtils@util@wui@@YAXXZ",
    "??0CInitGdiplus@wui@@QAE@_N@Z",
    "??1DlgMgr@wui@@UAE@XZ",
    "?ToString@cui@@YA?AVstring@utf@@ABUHotKey@1@@Z",
    "?IsWorkstationPresent@util@wui@@YA_NXZ",
    "?ReleaseHotKey@util@wui@@YAXABUHotKey@cui@@@Z",
    "?SchedulePeriodic@wui@@YA?AUconnection@sigc@@V?$slot@XUnil@sigc@@U12@U12@U12@U12@U12@U12@@3@I@Z",
    "??0CertificateCheck@wui@@QAE@XZ",
    "??0VMMgr@wui@@QAE@PAUVMHS@@@Z",
    "?GetTitle@DlgMgr@wui@@QBE?AVstring@utf@@XZ",
    "??0DataCollection@wui@@QAE@ABVstring@utf@@@Z",
    "?CollectPlatformData@DataCollection@wui@@MAEXAAUCustomerData@cui@@@Z",
    "?NewVM@VMMgr@wui@@MAEPAVVM@cui@@ABUVMConstructParams@4@@Z",
    "?ShowDialog@CertificateCheck@wui@@MAEXABV?$vector@Vstring@utf@@V?$allocator@Vstring@utf@@@std@@@std@@AAV?$vector@USSLCert@cui@@V?$allocator@USSLCert@cui@@@std@@@4@ABVstring@utf@@PAVDlgMgr@cui@@V?$slot@X_NUnil@sigc@@U12@U12@U12@U12@U12@@sigc@@V?$slot@XUnil@sigc@@U12@U12@U12@U12@U12@U12@@sigc@@@Z",
    "??1DataCollection@wui@@UAE@XZ",
    "??1VMMgr@wui@@UAE@XZ",
    "??1CertificateCheck@wui@@UAE@XZ",
    "?CreateInstance@Login@dialog@wui@@SAPAV123@XZ",
    "?GetVMByID@VMMgr@wui@@QBEPAVVM@2@ABVVMID@cui@@@Z",
    "?PowerOffVMs@VMMgr@wui@@QAEXW4Option@power@cui@@V?$slot@X_NABVError@cui@@Unil@sigc@@U34@U34@U34@U34@@sigc@@V?$slot@XUnil@sigc@@U12@U12@U12@U12@U12@U12@@7@@Z",
    "?GetTopOwnedWindow@DlgMgr@wui@@SAPAUHWND__@@PAU3@@Z",
    "?CloseVMs@VMMgr@wui@@QAEXABV?$list@PAVVM@cui@@V?$allocator@PAVVM@cui@@@std@@@std@@V?$slot@X_NABVError@cui@@Unil@sigc@@U34@U34@U34@U34@@sigc@@V?$slot@XUnil@sigc@@U12@U12@U12@U12@U12@U12@@6@@Z",
    "?SetTitle@DlgMgr@wui@@QAEXABVstring@utf@@@Z",
    "?IsServiceRunning@util@wui@@YA_NPB_W@Z",
    "?ForwardMessage@MKSScreenView@wui@@QAEXABUtagMSG@@@Z",
    "?HandleDialogMessage@DlgMgr@wui@@SA_NPAUtagMSG@@@Z",
    "?CreateInstance@ForegroundChanger@util@wui@@SAPAV123@PAVCWindow@ATL@@@Z",
    "?ShowThrobber@ConnectingNotification@view@wui@@QAEX_N@Z",
    "??1ConnectingNotification@view@wui@@UAE@XZ",
    "?appMinimized@wui@@3V?$Property@_N@cui@@A",
    "?GetDropTarget@DnD@dnd@wui@@SA?AV?$CComPtr@UIDropTarget@@@ATL@@PAUHWND__@@@Z",
    "?windowsSettingsChanged@wui@@3V?$signal@XUnil@sigc@@U12@U12@U12@U12@U12@U12@@sigc@@A",
    "?dpiChanged@wui@@3V?$signal@XIUtagRECT@@Unil@sigc@@U23@U23@U23@U23@@sigc@@A",
    "??0ConnectingNotification@view@wui@@QAE@KK@Z",
    "?Create@?$CWindowImpl@VConnectingNotification@view@wui@@VCWindowExport@3@V?$CWinTraits@$0FGAAAAAA@$0A@@ATL@@@ATL@@QAEPAUHWND__@@PAU3@V_U_RECT@2@PB_WKKV_U_MENUorID@2@PAX@Z",
    "?GetDnD@VM@wui@@QAEPAVDnD@dnd@2@XZ",
    "?GetCopyPaste@VM@wui@@QAEPAVCopyPaste@dnd@2@XZ",
    "?UnRegister@DlgMgr@wui@@QAEXPAUHWND__@@@Z",
    "?IsBasicKey@InputHotKey@dialog@wui@@SA_NABUHotKey@cui@@@Z",
    "??1Dlg@wui@@UAE@XZ",
    "??0Dlg@wui@@QAE@XZ",
    "?InternalWindowMessage@wui@@YAIPBD@Z",
    "?EnableAllControls@util@wui@@YAXPAUHWND__@@_N@Z",
    "?GetActiveParent@DlgMgr@wui@@QAEPAUHWND__@@_N@Z",
    "?GetInstance@resource@wui@@YAPAUHINSTANCE__@@XZ",
    "?PopulateCombo@util@wui@@YAXPAUHWND__@@ABV?$vector@Vstring@utf@@V?$allocator@Vstring@utf@@@std@@@std@@H@Z",
    "?GetDisplayTitle@DlgMgr@wui@@QBE?AVstring@utf@@ABV34@@Z",
    "?GetWindowTextAsStr@util@wui@@YA?AVstring@utf@@PAUHWND__@@@Z",
    "?Register@DlgMgr@wui@@QAEXPAUHWND__@@V?$slot@HPAUtagMSG@@Unil@sigc@@U23@U23@U23@U23@U23@@sigc@@_N@Z",
    "?GetTopParent@DlgMgr@wui@@QBEPAUHWND__@@XZ",
    "?CreateInstance@InputHotKey@dialog@wui@@SAPAV123@ABVstring@utf@@0@Z",
    "?Revoke@DnD@dnd@wui@@QAEXXZ",
    "?WaitForDialogs@DlgMgr@wui@@QAEXXZ",
    "??1CInitGdiplus@wui@@QAE@XZ",
    "?GenericExceptionHandler@wui@@YAXXZ",
    "?GetCurrentDir@util@wui@@YA?AVstring@utf@@XZ",
    "?SetInstance@resource@wui@@YAXPAUHINSTANCE__@@@Z",
    "?LoadLanguageDLL@util@wui@@YAPAUHINSTANCE__@@ABVstring@utf@@0PAU3@@Z",
    "?InitDALGlobals@util@wui@@YA?AV?$shared_ptr@UGlobals@dal@@@boost@@XZ",
    "?CreateInstance@DlgInfo@wui@@SAPAV12@ABVstring@utf@@0@Z",
    "?CreateInstance@DlgError@wui@@SAPAV12@ABVstring@utf@@0@Z",
    "?GetDlgMgr@wui@@YAPAVDlgMgr@1@XZ",
    "?Initialize@MKSScreenView@wui@@QAEXV?$shared_ptr@VMKSScreen@cui@@@boost@@PAUHWND__@@H@Z",
    "??_7TrackableWindow@wui@@6B@",
    "??1TrackableWindow@wui@@MAE@XZ",
    "?UpdateRemoteClipboard@CopyPaste@dnd@wui@@QAE_NXZ",
    "?UpdateLocalClipboard@CopyPaste@dnd@wui@@QAEXXZ",
    "?SourceSetActive@DnD@dnd@wui@@QAEX_N@Z",
    "?GetMKSWindow@MKSScreenView@wui@@QBEPAUHWND__@@XZ",
    "?SuspendVMs@VMMgr@wui@@QAEXW4Option@power@cui@@V?$slot@X_NABVError@cui@@Unil@sigc@@U34@U34@U34@U34@@sigc@@V?$slot@XUnil@sigc@@U12@U12@U12@U12@U12@U12@@7@@Z",
    "?SetActive@DnD@dnd@wui@@QAE_NPAUHWND__@@_N1@Z"
  ],
  "signatures_ttp": {
    "T1045": "Software Packing"
  },
  "signatures_full": [
    {
      "name": "has_pdb",
      "description": "This executable has a PDB path",
      "severity": 1,
      "ttp": {},
      "markcount": 1,
      "marks": [
        {
          "category": "pdb_path",
          "ioc": "D:\\build\\ob\\bora-2985596\\bora\\build\\build\\vmware-kvm\\release\\win32\\vmware-kvm.pdb",
          "type": "ioc",
          "description": null
        }
      ]
    },
    {
      "name": "packer_entropy",
      "description": "The binary likely contains encrypted or compressed data indicative of a packer",
      "severity": 2,
      "ttp": {
        "T1045": {
          "short": "Software Packing",
          "long": "Software packing is a method of compressing or encrypting an executable. Packing an executable changes the file signature in an attempt to avoid signature-based detection. Most decompression techniques decompress the executable code in memory."
        }
      },
      "markcount": 1,
      "marks": [
        {
          "entropy": 7.715010365977816,
          "section": {
            "size_of_data": "0x0001a000",
            "virtual_address": "0x00077000",
            "entropy": 7.715010365977816,
            "name": ".rsrc",
            "virtual_size": "0x00019ee0"
          },
          "type": "generic",
          "description": "A section with a high entropy has been found"
        }
      ]
    }
  ],
  "processes": [
    {
      "name": "lsass.exe",
      "path": "C:\\Windows\\System32\\lsass.exe",
      "pid": 484,
      "cmdline": "C:\\Windows\\system32\\lsass.exe",
      "modules": [
        "lsass.exe",
        "ntdll.dll",
        "kernel32.dll",
        "KERNELBASE.dll",
        "msvcrt.dll",
        "RPCRT4.dll",
        "SspiSrv.dll",
        "lsasrv.dll",
        "sechost.dll",
        "SspiCli.dll",
        "ADVAPI32.dll",
        "USER32.dll",
        "GDI32.dll",
        "LPK.dll",
        "USP10.dll",
        "SAMSRV.dll",
        "cryptdll.dll",
        "MSASN1.dll",
        "wevtapi.dll",
        "IMM32.DLL",
        "MSCTF.dll",
        "cngaudit.dll",
        "AUTHZ.dll",
        "ncrypt.dll",
        "bcrypt.dll",
        "msprivs.DLL",
        "netjoin.dll",
        "negoexts.DLL",
        "Secur32.dll",
        "cryptbase.dll",
        "kerberos.DLL",
        "CRYPTSP.dll",
        "WS2_32.dll",
        "NSI.dll",
        "mswsock.dll",
        "wship6.dll",
        "msv1_0.DLL",
        "netlogon.DLL",
        "DNSAPI.dll",
        "logoncli.dll",
        "schannel.DLL",
        "CRYPT32.dll",
        "wdigest.DLL",
        "rsaenh.dll",
        "tspkg.DLL",
        "pku2u.DLL",
        "bcryptprimitives.dll",
        "RpcRtRemote.dll",
        "efslsaext.dll",
        "WINSTA.dll",
        "scecli.DLL",
        "credssp.dll",
        "IPHLPAPI.DLL",
        "WINNSI.DLL",
        "netutils.dll",
        "USERENV.dll",
        "profapi.dll",
        "wshtcpip.dll",
        "monitor-x64.dll"
      ]
    }
  ]
}