{
  "behavior_summary": {
    "file_created": [],
    "file_deleted": [],
    "file_read": [],
    "file_recreated": [],
    "file_exists": [],
    "file_opened": [],
    "regkey_opened": [
      "HKEY_CURRENT_USER\\Software\\Pegasus Mail\\command"
    ],
    "regkey_read": [
      "HKEY_LOCAL_MACHINE\\SOFTWARE\\Microsoft\\Windows NT\\CurrentVersion\\GRE_Initialize\\DisableMetaFiles",
      "HKEY_LOCAL_MACHINE\\SYSTEM\\ControlSet001\\Control\\Nls\\CustomLocale\\en-US",
      "HKEY_LOCAL_MACHINE\\SYSTEM\\ControlSet001\\Control\\Nls\\ExtendedLocale\\en-US"
    ],
    "regkey_written": [],
    "dll_loaded": [
      "C:\\Windows\\system32\\uxtheme.dll"
    ],
    "executed_commands": [],
    "directory_created": [],
    "mutex": [],
    "processes_created": [],
    "resolves_host": []
  },
  "dropped_files": [],
  "api_statistics": {
    "2272": {
      "NtQueryValueKey": 3,
      "LdrUnloadDll": 2,
      "GetSystemMetrics": 3,
      "CoUninitialize": 1,
      "GlobalMemoryStatus": 1,
      "NtClose": 17,
      "MessageBoxTimeoutA": 1,
      "GetTimeZoneInformation": 2,
      "NtOpenKey": 5,
      "LdrGetProcedureAddress": 4,
      "EnumWindows": 1,
      "RegOpenKeyExA": 2,
      "IsDebuggerPresent": 1,
      "NtMapViewOfSection": 1,
      "GetFileType": 3,
      "NtAllocateVirtualMemory": 22,
      "LdrLoadDll": 1,
      "NtTerminateProcess": 3,
      "LdrGetDllHandle": 2,
      "NtFreeVirtualMemory": 1
    }
  },
  "api_call_sequence": [
    {
      "time": 1746151308.54675,
      "api": "LdrGetDllHandle",
      "pid": 2272,
      "arguments": {
        "module_name": "kernel32.dll",
        "stack_pivoted": 0,
        "module_address": "0x77820000"
      },
      "category": "system"
    },
    {
      "time": 1746151308.54675,
      "api": "LdrGetProcedureAddress",
      "pid": 2272,
      "arguments": {
        "ordinal": 0,
        "module": "kernel32",
        "module_address": "0x77820000",
        "function_address": "0x77831222",
        "function_name": "GetProcAddress"
      },
      "category": "system"
    },
    {
      "time": 1746151308.54675,
      "api": "LdrGetProcedureAddress",
      "pid": 2272,
      "arguments": {
        "ordinal": 0,
        "module": "kernel32",
        "module_address": "0x77820000",
        "function_address": "0x0040e33c",
        "function_name": "Borland32"
      },
      "category": "system"
    },
    {
      "time": 1746151308.54675,
      "api": "GlobalMemoryStatus",
      "pid": 2272,
      "arguments": {},
      "category": "system"
    },
    {
      "time": 1746151308.54675,
      "api": "NtAllocateVirtualMemory",
      "pid": 2272,
      "arguments": {
        "process_identifier": 2272,
        "region_size": 4194304,
        "stack_dep_bypass": 0,
        "stack_pivoted": 0,
        "heap_dep_bypass": 0,
        "protection": 1,
        "process_handle": "0xffffffff",
        "allocation_type": 8192,
        "base_address": "0x01ca0000"
      },
      "category": "process"
    },
    {
      "time": 1746151308.54675,
      "api": "NtAllocateVirtualMemory",
      "pid": 2272,
      "arguments": {
        "process_identifier": 2272,
        "region_size": 4096,
        "stack_dep_bypass": 0,
        "stack_pivoted": 0,
        "heap_dep_bypass": 0,
        "protection": 4,
        "process_handle": "0xffffffff",
        "allocation_type": 4096,
        "base_address": "0x01ca0000"
      },
      "category": "process"
    },
    {
      "time": 1746151308.54675,
      "api": "NtAllocateVirtualMemory",
      "pid": 2272,
      "arguments": {
        "process_identifier": 2272,
        "region_size": 4096,
        "stack_dep_bypass": 0,
        "stack_pivoted": 0,
        "heap_dep_bypass": 0,
        "protection": 4,
        "process_handle": "0xffffffff",
        "allocation_type": 4096,
        "base_address": "0x01ca1000"
      },
      "category": "process"
    },
    {
      "time": 1746151308.54675,
      "api": "NtAllocateVirtualMemory",
      "pid": 2272,
      "arguments": {
        "process_identifier": 2272,
        "region_size": 4096,
        "stack_dep_bypass": 0,
        "stack_pivoted": 0,
        "heap_dep_bypass": 0,
        "protection": 4,
        "process_handle": "0xffffffff",
        "allocation_type": 4096,
        "base_address": "0x01ca2000"
      },
      "category": "process"
    },
    {
      "time": 1746151308.54675,
      "api": "NtAllocateVirtualMemory",
      "pid": 2272,
      "arguments": {
        "process_identifier": 2272,
        "region_size": 4096,
        "stack_dep_bypass": 0,
        "stack_pivoted": 0,
        "heap_dep_bypass": 0,
        "protection": 4,
        "process_handle": "0xffffffff",
        "allocation_type": 4096,
        "base_address": "0x01ca3000"
      },
      "category": "process"
    },
    {
      "time": 1746151308.54675,
      "api": "NtAllocateVirtualMemory",
      "pid": 2272,
      "arguments": {
        "process_identifier": 2272,
        "region_size": 4096,
        "stack_dep_bypass": 0,
        "stack_pivoted": 0,
        "heap_dep_bypass": 0,
        "protection": 4,
        "process_handle": "0xffffffff",
        "allocation_type": 4096,
        "base_address": "0x01ca4000"
      },
      "category": "process"
    },
    {
      "time": 1746151308.54675,
      "api": "NtAllocateVirtualMemory",
      "pid": 2272,
      "arguments": {
        "process_identifier": 2272,
        "region_size": 4096,
        "stack_dep_bypass": 0,
        "stack_pivoted": 0,
        "heap_dep_bypass": 0,
        "protection": 4,
        "process_handle": "0xffffffff",
        "allocation_type": 4096,
        "base_address": "0x01ca5000"
      },
      "category": "process"
    },
    {
      "time": 1746151308.54675,
      "api": "NtAllocateVirtualMemory",
      "pid": 2272,
      "arguments": {
        "process_identifier": 2272,
        "region_size": 4096,
        "stack_dep_bypass": 0,
        "stack_pivoted": 0,
        "heap_dep_bypass": 0,
        "protection": 4,
        "process_handle": "0xffffffff",
        "allocation_type": 4096,
        "base_address": "0x01ca6000"
      },
      "category": "process"
    },
    {
      "time": 1746151308.54675,
      "api": "NtAllocateVirtualMemory",
      "pid": 2272,
      "arguments": {
        "process_identifier": 2272,
        "region_size": 4096,
        "stack_dep_bypass": 0,
        "stack_pivoted": 0,
        "heap_dep_bypass": 0,
        "protection": 4,
        "process_handle": "0xffffffff",
        "allocation_type": 4096,
        "base_address": "0x01ca7000"
      },
      "category": "process"
    },
    {
      "time": 1746151308.54675,
      "api": "NtAllocateVirtualMemory",
      "pid": 2272,
      "arguments": {
        "process_identifier": 2272,
        "region_size": 4096,
        "stack_dep_bypass": 0,
        "stack_pivoted": 0,
        "heap_dep_bypass": 0,
        "protection": 4,
        "process_handle": "0xffffffff",
        "allocation_type": 4096,
        "base_address": "0x01ca8000"
      },
      "category": "process"
    },
    {
      "time": 1746151308.54675,
      "api": "NtAllocateVirtualMemory",
      "pid": 2272,
      "arguments": {
        "process_identifier": 2272,
        "region_size": 4096,
        "stack_dep_bypass": 0,
        "stack_pivoted": 0,
        "heap_dep_bypass": 0,
        "protection": 4,
        "process_handle": "0xffffffff",
        "allocation_type": 4096,
        "base_address": "0x01ca9000"
      },
      "category": "process"
    },
    {
      "time": 1746151308.54675,
      "api": "NtAllocateVirtualMemory",
      "pid": 2272,
      "arguments": {
        "process_identifier": 2272,
        "region_size": 4096,
        "stack_dep_bypass": 0,
        "stack_pivoted": 0,
        "heap_dep_bypass": 0,
        "protection": 4,
        "process_handle": "0xffffffff",
        "allocation_type": 4096,
        "base_address": "0x01caa000"
      },
      "category": "process"
    },
    {
      "time": 1746151308.54675,
      "api": "NtAllocateVirtualMemory",
      "pid": 2272,
      "arguments": {
        "process_identifier": 2272,
        "region_size": 4096,
        "stack_dep_bypass": 0,
        "stack_pivoted": 0,
        "heap_dep_bypass": 0,
        "protection": 4,
        "process_handle": "0xffffffff",
        "allocation_type": 4096,
        "base_address": "0x01cab000"
      },
      "category": "process"
    },
    {
      "time": 1746151308.54675,
      "api": "NtAllocateVirtualMemory",
      "pid": 2272,
      "arguments": {
        "process_identifier": 2272,
        "region_size": 4096,
        "stack_dep_bypass": 0,
        "stack_pivoted": 0,
        "heap_dep_bypass": 0,
        "protection": 4,
        "process_handle": "0xffffffff",
        "allocation_type": 4096,
        "base_address": "0x01cac000"
      },
      "category": "process"
    },
    {
      "time": 1746151308.54675,
      "api": "NtAllocateVirtualMemory",
      "pid": 2272,
      "arguments": {
        "process_identifier": 2272,
        "region_size": 4096,
        "stack_dep_bypass": 0,
        "stack_pivoted": 0,
        "heap_dep_bypass": 0,
        "protection": 4,
        "process_handle": "0xffffffff",
        "allocation_type": 4096,
        "base_address": "0x01cad000"
      },
      "category": "process"
    },
    {
      "time": 1746151308.54675,
      "api": "NtAllocateVirtualMemory",
      "pid": 2272,
      "arguments": {
        "process_identifier": 2272,
        "region_size": 4096,
        "stack_dep_bypass": 0,
        "stack_pivoted": 0,
        "heap_dep_bypass": 0,
        "protection": 4,
        "process_handle": "0xffffffff",
        "allocation_type": 4096,
        "base_address": "0x01cae000"
      },
      "category": "process"
    },
    {
      "time": 1746151308.54675,
      "api": "NtAllocateVirtualMemory",
      "pid": 2272,
      "arguments": {
        "process_identifier": 2272,
        "region_size": 4096,
        "stack_dep_bypass": 0,
        "stack_pivoted": 0,
        "heap_dep_bypass": 0,
        "protection": 4,
        "process_handle": "0xffffffff",
        "allocation_type": 4096,
        "base_address": "0x01caf000"
      },
      "category": "process"
    },
    {
      "time": 1746151308.54675,
      "api": "GetFileType",
      "pid": 2272,
      "arguments": {
        "file_handle": "0x00000000"
      },
      "category": "file"
    },
    {
      "time": 1746151308.54675,
      "api": "GetFileType",
      "pid": 2272,
      "arguments": {
        "file_handle": "0x00000000"
      },
      "category": "file"
    },
    {
      "time": 1746151308.54675,
      "api": "GetFileType",
      "pid": 2272,
      "arguments": {
        "file_handle": "0x00000000"
      },
      "category": "file"
    },
    {
      "time": 1746151308.54675,
      "api": "GetTimeZoneInformation",
      "pid": 2272,
      "arguments": {},
      "category": "misc"
    },
    {
      "time": 1746151308.54675,
      "api": "GetTimeZoneInformation",
      "pid": 2272,
      "arguments": {},
      "category": "misc"
    },
    {
      "time": 1746151308.54675,
      "api": "NtAllocateVirtualMemory",
      "pid": 2272,
      "arguments": {
        "process_identifier": 2272,
        "region_size": 2162688,
        "stack_dep_bypass": 0,
        "stack_pivoted": 0,
        "heap_dep_bypass": 0,
        "protection": 4,
        "process_handle": "0xffffffff",
        "allocation_type": 8192,
        "base_address": "0x020a0000"
      },
      "category": "process"
    },
    {
      "time": 1746151308.54675,
      "api": "NtFreeVirtualMemory",
      "pid": 2272,
      "arguments": {
        "free_type": 32768,
        "process_identifier": 2272,
        "process_handle": "0xffffffff",
        "base_address": "0x020a0000",
        "size": 1900544
      },
      "category": "process"
    },
    {
      "time": 1746151308.54675,
      "api": "NtAllocateVirtualMemory",
      "pid": 2272,
      "arguments": {
        "process_identifier": 2272,
        "region_size": 4096,
        "stack_dep_bypass": 0,
        "stack_pivoted": 0,
        "heap_dep_bypass": 0,
        "protection": 4,
        "process_handle": "0xffffffff",
        "allocation_type": 4096,
        "base_address": "0x02270000"
      },
      "category": "process"
    },
    {
      "time": 1746151308.54675,
      "api": "LdrLoadDll",
      "pid": 2272,
      "arguments": {
        "basename": "uxtheme",
        "module_address": "0x74a40000",
        "flags": 0,
        "module_name": "C:\\Windows\\system32\\uxtheme.dll",
        "stack_pivoted": 0
      },
      "category": "system"
    },
    {
      "time": 1746151308.54675,
      "api": "LdrGetProcedureAddress",
      "pid": 2272,
      "arguments": {
        "ordinal": 0,
        "module": "uxtheme",
        "module_address": "0x74a40000",
        "function_address": "0x74a54571",
        "function_name": "ThemeInitApiHook"
      },
      "category": "system"
    },
    {
      "time": 1746151308.54675,
      "api": "IsDebuggerPresent",
      "pid": 2272,
      "arguments": {},
      "category": "system"
    },
    {
      "time": 1746151308.54675,
      "api": "GetSystemMetrics",
      "pid": 2272,
      "arguments": {
        "index": 31
      },
      "category": "misc"
    },
    {
      "time": 1746151308.54675,
      "api": "NtMapViewOfSection",
      "pid": 2272,
      "arguments": {
        "section_handle": "0x00000070",
        "process_identifier": 2272,
        "commit_size": 0,
        "win32_protect": 2,
        "buffer": "",
        "process_handle": "0xffffffff",
        "allocation_type": 0,
        "section_offset": 0,
        "view_size": 913408,
        "base_address": "0x00420000"
      },
      "category": "process"
    },
    {
      "time": 1746151308.54675,
      "api": "LdrGetDllHandle",
      "pid": 2272,
      "arguments": {
        "module_name": "user32.dll",
        "stack_pivoted": 0,
        "module_address": "0x76a30000"
      },
      "category": "system"
    },
    {
      "time": 1746151308.54675,
      "api": "LdrGetProcedureAddress",
      "pid": 2272,
      "arguments": {
        "ordinal": 0,
        "module": "USER32",
        "module_address": "0x76a30000",
        "function_address": "0x76a481a6",
        "function_name": "IsProcessDPIAware"
      },
      "category": "system"
    },
    {
      "time": 1746151308.54675,
      "api": "NtAllocateVirtualMemory",
      "pid": 2272,
      "arguments": {
        "process_identifier": 2272,
        "region_size": 16384,
        "stack_dep_bypass": 0,
        "stack_pivoted": 0,
        "heap_dep_bypass": 0,
        "protection": 4,
        "process_handle": "0xffffffff",
        "allocation_type": 4096,
        "base_address": "0x02271000"
      },
      "category": "process"
    },
    {
      "time": 1746151308.54675,
      "api": "NtAllocateVirtualMemory",
      "pid": 2272,
      "arguments": {
        "process_identifier": 2272,
        "region_size": 69632,
        "stack_dep_bypass": 0,
        "stack_pivoted": 0,
        "heap_dep_bypass": 0,
        "protection": 4,
        "process_handle": "0xffffffff",
        "allocation_type": 4096,
        "base_address": "0x02275000"
      },
      "category": "process"
    },
    {
      "time": 1746151308.54675,
      "api": "NtAllocateVirtualMemory",
      "pid": 2272,
      "arguments": {
        "process_identifier": 2272,
        "region_size": 4096,
        "stack_dep_bypass": 0,
        "stack_pivoted": 0,
        "heap_dep_bypass": 0,
        "protection": 4,
        "process_handle": "0xffffffff",
        "allocation_type": 4096,
        "base_address": "0x02286000"
      },
      "category": "process"
    },
    {
      "time": 1746151308.54675,
      "api": "GetSystemMetrics",
      "pid": 2272,
      "arguments": {
        "index": 31
      },
      "category": "misc"
    },
    {
      "time": 1746151308.54675,
      "api": "GetSystemMetrics",
      "pid": 2272,
      "arguments": {
        "index": 31
      },
      "category": "misc"
    },
    {
      "time": 1746151308.54675,
      "api": "NtClose",
      "pid": 2272,
      "arguments": {
        "handle": "0x00000074"
      },
      "category": "system"
    },
    {
      "time": 1746151308.54675,
      "api": "NtClose",
      "pid": 2272,
      "arguments": {
        "handle": "0x00000078"
      },
      "category": "system"
    },
    {
      "time": 1746151308.54675,
      "api": "NtOpenKey",
      "pid": 2272,
      "arguments": {
        "key_handle": "0x00000078",
        "desired_access": "0x00020019",
        "regkey": "HKEY_LOCAL_MACHINE\\System\\CurrentControlSet\\Control\\Nls\\CustomLocale"
      },
      "category": "registry"
    },
    {
      "time": 1746151308.54675,
      "api": "NtQueryValueKey",
      "pid": 2272,
      "arguments": {
        "key_handle": "0x00000078",
        "key_name": "",
        "value": "",
        "reg_type": 0,
        "information_class": 1,
        "regkey": "HKEY_LOCAL_MACHINE\\SYSTEM\\ControlSet001\\Control\\Nls\\CustomLocale\\en-US"
      },
      "category": "registry"
    },
    {
      "time": 1746151308.54675,
      "api": "NtClose",
      "pid": 2272,
      "arguments": {
        "handle": "0x00000078"
      },
      "category": "system"
    },
    {
      "time": 1746151308.54675,
      "api": "NtOpenKey",
      "pid": 2272,
      "arguments": {
        "key_handle": "0x00000078",
        "desired_access": "0x00020019",
        "regkey": "HKEY_LOCAL_MACHINE\\System\\CurrentControlSet\\Control\\Nls\\ExtendedLocale"
      },
      "category": "registry"
    },
    {
      "time": 1746151308.54675,
      "api": "NtQueryValueKey",
      "pid": 2272,
      "arguments": {
        "key_handle": "0x00000078",
        "key_name": "",
        "value": "",
        "reg_type": 0,
        "information_class": 1,
        "regkey": "HKEY_LOCAL_MACHINE\\SYSTEM\\ControlSet001\\Control\\Nls\\ExtendedLocale\\en-US"
      },
      "category": "registry"
    },
    {
      "time": 1746151308.54675,
      "api": "NtClose",
      "pid": 2272,
      "arguments": {
        "handle": "0x00000078"
      },
      "category": "system"
    },
    {
      "time": 1746151308.54675,
      "api": "NtClose",
      "pid": 2272,
      "arguments": {
        "handle": "0x00000078"
      },
      "category": "system"
    },
    {
      "time": 1746151308.54675,
      "api": "EnumWindows",
      "pid": 2272,
      "arguments": {},
      "category": "misc"
    },
    {
      "time": 1746151308.54675,
      "api": "NtClose",
      "pid": 2272,
      "arguments": {
        "handle": "0x00000078"
      },
      "category": "system"
    },
    {
      "time": 1746151308.54675,
      "api": "NtOpenKey",
      "pid": 2272,
      "arguments": {
        "key_handle": "0x00000078",
        "desired_access": "0x02000000",
        "regkey": "HKEY_CURRENT_USER"
      },
      "category": "registry"
    },
    {
      "time": 1746151308.54675,
      "api": "RegOpenKeyExA",
      "pid": 2272,
      "arguments": {
        "access": "0x00000001",
        "base_handle": "0x00000078",
        "key_handle": "0x00000000",
        "regkey": "HKEY_CURRENT_USER\\Software\\Pegasus Mail\\command",
        "regkey_r": "Software\\Pegasus Mail\\command",
        "options": 0
      },
      "category": "registry"
    },
    {
      "time": 1746151308.54675,
      "api": "NtClose",
      "pid": 2272,
      "arguments": {
        "handle": "0x00000074"
      },
      "category": "system"
    },
    {
      "time": 1746151308.54675,
      "api": "NtOpenKey",
      "pid": 2272,
      "arguments": {
        "key_handle": "0x00000074",
        "desired_access": "0x02000000",
        "regkey": "HKEY_CURRENT_USER"
      },
      "category": "registry"
    },
    {
      "time": 1746151308.54675,
      "api": "RegOpenKeyExA",
      "pid": 2272,
      "arguments": {
        "access": "0x00000001",
        "base_handle": "0x00000076",
        "key_handle": "0x00000000",
        "regkey": "HKEY_CURRENT_USER\\Software\\Pegasus Mail\\command",
        "regkey_r": "Software\\Pegasus Mail\\command",
        "options": 0
      },
      "category": "registry"
    },
    {
      "time": 1746151310.39075,
      "api": "MessageBoxTimeoutA",
      "pid": 2272,
      "arguments": {
        "window_handle": "0x00000000",
        "text": "Could not communicate with Pegasus Mail",
        "caption": "WSENDTO",
        "flags": 0,
        "language_identifier": 0
      },
      "category": "ui"
    },
    {
      "time": 1746151310.39075,
      "api": "NtClose",
      "pid": 2272,
      "arguments": {
        "handle": "0x000000cc"
      },
      "category": "system"
    },
    {
      "time": 1746151310.39075,
      "api": "LdrUnloadDll",
      "pid": 2272,
      "arguments": {
        "library": "MSCTF",
        "module_address": "0x75c60000"
      },
      "category": "system"
    },
    {
      "time": 1746151310.40575,
      "api": "CoUninitialize",
      "pid": 2272,
      "arguments": {},
      "category": "ole"
    },
    {
      "time": 1746151310.40575,
      "api": "NtTerminateProcess",
      "pid": 2272,
      "arguments": {
        "status_code": "0x00000000",
        "process_identifier": 0,
        "process_handle": "0x00000000"
      },
      "category": "process"
    },
    {
      "time": 1746151310.40575,
      "api": "NtTerminateProcess",
      "pid": 2272,
      "arguments": {
        "status_code": "0x00000000",
        "process_identifier": 0,
        "process_handle": "0x00000000"
      },
      "category": "process"
    },
    {
      "time": 1746151310.40575,
      "api": "NtClose",
      "pid": 2272,
      "arguments": {
        "handle": "0x000000a0"
      },
      "category": "system"
    },
    {
      "time": 1746151310.40575,
      "api": "NtClose",
      "pid": 2272,
      "arguments": {
        "handle": "0x00000060"
      },
      "category": "system"
    },
    {
      "time": 1746151310.40575,
      "api": "NtClose",
      "pid": 2272,
      "arguments": {
        "handle": "0x00000068"
      },
      "category": "system"
    },
    {
      "time": 1746151310.40575,
      "api": "NtClose",
      "pid": 2272,
      "arguments": {
        "handle": "0x000000c8"
      },
      "category": "system"
    },
    {
      "time": 1746151310.40575,
      "api": "NtClose",
      "pid": 2272,
      "arguments": {
        "handle": "0x00000040"
      },
      "category": "system"
    },
    {
      "time": 1746151310.40575,
      "api": "LdrUnloadDll",
      "pid": 2272,
      "arguments": {
        "library": "IMM32",
        "module_address": "0x77030000"
      },
      "category": "system"
    },
    {
      "time": 1746151310.40575,
      "api": "NtOpenKey",
      "pid": 2272,
      "arguments": {
        "key_handle": "0x00000040",
        "desired_access": "0x00020019",
        "regkey": "HKEY_LOCAL_MACHINE\\Software\\Microsoft\\Windows NT\\CurrentVersion\\GRE_Initialize"
      },
      "category": "registry"
    },
    {
      "time": 1746151310.40575,
      "api": "NtQueryValueKey",
      "pid": 2272,
      "arguments": {
        "key_handle": "0x00000040",
        "key_name": "",
        "value": "",
        "reg_type": 0,
        "information_class": 2,
        "regkey": "HKEY_LOCAL_MACHINE\\SOFTWARE\\Microsoft\\Windows NT\\CurrentVersion\\GRE_Initialize\\DisableMetaFiles"
      },
      "category": "registry"
    },
    {
      "time": 1746151310.40575,
      "api": "NtClose",
      "pid": 2272,
      "arguments": {
        "handle": "0x00000040"
      },
      "category": "system"
    },
    {
      "time": 1746151310.40575,
      "api": "NtClose",
      "pid": 2272,
      "arguments": {
        "handle": "0x00000030"
      },
      "category": "system"
    },
    {
      "time": 1746151310.40575,
      "api": "NtClose",
      "pid": 2272,
      "arguments": {
        "handle": "0x00000024"
      },
      "category": "system"
    },
    {
      "time": 1746151310.40575,
      "api": "NtClose",
      "pid": 2272,
      "arguments": {
        "handle": "0x0000002c"
      },
      "category": "system"
    },
    {
      "time": 1746151310.40575,
      "api": "NtTerminateProcess",
      "pid": 2272,
      "arguments": {
        "status_code": "0x00000000",
        "process_identifier": 2272,
        "process_handle": "0xffffffff"
      },
      "category": "process"
    }
  ],
  "network": {
    "http": [
      {
        "count": 1,
        "body": "",
        "uri": "http://www.msftncsi.com/ncsi.txt",
        "user-agent": "Microsoft NCSI",
        "method": "GET",
        "host": "www.msftncsi.com",
        "version": "1.1",
        "path": "/ncsi.txt",
        "data": "GET /ncsi.txt HTTP/1.1\r\nConnection: Close\r\nUser-Agent: Microsoft NCSI\r\nHost: www.msftncsi.com\r\n\r\n",
        "port": 80
      }
    ],
    "tcp": [
      {
        "src": "192.168.56.101",
        "dst": "113.171.230.17",
        "offset": 1642,
        "time": 2.8085250854492188,
        "dport": 80,
        "sport": 49161
      }
    ],
    "udp": [
      {
        "src": "192.168.56.101",
        "dst": "192.168.56.255",
        "offset": 2338,
        "time": 3.0806760787963867,
        "dport": 137,
        "sport": 137
      },
      {
        "src": "192.168.56.101",
        "dst": "224.0.0.252",
        "offset": 6710,
        "time": 1.0518031120300293,
        "dport": 5355,
        "sport": 50233
      },
      {
        "src": "192.168.56.101",
        "dst": "224.0.0.252",
        "offset": 7030,
        "time": 1.5416879653930664,
        "dport": 5355,
        "sport": 52790
      },
      {
        "src": "192.168.56.101",
        "dst": "224.0.0.252",
        "offset": 7358,
        "time": 0.037850141525268555,
        "dport": 5355,
        "sport": 53526
      },
      {
        "src": "192.168.56.101",
        "dst": "224.0.0.252",
        "offset": 7686,
        "time": 3.025516986846924,
        "dport": 5355,
        "sport": 57168
      },
      {
        "src": "192.168.56.101",
        "dst": "224.0.0.252",
        "offset": 8006,
        "time": 3.024238109588623,
        "dport": 5355,
        "sport": 60897
      },
      {
        "src": "192.168.56.101",
        "dst": "224.0.0.252",
        "offset": 8334,
        "time": 2.4281551837921143,
        "dport": 5355,
        "sport": 62139
      },
      {
        "src": "192.168.56.101",
        "dst": "8.8.8.8",
        "offset": 8802,
        "time": 2.0616681575775146,
        "dport": 53,
        "sport": 54506
      },
      {
        "src": "192.168.56.101",
        "dst": "8.8.8.8",
        "offset": 9226,
        "time": 2.032412052154541,
        "dport": 53,
        "sport": 55116
      },
      {
        "src": "192.168.56.101",
        "dst": "8.8.8.8",
        "offset": 9426,
        "time": 3.026189088821411,
        "dport": 53,
        "sport": 59798
      },
      {
        "src": "192.168.56.101",
        "dst": "8.8.8.8",
        "offset": 9701,
        "time": 2.7537121772766113,
        "dport": 53,
        "sport": 65068
      }
    ],
    "dns": [
      {
        "type": "A",
        "request": "www.msftncsi.com",
        "answers": [
          {
            "data": "113.171.230.17",
            "type": "A"
          },
          {
            "data": "www.msftncsi.com.edgesuite.net",
            "type": "CNAME"
          },
          {
            "data": "a1961.g2.akamai.net",
            "type": "CNAME"
          }
        ]
      },
      {
        "type": "A",
        "request": "dns.msftncsi.com",
        "answers": [
          {
            "data": "131.107.255.255",
            "type": "A"
          }
        ]
      },
      {
        "type": "AAAA",
        "request": "dns.msftncsi.com",
        "answers": [
          {
            "data": "fd3e:4f5a:5b81::1",
            "type": "AAAA"
          }
        ]
      },
      {
        "type": "A",
        "request": "teredo.ipv6.microsoft.com",
        "answers": []
      }
    ],
    "hosts": [
      "113.171.230.17",
      "8.8.8.8"
    ],
    "icmp": [
      {
        "src": "192.168.56.101",
        "dst": "8.8.8.8",
        "type": 3,
        "data": ""
      }
    ],
    "smtp": []
  },
  "static_imports": [
    "RegQueryValueA",
    "CloseHandle",
    "CreateFileA",
    "EnterCriticalSection",
    "ExitProcess",
    "FileTimeToDosDateTime",
    "FileTimeToLocalFileTime",
    "FindClose",
    "FindFirstFileA",
    "FindNextFileA",
    "GetACP",
    "GetCPInfo",
    "GetCommandLineA",
    "GetCurrentDirectoryA",
    "GetCurrentThreadId",
    "GetDateFormatA",
    "GetDriveTypeA",
    "GetEnvironmentStrings",
    "GetEnvironmentVariableA",
    "GetFileAttributesA",
    "GetFileType",
    "GetFullPathNameA",
    "GetLastError",
    "GetLocalTime",
    "GetModuleFileNameA",
    "GetModuleHandleA",
    "GetProcAddress",
    "GetStartupInfoA",
    "GetStdHandle",
    "GetStringTypeW",
    "GetTimeZoneInformation",
    "GetVersion",
    "GetVersionExA",
    "GetVolumeInformationA",
    "GlobalMemoryStatus",
    "InitializeCriticalSection",
    "LeaveCriticalSection",
    "LocalAlloc",
    "LocalFree",
    "MultiByteToWideChar",
    "RaiseException",
    "RtlUnwind",
    "SetConsoleCtrlHandler",
    "SetCurrentDirectoryA",
    "SetEnvironmentVariableA",
    "SetFilePointer",
    "SetHandleCount",
    "SleepEx",
    "TlsAlloc",
    "TlsFree",
    "TlsGetValue",
    "TlsSetValue",
    "UnhandledExceptionFilter",
    "VirtualAlloc",
    "VirtualFree",
    "WideCharToMultiByte",
    "WinExec",
    "WriteFile",
    "lstrlenA",
    "DdeAccessData",
    "DdeClientTransaction",
    "DdeConnect",
    "DdeCreateStringHandleA",
    "DdeDisconnect",
    "DdeFreeDataHandle",
    "DdeFreeStringHandle",
    "DdeInitializeA",
    "DdeUnaccessData",
    "DdeUninitialize",
    "DialogBoxParamA",
    "EndDialog",
    "EnumThreadWindows",
    "EnumWindows",
    "GetClassNameA",
    "GetClientRect",
    "GetDesktopWindow",
    "GetParent",
    "GetWindowRect",
    "GetWindowTextA",
    "MessageBoxA",
    "SetDlgItemTextA",
    "SetWindowPos"
  ],
  "signatures_ttp": {},
  "signatures_full": [
    {
      "name": "checks_debugger",
      "description": "Checks if process is being debugged by a debugger",
      "severity": 1,
      "ttp": {},
      "markcount": 1,
      "marks": [
        {
          "call": {
            "category": "system",
            "status": 0,
            "stacktrace": [],
            "last_error": 0,
            "nt_status": 0,
            "api": "IsDebuggerPresent",
            "return_value": 0,
            "arguments": {},
            "time": 1746151308.54675,
            "tid": 2276,
            "flags": {}
          },
          "pid": 2272,
          "type": "call",
          "cid": 31
        }
      ]
    },
    {
      "name": "network_icmp",
      "description": "Generates some ICMP traffic",
      "severity": 4,
      "ttp": {},
      "markcount": 0,
      "marks": []
    }
  ],
  "processes": [
    {
      "name": "lsass.exe",
      "path": "C:\\Windows\\System32\\lsass.exe",
      "pid": 484,
      "cmdline": "C:\\Windows\\system32\\lsass.exe",
      "modules": [
        "lsass.exe",
        "ntdll.dll",
        "kernel32.dll",
        "KERNELBASE.dll",
        "msvcrt.dll",
        "RPCRT4.dll",
        "SspiSrv.dll",
        "lsasrv.dll",
        "sechost.dll",
        "SspiCli.dll",
        "ADVAPI32.dll",
        "USER32.dll",
        "GDI32.dll",
        "LPK.dll",
        "USP10.dll",
        "SAMSRV.dll",
        "cryptdll.dll",
        "MSASN1.dll",
        "wevtapi.dll",
        "IMM32.DLL",
        "MSCTF.dll",
        "cngaudit.dll",
        "AUTHZ.dll",
        "ncrypt.dll",
        "bcrypt.dll",
        "msprivs.DLL",
        "netjoin.dll",
        "negoexts.DLL",
        "Secur32.dll",
        "cryptbase.dll",
        "kerberos.DLL",
        "CRYPTSP.dll",
        "WS2_32.dll",
        "NSI.dll",
        "mswsock.dll",
        "wship6.dll",
        "msv1_0.DLL",
        "netlogon.DLL",
        "DNSAPI.dll",
        "logoncli.dll",
        "schannel.DLL",
        "CRYPT32.dll",
        "wdigest.DLL",
        "rsaenh.dll",
        "tspkg.DLL",
        "pku2u.DLL",
        "bcryptprimitives.dll",
        "RpcRtRemote.dll",
        "efslsaext.dll",
        "WINSTA.dll",
        "scecli.DLL",
        "credssp.dll",
        "IPHLPAPI.DLL",
        "WINNSI.DLL",
        "netutils.dll",
        "USERENV.dll",
        "profapi.dll",
        "wshtcpip.dll",
        "monitor-x64.dll"
      ]
    },
    {
      "name": "016584e586de67b725ac1e3974fcca320bf81c8c489ebb17d9909735d517e7ae.exe",
      "path": "C:\\Users\\Administrator\\AppData\\Local\\Temp\\016584e586de67b725ac1e3974fcca320bf81c8c489ebb17d9909735d517e7ae.exe",
      "pid": 2272,
      "cmdline": "\"C:\\Users\\Administrator\\AppData\\Local\\Temp\\016584e586de67b725ac1e3974fcca320bf81c8c489ebb17d9909735d517e7ae.exe\" ",
      "modules": [
        "016584e586de67b725ac1e3974fcca320bf81c8c489ebb17d9909735d517e7ae.exe",
        "ntdll.dll",
        "kernel32.dll",
        "KERNELBASE.dll",
        "ADVAPI32.dll",
        "msvcrt.dll",
        "sechost.dll",
        "RPCRT4.dll",
        "SspiCli.dll",
        "CRYPTBASE.dll",
        "USER32.dll",
        "GDI32.dll",
        "LPK.dll",
        "USP10.dll",
        "IMM32.DLL",
        "MSCTF.dll",
        "monitor-x86.dll"
      ]
    }
  ]
}