{
  "behavior_summary": {
    "file_created": [],
    "file_deleted": [],
    "file_read": [],
    "file_recreated": [],
    "file_exists": [],
    "file_opened": [],
    "regkey_opened": [],
    "regkey_read": [],
    "regkey_written": [],
    "dll_loaded": [],
    "executed_commands": [],
    "directory_created": [],
    "mutex": [],
    "processes_created": [],
    "resolves_host": []
  },
  "dropped_files": [],
  "api_statistics": {},
  "api_call_sequence": [],
  "network": {
    "http": [],
    "tcp": [],
    "udp": [
      {
        "src": "192.168.56.101",
        "dst": "224.0.0.252",
        "offset": 744,
        "time": 1.0287928581237793,
        "dport": 5355,
        "sport": 50233
      },
      {
        "src": "192.168.56.101",
        "dst": "224.0.0.252",
        "offset": 1064,
        "time": 0.04624581336975098,
        "dport": 5355,
        "sport": 53526
      }
    ],
    "dns": [],
    "hosts": [],
    "icmp": [],
    "smtp": []
  },
  "static_imports": [],
  "signatures_ttp": {},
  "signatures_full": [],
  "processes": []
}