{
  "behavior_summary": {
    "file_created": [],
    "file_deleted": [],
    "file_read": [],
    "file_recreated": [],
    "file_exists": [],
    "file_opened": [],
    "regkey_opened": [],
    "regkey_read": [],
    "regkey_written": [],
    "dll_loaded": [],
    "executed_commands": [],
    "directory_created": [],
    "mutex": [],
    "processes_created": [],
    "resolves_host": []
  },
  "dropped_files": [],
  "api_statistics": {},
  "api_call_sequence": [],
  "network": {
    "http": [],
    "tcp": [],
    "udp": [
      {
        "src": "192.168.56.101",
        "dst": "192.168.56.255",
        "offset": 1290,
        "time": 3.0839149951934814,
        "dport": 137,
        "sport": 137
      },
      {
        "src": "192.168.56.101",
        "dst": "224.0.0.252",
        "offset": 5662,
        "time": 1.1057891845703125,
        "dport": 5355,
        "sport": 50233
      },
      {
        "src": "192.168.56.101",
        "dst": "224.0.0.252",
        "offset": 5982,
        "time": 1.5789811611175537,
        "dport": 5355,
        "sport": 52790
      },
      {
        "src": "192.168.56.101",
        "dst": "224.0.0.252",
        "offset": 6310,
        "time": 0.07476496696472168,
        "dport": 5355,
        "sport": 53526
      },
      {
        "src": "192.168.56.101",
        "dst": "224.0.0.252",
        "offset": 6638,
        "time": 3.017465114593506,
        "dport": 5355,
        "sport": 58709
      },
      {
        "src": "192.168.56.101",
        "dst": "224.0.0.252",
        "offset": 6966,
        "time": 3.0183231830596924,
        "dport": 5355,
        "sport": 59798
      },
      {
        "src": "192.168.56.101",
        "dst": "224.0.0.252",
        "offset": 7286,
        "time": 2.433760166168213,
        "dport": 5355,
        "sport": 62139
      },
      {
        "src": "192.168.56.101",
        "dst": "8.8.8.8",
        "offset": 7606,
        "time": 2.078132152557373,
        "dport": 53,
        "sport": 54506
      },
      {
        "src": "192.168.56.101",
        "dst": "8.8.8.8",
        "offset": 7818,
        "time": 2.048398017883301,
        "dport": 53,
        "sport": 55116
      },
      {
        "src": "192.168.56.101",
        "dst": "8.8.8.8",
        "offset": 8018,
        "time": 3.017508029937744,
        "dport": 53,
        "sport": 60897
      },
      {
        "src": "192.168.56.101",
        "dst": "8.8.8.8",
        "offset": 8293,
        "time": 2.757341146469116,
        "dport": 53,
        "sport": 65068
      }
    ],
    "dns": [
      {
        "type": "A",
        "request": "www.msftncsi.com",
        "answers": [
          {
            "data": "113.171.230.17",
            "type": "A"
          },
          {
            "data": "www.msftncsi.com.edgesuite.net",
            "type": "CNAME"
          },
          {
            "data": "a1961.g2.akamai.net",
            "type": "CNAME"
          }
        ]
      },
      {
        "type": "A",
        "request": "dns.msftncsi.com",
        "answers": [
          {
            "data": "131.107.255.255",
            "type": "A"
          }
        ]
      },
      {
        "type": "AAAA",
        "request": "dns.msftncsi.com",
        "answers": [
          {
            "data": "fd3e:4f5a:5b81::1",
            "type": "AAAA"
          }
        ]
      },
      {
        "type": "A",
        "request": "teredo.ipv6.microsoft.com",
        "answers": []
      }
    ],
    "hosts": [
      "113.171.230.17",
      "8.8.8.8"
    ],
    "icmp": [],
    "smtp": []
  },
  "static_imports": [
    "?printSizes@CollationInfo@icu_57@@SAXHQEBH@Z",
    "?printReorderRanges@CollationInfo@icu_57@@SAXAEBUCollationData@2@PEBHH@Z",
    "T_FileStream_close",
    "T_FileStream_file_exists",
    "ucbuf_getBuffer",
    "getLongPathname",
    "ucbuf_size",
    "ucbuf_getc",
    "ucbuf_open",
    "ucbuf_close",
    "u_parseArgs",
    "T_FileStream_open",
    "T_FileStream_size",
    "T_FileStream_read",
    "ucbuf_ungetc",
    "T_FileStream_write",
    "udata_create",
    "udata_finish",
    "udata_write16",
    "udata_writePadding",
    "udata_writeBlock",
    "udata_write32",
    "udata_writeUString",
    "ucbuf_getcx32",
    "?replaceAll@RegexMatcher@icu_57@@UEAA?AVUnicodeString@2@AEBV32@AEAW4UErrorCode@@@Z",
    "utrans_stripRules_57",
    "?hasReordering@CollationSettings@icu_57@@QEBACXZ",
    "?writeTailoring@CollationDataWriter@icu_57@@SAHAEBUCollationTailoring@2@AEBUCollationSettings@2@QEAHPEAEHAEAW4UErrorCode@@@Z",
    "??1CollationBuilder@icu_57@@UEAA@XZ",
    "?getErrorReason@CollationBuilder@icu_57@@QEBAPEBDXZ",
    "?parseAndBuild@CollationBuilder@icu_57@@QEAAPEAUCollationTailoring@2@AEBVUnicodeString@2@QEBEPEAVImporter@CollationRuleParser@2@PEAUUParseError@@AEAW4UErrorCode@@@Z",
    "?disableFastLatin@CollationBuilder@icu_57@@QEAAXXZ",
    "??0CollationBuilder@icu_57@@QEAA@PEBUCollationTailoring@1@AEAW4UErrorCode@@@Z",
    "?getRoot@CollationRoot@icu_57@@SAPEBUCollationTailoring@2@AEAW4UErrorCode@@@Z",
    "??0Importer@CollationRuleParser@icu_57@@QEAA@XZ",
    "??1RegexMatcher@icu_57@@UEAA@XZ",
    "??0RegexMatcher@icu_57@@QEAA@AEBVUnicodeString@1@0IAEAW4UErrorCode@@@Z",
    "?group@RegexMatcher@icu_57@@UEBA?AVUnicodeString@2@HAEAW4UErrorCode@@@Z",
    "?compile@RegexPattern@icu_57@@SAPEAV12@AEBVUnicodeString@2@IAEAW4UErrorCode@@@Z",
    "??0RegexMatcher@icu_57@@QEAA@AEBVUnicodeString@1@IAEAW4UErrorCode@@@Z",
    "?reset@RegexMatcher@icu_57@@UEAAAEAV12@AEBVUnicodeString@2@@Z",
    "?lookingAt@RegexMatcher@icu_57@@UEAACAEAW4UErrorCode@@@Z",
    "??1Importer@CollationRuleParser@icu_57@@UEAA@XZ",
    "??0UnicodeString@icu_57@@QEAA@PEBDH@Z",
    "uloc_canonicalize_57",
    "?extract@UnicodeString@icu_57@@QEBAHPEA_WHAEAW4UErrorCode@@@Z",
    "??0UnicodeString@icu_57@@QEAA@PEB_WH@Z",
    "utf8_appendCharSafeBody_57",
    "u_strToUTF8_57",
    "??0UnicodeString@icu_57@@QEAA@PEBD@Z",
    "??0UnicodeString@icu_57@@QEAA@PEBDH0@Z",
    "ucnv_open_57",
    "ucnv_close_57",
    "ucnv_fromUChars_57",
    "?compare@UnicodeString@icu_57@@QEBACAEBV12@@Z",
    "uhash_count_57",
    "uhash_nextElement_57",
    "?endsWith@UnicodeString@icu_57@@QEBACAEBV12@@Z",
    "?append@UnicodeString@icu_57@@QEAAAEAV12@AEBV12@@Z",
    "uprv_sortArray_57",
    "uprv_realloc_57",
    "??8UnicodeString@icu_57@@QEBACAEBV01@@Z",
    "?hashCode@UnicodeString@icu_57@@QEBAHXZ",
    "uhash_open_57",
    "uhash_close_57",
    "uhash_get_57",
    "uhash_put_57",
    "??AUnicodeString@icu_57@@QEBA_WH@Z",
    "?indexOf@UnicodeString@icu_57@@QEBAH_W@Z",
    "??0UnicodeString@icu_57@@QEAA@CPEB_WH@Z",
    "??0UnicodeString@icu_57@@QEAA@AEBV01@@Z",
    "?isEmpty@UnicodeString@icu_57@@QEBACXZ",
    "?setTo@UnicodeString@icu_57@@QEAAAEAV12@PEB_WH@Z",
    "?getTerminatedBuffer@UnicodeString@icu_57@@QEAAPEB_WXZ",
    "?isBogus@UnicodeString@icu_57@@QEBACXZ",
    "??0UnicodeString@icu_57@@QEAA@XZ",
    "??1UnicodeString@icu_57@@UEAA@XZ",
    "?extract@UnicodeString@icu_57@@QEBAHHHPEADHW4EInvariant@12@@Z",
    "u_versionFromString_57",
    "u_strcmp_57",
    "u_austrncpy_57",
    "u_strlen_57",
    "u_UCharsToChars_57",
    "??0CharString@icu_57@@QEAA@AEBVStringPiece@1@AEAW4UErrorCode@@@Z",
    "?length@CharString@icu_57@@QEBAHXZ",
    "??ACharString@icu_57@@QEBADH@Z",
    "?toStringPiece@CharString@icu_57@@QEBA?AVStringPiece@2@XZ",
    "?remove_suffix@StringPiece@icu_57@@QEAAXH@Z",
    "?append@CharString@icu_57@@QEAAAEAV12@PEBDHAEAW4UErrorCode@@@Z",
    "?append@CharString@icu_57@@QEAAAEAV12@DAEAW4UErrorCode@@@Z",
    "?append@CharString@icu_57@@QEAAAEAV12@AEBV12@AEAW4UErrorCode@@@Z",
    "??4UnicodeString@icu_57@@QEAAAEAV01@AEBV01@@Z",
    "??3UMemory@icu_57@@SAXPEAX@Z",
    "?getDynamicClassID@UObject@icu_57@@UEBAPEAXXZ",
    "?length@UnicodeString@icu_57@@QEBAHXZ",
    "?getBuffer@UnicodeString@icu_57@@QEBAPEB_WXZ",
    "uprv_isInvariantUString_57",
    "uprv_free_57",
    "u_getDataDirectory_57",
    "u_setDataDirectory_57",
    "u_init_57",
    "u_errorName_57",
    "uprv_malloc_57",
    "??0CharString@icu_57@@QEAA@XZ",
    "??0StringPiece@icu_57@@QEAA@PEBD@Z",
    "?append@CharString@icu_57@@QEAAAEAV12@AEBVStringPiece@2@AEAW4UErrorCode@@@Z",
    "?appendPathPart@CharString@icu_57@@QEAAAEAV12@AEBVStringPiece@2@AEAW4UErrorCode@@@Z",
    "??1CharString@icu_57@@QEAA@XZ",
    "?data@CharString@icu_57@@QEAAPEADXZ",
    "udata_openSwapperForInputData_57",
    "ures_swap_57",
    "udata_closeSwapper_57",
    "u_cleanup_57",
    "?append@UnicodeString@icu_57@@QEAAAEAV12@_W@Z",
    "_commode",
    "fprintf",
    "__iob_func",
    "??_V@YAXPEAX@Z",
    "??3@YAXPEAX@Z",
    "puts",
    "printf",
    "_wassert",
    "??_U@YAPEAX_K@Z",
    "strcpy",
    "??2@YAPEAX_K@Z",
    "exit",
    "strlen",
    "strrchr",
    "strcat",
    "strncpy",
    "__CxxFrameHandler3",
    "strcmp",
    "memset",
    "strncmp",
    "sprintf",
    "strtoul",
    "memcpy",
    "malloc",
    "memmove",
    "strftime",
    "_gmtime64",
    "_time64",
    "strchr",
    "__C_specific_handler",
    "_unlock",
    "__dllonexit",
    "_encode_pointer",
    "_lock",
    "_onexit",
    "_decode_pointer",
    "?terminate@@YAXXZ",
    "_amsg_exit",
    "__getmainargs",
    "_XcptFilter",
    "_exit",
    "_cexit",
    "__initenv",
    "_initterm",
    "?_type_info_dtor_internal_method@type_info@@QEAAXXZ",
    "__crt_debugger_hook",
    "__set_app_type",
    "_fmode",
    "vfprintf",
    "__setusermatherr",
    "_configthreadlocale",
    "_initterm_e",
    "Sleep",
    "TerminateProcess",
    "GetCurrentProcess",
    "UnhandledExceptionFilter",
    "SetUnhandledExceptionFilter",
    "IsDebuggerPresent",
    "RtlVirtualUnwind",
    "RtlLookupFunctionEntry",
    "RtlCaptureContext",
    "QueryPerformanceCounter",
    "GetTickCount",
    "GetCurrentThreadId",
    "GetCurrentProcessId",
    "GetSystemTimeAsFileTime"
  ],
  "signatures_ttp": {},
  "signatures_full": [],
  "processes": [
    {
      "name": "lsass.exe",
      "path": "C:\\Windows\\System32\\lsass.exe",
      "pid": 484,
      "cmdline": "C:\\Windows\\system32\\lsass.exe",
      "modules": [
        "lsass.exe",
        "ntdll.dll",
        "kernel32.dll",
        "KERNELBASE.dll",
        "msvcrt.dll",
        "RPCRT4.dll",
        "SspiSrv.dll",
        "lsasrv.dll",
        "sechost.dll",
        "SspiCli.dll",
        "ADVAPI32.dll",
        "USER32.dll",
        "GDI32.dll",
        "LPK.dll",
        "USP10.dll",
        "SAMSRV.dll",
        "cryptdll.dll",
        "MSASN1.dll",
        "wevtapi.dll",
        "IMM32.DLL",
        "MSCTF.dll",
        "cngaudit.dll",
        "AUTHZ.dll",
        "ncrypt.dll",
        "bcrypt.dll",
        "msprivs.DLL",
        "netjoin.dll",
        "negoexts.DLL",
        "Secur32.dll",
        "cryptbase.dll",
        "kerberos.DLL",
        "CRYPTSP.dll",
        "WS2_32.dll",
        "NSI.dll",
        "mswsock.dll",
        "wship6.dll",
        "msv1_0.DLL",
        "netlogon.DLL",
        "DNSAPI.dll",
        "logoncli.dll",
        "schannel.DLL",
        "CRYPT32.dll",
        "wdigest.DLL",
        "rsaenh.dll",
        "tspkg.DLL",
        "pku2u.DLL",
        "bcryptprimitives.dll",
        "RpcRtRemote.dll",
        "efslsaext.dll",
        "WINSTA.dll",
        "scecli.DLL",
        "credssp.dll",
        "IPHLPAPI.DLL",
        "WINNSI.DLL",
        "netutils.dll",
        "USERENV.dll",
        "profapi.dll",
        "wshtcpip.dll",
        "monitor-x64.dll"
      ]
    }
  ]
}