{
  "behavior_summary": {
    "file_created": [],
    "file_deleted": [],
    "file_read": [],
    "file_recreated": [],
    "file_exists": [],
    "file_opened": [],
    "regkey_opened": [],
    "regkey_read": [],
    "regkey_written": [],
    "dll_loaded": [],
    "executed_commands": [],
    "directory_created": [],
    "mutex": [],
    "processes_created": [],
    "resolves_host": []
  },
  "dropped_files": [],
  "api_statistics": {},
  "api_call_sequence": [],
  "network": {
    "http": [],
    "tcp": [],
    "udp": [
      {
        "src": "192.168.56.101",
        "dst": "192.168.56.255",
        "offset": 1150,
        "time": 3.0807931423187256,
        "dport": 137,
        "sport": 137
      },
      {
        "src": "192.168.56.101",
        "dst": "224.0.0.252",
        "offset": 5522,
        "time": 1.0313420295715332,
        "dport": 5355,
        "sport": 50233
      },
      {
        "src": "192.168.56.101",
        "dst": "224.0.0.252",
        "offset": 5842,
        "time": 1.5686721801757812,
        "dport": 5355,
        "sport": 52790
      },
      {
        "src": "192.168.56.101",
        "dst": "224.0.0.252",
        "offset": 6170,
        "time": 0.05143618583679199,
        "dport": 5355,
        "sport": 53526
      },
      {
        "src": "192.168.56.101",
        "dst": "224.0.0.252",
        "offset": 6498,
        "time": 3.0182461738586426,
        "dport": 5355,
        "sport": 58709
      },
      {
        "src": "192.168.56.101",
        "dst": "224.0.0.252",
        "offset": 6826,
        "time": 3.0185630321502686,
        "dport": 5355,
        "sport": 59798
      },
      {
        "src": "192.168.56.101",
        "dst": "224.0.0.252",
        "offset": 7146,
        "time": 2.4303040504455566,
        "dport": 5355,
        "sport": 62139
      },
      {
        "src": "192.168.56.101",
        "dst": "8.8.8.8",
        "offset": 7466,
        "time": 2.056199073791504,
        "dport": 53,
        "sport": 54506
      },
      {
        "src": "192.168.56.101",
        "dst": "8.8.8.8",
        "offset": 7678,
        "time": 2.0271379947662354,
        "dport": 53,
        "sport": 55116
      },
      {
        "src": "192.168.56.101",
        "dst": "8.8.8.8",
        "offset": 7878,
        "time": 3.0160460472106934,
        "dport": 53,
        "sport": 64762
      },
      {
        "src": "192.168.56.101",
        "dst": "8.8.8.8",
        "offset": 8153,
        "time": 2.763148069381714,
        "dport": 53,
        "sport": 65068
      }
    ],
    "dns": [
      {
        "type": "A",
        "request": "www.msftncsi.com",
        "answers": [
          {
            "data": "113.171.230.17",
            "type": "A"
          },
          {
            "data": "www.msftncsi.com.edgesuite.net",
            "type": "CNAME"
          },
          {
            "data": "a1961.g2.akamai.net",
            "type": "CNAME"
          }
        ]
      },
      {
        "type": "A",
        "request": "dns.msftncsi.com",
        "answers": [
          {
            "data": "131.107.255.255",
            "type": "A"
          }
        ]
      },
      {
        "type": "AAAA",
        "request": "dns.msftncsi.com",
        "answers": [
          {
            "data": "fd3e:4f5a:5b81::1",
            "type": "AAAA"
          }
        ]
      },
      {
        "type": "A",
        "request": "teredo.ipv6.microsoft.com",
        "answers": []
      }
    ],
    "hosts": [
      "113.171.230.17",
      "8.8.8.8"
    ],
    "icmp": [],
    "smtp": []
  },
  "static_imports": [
    "pango_alignment_get_type",
    "pango_color_parse",
    "pango_context_get_base_dir",
    "pango_context_get_gravity",
    "pango_context_get_matrix",
    "pango_context_set_base_dir",
    "pango_context_set_base_gravity",
    "pango_context_set_gravity_hint",
    "pango_context_set_language",
    "pango_context_set_matrix",
    "pango_ellipsize_mode_get_type",
    "pango_font_description_copy",
    "pango_font_description_free",
    "pango_font_description_from_string",
    "pango_font_description_set_size",
    "pango_font_description_to_string",
    "pango_font_description_unset_fields",
    "pango_font_map_create_context",
    "pango_gravity_get_type",
    "pango_gravity_hint_get_type",
    "pango_gravity_to_rotation",
    "pango_language_from_string",
    "pango_language_get_default",
    "pango_layout_context_changed",
    "pango_layout_get_context",
    "pango_layout_get_extents",
    "pango_layout_get_font_description",
    "pango_layout_get_height",
    "pango_layout_get_iter",
    "pango_layout_get_pixel_extents",
    "pango_layout_get_width",
    "pango_layout_iter_free",
    "pango_layout_iter_get_baseline",
    "pango_layout_iter_get_line",
    "pango_layout_iter_next_line",
    "pango_layout_new",
    "pango_layout_set_alignment",
    "pango_layout_set_auto_dir",
    "pango_layout_set_ellipsize",
    "pango_layout_set_font_description",
    "pango_layout_set_height",
    "pango_layout_set_indent",
    "pango_layout_set_justify",
    "pango_layout_set_markup",
    "pango_layout_set_single_paragraph_mode",
    "pango_layout_set_text",
    "pango_layout_set_width",
    "pango_layout_set_wrap",
    "pango_matrix_copy",
    "pango_matrix_free",
    "pango_matrix_rotate",
    "pango_matrix_transform_pixel_rectangle",
    "pango_parse_enum",
    "pango_parse_markup",
    "pango_version",
    "pango_version_string",
    "pango_wrap_mode_get_type",
    "pango_cairo_context_set_font_options",
    "pango_cairo_font_map_new",
    "pango_cairo_font_map_set_resolution",
    "pango_cairo_show_layout",
    "pango_cairo_update_context",
    "cairo_close_path",
    "cairo_create",
    "cairo_debug_reset_static_data",
    "cairo_destroy",
    "cairo_fill",
    "cairo_fill_preserve",
    "cairo_font_options_create",
    "cairo_font_options_destroy",
    "cairo_font_options_set_hint_style",
    "cairo_get_line_width",
    "cairo_get_target",
    "cairo_image_surface_create",
    "cairo_matrix_init_identity",
    "cairo_move_to",
    "cairo_paint",
    "cairo_pattern_add_color_stop_rgba",
    "cairo_pattern_create_linear",
    "cairo_pdf_surface_create",
    "cairo_ps_surface_create",
    "cairo_ps_surface_set_eps",
    "cairo_rectangle",
    "cairo_rel_line_to",
    "cairo_restore",
    "cairo_rotate",
    "cairo_save",
    "cairo_scale",
    "cairo_set_matrix",
    "cairo_set_operator",
    "cairo_set_source",
    "cairo_set_source_rgb",
    "cairo_set_source_rgba",
    "cairo_stroke",
    "cairo_surface_destroy",
    "cairo_surface_flush",
    "cairo_surface_reference",
    "cairo_surface_write_to_png_stream",
    "cairo_svg_surface_create",
    "cairo_translate",
    "g_ascii_strcasecmp",
    "g_assertion_message_expr",
    "g_file_get_contents_utf8",
    "g_fopen",
    "g_free",
    "g_get_prgname",
    "g_option_context_add_group",
    "g_option_context_add_main_entries",
    "g_option_context_free",
    "g_option_context_new",
    "g_option_context_parse",
    "g_option_error_quark",
    "g_option_group_add_entries",
    "g_option_group_new",
    "g_printerr",
    "g_printf",
    "g_set_error",
    "g_set_prgname",
    "g_slice_alloc",
    "g_slice_free1",
    "g_spawn_async_with_pipes_utf8",
    "g_spawn_close_pid",
    "g_str_has_suffix",
    "g_strdup",
    "g_strdup_printf",
    "g_strdup_vprintf",
    "g_strerror",
    "g_string_append",
    "g_string_append_printf",
    "g_string_free",
    "g_string_insert_c",
    "g_string_new",
    "g_string_truncate",
    "g_object_unref",
    "DeleteCriticalSection",
    "EnterCriticalSection",
    "GetCurrentProcess",
    "GetCurrentProcessId",
    "GetCurrentThreadId",
    "GetLastError",
    "GetStartupInfoA",
    "GetSystemTimeAsFileTime",
    "GetTickCount",
    "InitializeCriticalSection",
    "LeaveCriticalSection",
    "QueryPerformanceCounter",
    "RtlAddFunctionTable",
    "RtlCaptureContext",
    "RtlLookupFunctionEntry",
    "RtlVirtualUnwind",
    "SetUnhandledExceptionFilter",
    "Sleep",
    "TerminateProcess",
    "TlsGetValue",
    "UnhandledExceptionFilter",
    "VirtualProtect",
    "VirtualQuery",
    "__C_specific_handler",
    "__dllonexit",
    "__getmainargs",
    "__initenv",
    "__iob_func",
    "__lconv_init",
    "__set_app_type",
    "__setusermatherr",
    "_acmdln",
    "_amsg_exit",
    "_cexit",
    "_errno",
    "_fmode",
    "_initterm",
    "_lock",
    "_onexit",
    "_stricmp",
    "_unlock",
    "abort",
    "calloc",
    "exit",
    "fclose",
    "fprintf",
    "free",
    "fwrite",
    "malloc",
    "memcpy",
    "setlocale",
    "signal",
    "sscanf",
    "strlen",
    "strncmp",
    "strrchr",
    "vfprintf",
    "_fdopen"
  ],
  "signatures_ttp": {},
  "signatures_full": [],
  "processes": [
    {
      "name": "lsass.exe",
      "path": "C:\\Windows\\System32\\lsass.exe",
      "pid": 484,
      "cmdline": "C:\\Windows\\system32\\lsass.exe",
      "modules": [
        "lsass.exe",
        "ntdll.dll",
        "kernel32.dll",
        "KERNELBASE.dll",
        "msvcrt.dll",
        "RPCRT4.dll",
        "SspiSrv.dll",
        "lsasrv.dll",
        "sechost.dll",
        "SspiCli.dll",
        "ADVAPI32.dll",
        "USER32.dll",
        "GDI32.dll",
        "LPK.dll",
        "USP10.dll",
        "SAMSRV.dll",
        "cryptdll.dll",
        "MSASN1.dll",
        "wevtapi.dll",
        "IMM32.DLL",
        "MSCTF.dll",
        "cngaudit.dll",
        "AUTHZ.dll",
        "ncrypt.dll",
        "bcrypt.dll",
        "msprivs.DLL",
        "netjoin.dll",
        "negoexts.DLL",
        "Secur32.dll",
        "cryptbase.dll",
        "kerberos.DLL",
        "CRYPTSP.dll",
        "WS2_32.dll",
        "NSI.dll",
        "mswsock.dll",
        "wship6.dll",
        "msv1_0.DLL",
        "netlogon.DLL",
        "DNSAPI.dll",
        "logoncli.dll",
        "schannel.DLL",
        "CRYPT32.dll",
        "wdigest.DLL",
        "rsaenh.dll",
        "tspkg.DLL",
        "pku2u.DLL",
        "bcryptprimitives.dll",
        "RpcRtRemote.dll",
        "efslsaext.dll",
        "WINSTA.dll",
        "scecli.DLL",
        "credssp.dll",
        "IPHLPAPI.DLL",
        "WINNSI.DLL",
        "netutils.dll",
        "USERENV.dll",
        "profapi.dll",
        "wshtcpip.dll",
        "monitor-x64.dll"
      ]
    }
  ]
}