{
  "behavior_summary": {
    "file_created": [],
    "file_deleted": [],
    "file_read": [],
    "file_recreated": [],
    "file_exists": [],
    "file_opened": [],
    "regkey_opened": [],
    "regkey_read": [],
    "regkey_written": [],
    "dll_loaded": [],
    "executed_commands": [],
    "directory_created": [],
    "mutex": [],
    "processes_created": [],
    "resolves_host": []
  },
  "dropped_files": [],
  "api_statistics": {},
  "api_call_sequence": [],
  "network": {
    "http": [],
    "tcp": [],
    "udp": [
      {
        "src": "192.168.56.101",
        "dst": "224.0.0.252",
        "offset": 1522,
        "time": 10.33063006401062,
        "dport": 5355,
        "sport": 50233
      },
      {
        "src": "192.168.56.101",
        "dst": "224.0.0.252",
        "offset": 1842,
        "time": 11.33980107307434,
        "dport": 5355,
        "sport": 52790
      },
      {
        "src": "192.168.56.101",
        "dst": "224.0.0.252",
        "offset": 2170,
        "time": 9.35073208808899,
        "dport": 5355,
        "sport": 53526
      },
      {
        "src": "192.168.56.101",
        "dst": "8.8.8.8",
        "offset": 2498,
        "time": 11.408216953277588,
        "dport": 53,
        "sport": 54506
      },
      {
        "src": "192.168.56.101",
        "dst": "8.8.8.8",
        "offset": 2710,
        "time": 11.374181032180786,
        "dport": 53,
        "sport": 55116
      }
    ],
    "dns": [
      {
        "type": "A",
        "request": "dns.msftncsi.com",
        "answers": [
          {
            "data": "131.107.255.255",
            "type": "A"
          }
        ]
      },
      {
        "type": "AAAA",
        "request": "dns.msftncsi.com",
        "answers": [
          {
            "data": "fd3e:4f5a:5b81::1",
            "type": "AAAA"
          }
        ]
      }
    ],
    "hosts": [
      "8.8.8.8"
    ],
    "icmp": [],
    "smtp": []
  },
  "static_imports": [
    "__setusermatherr",
    "_cexit",
    "wcsrchr",
    "_initterm",
    "__dllonexit",
    "_onexit",
    "memcpy",
    "__C_specific_handler",
    "exit",
    "__set_app_type",
    "__wgetmainargs",
    "_amsg_exit",
    "_fmode",
    "_commode",
    "_XcptFilter",
    "_vsnprintf",
    "?terminate@@YAXXZ",
    "_unlock",
    "_vsnwprintf",
    "wprintf",
    "memmove",
    "bsearch",
    "_wcsicmp",
    "_wcsnicmp",
    "_lock",
    "wcschr",
    "_exit",
    "memset",
    "GetLocaleInfoEx",
    "LocaleNameToLCID",
    "SetUserGeoID",
    "GetUserDefaultLocaleName",
    "FreeLibrary",
    "LoadLibraryExW",
    "GetModuleFileNameW",
    "GetModuleHandleW",
    "GetProcAddress",
    "GetUserNameExW",
    "HeapFree",
    "HeapAlloc",
    "HeapSetInformation",
    "GetProcessHeap",
    "RegUnLoadKeyW",
    "RegSetValueExW",
    "RegCloseKey",
    "RegLoadKeyW",
    "RegOpenKeyExW",
    "RegCreateKeyExW",
    "RegEnumKeyExW",
    "RegQueryValueExW",
    "LoadLibraryW",
    "CompareStringOrdinal",
    "SetLastError",
    "UnhandledExceptionFilter",
    "SetUnhandledExceptionFilter",
    "GetLastError",
    "GetSystemDefaultLocaleName",
    "GetWindowsDirectoryW",
    "GetTickCount",
    "GetSystemTimeAsFileTime",
    "ExpandEnvironmentStringsW",
    "LeaveCriticalSection",
    "Sleep",
    "EnterCriticalSection",
    "InitializeCriticalSection",
    "DeleteCriticalSection",
    "QueryPerformanceCounter",
    "TerminateProcess",
    "GetCurrentProcess",
    "OpenProcessToken",
    "GetCurrentThreadId",
    "GetCurrentProcessId",
    "RtlVirtualUnwind",
    "RtlLookupFunctionEntry",
    "RtlCaptureContext",
    "NlsUpdateLocale",
    "RtlGetUILanguageInfo",
    "RtlNtStatusToDosError",
    "RtlpSetPreferredUILanguages",
    "RtlFreeHeap",
    "RtlAllocateHeap",
    "RtlpSetInstallLanguage",
    "CreateFileMappingW",
    "UnmapViewOfFile",
    "MapViewOfFile",
    "CreateDirectoryW",
    "CreateFileW",
    "GetFullPathNameW",
    "FindFirstFileW",
    "GetFileAttributesW",
    "GetFileAttributesExW",
    "FindNextFileW",
    "FindClose",
    "LookupPrivilegeValueW",
    "AdjustTokenPrivileges",
    "PrivilegeCheck",
    "CloseHandle",
    "ResolveDelayLoadedAPI",
    "DelayLoadFailureHook",
    "RegDeleteKeyW"
  ],
  "signatures_ttp": {
    "T1045": "Software Packing"
  },
  "signatures_full": [
    {
      "name": "has_pdb",
      "description": "This executable has a PDB path",
      "severity": 1,
      "ttp": {},
      "markcount": 1,
      "marks": [
        {
          "category": "pdb_path",
          "ioc": "MUIUnattend.pdb",
          "type": "ioc",
          "description": null
        }
      ]
    },
    {
      "name": "pe_features",
      "description": "The executable contains unknown PE section names indicative of a packer (could be a false positive)",
      "severity": 1,
      "ttp": {
        "T1045": {
          "short": "Software Packing",
          "long": "Software packing is a method of compressing or encrypting an executable. Packing an executable changes the file signature in an attempt to avoid signature-based detection. Most decompression techniques decompress the executable code in memory."
        }
      },
      "markcount": 1,
      "marks": [
        {
          "category": "section",
          "ioc": ".didat",
          "type": "ioc",
          "description": null
        }
      ]
    }
  ],
  "processes": [
    {
      "name": "lsass.exe",
      "path": "C:\\Windows\\System32\\lsass.exe",
      "pid": 484,
      "cmdline": "C:\\Windows\\system32\\lsass.exe",
      "modules": [
        "lsass.exe",
        "ntdll.dll",
        "kernel32.dll",
        "KERNELBASE.dll",
        "msvcrt.dll",
        "RPCRT4.dll",
        "SspiSrv.dll",
        "lsasrv.dll",
        "sechost.dll",
        "SspiCli.dll",
        "ADVAPI32.dll",
        "USER32.dll",
        "GDI32.dll",
        "LPK.dll",
        "USP10.dll",
        "SAMSRV.dll",
        "cryptdll.dll",
        "MSASN1.dll",
        "wevtapi.dll",
        "IMM32.DLL",
        "MSCTF.dll",
        "cngaudit.dll",
        "AUTHZ.dll",
        "ncrypt.dll",
        "bcrypt.dll",
        "msprivs.DLL",
        "netjoin.dll",
        "negoexts.DLL",
        "Secur32.dll",
        "cryptbase.dll",
        "kerberos.DLL",
        "CRYPTSP.dll",
        "WS2_32.dll",
        "NSI.dll",
        "mswsock.dll",
        "wship6.dll",
        "msv1_0.DLL",
        "netlogon.DLL",
        "DNSAPI.dll",
        "logoncli.dll",
        "schannel.DLL",
        "CRYPT32.dll",
        "wdigest.DLL",
        "rsaenh.dll",
        "tspkg.DLL",
        "pku2u.DLL",
        "bcryptprimitives.dll",
        "RpcRtRemote.dll",
        "efslsaext.dll",
        "WINSTA.dll",
        "scecli.DLL",
        "credssp.dll",
        "IPHLPAPI.DLL",
        "WINNSI.DLL",
        "netutils.dll",
        "USERENV.dll",
        "profapi.dll",
        "wshtcpip.dll",
        "monitor-x64.dll"
      ]
    }
  ]
}