{
  "behavior_summary": {
    "file_created": [],
    "file_deleted": [],
    "file_read": [],
    "file_recreated": [],
    "file_exists": [],
    "file_opened": [],
    "regkey_opened": [],
    "regkey_read": [],
    "regkey_written": [],
    "dll_loaded": [],
    "executed_commands": [],
    "directory_created": [],
    "mutex": [],
    "processes_created": [],
    "resolves_host": []
  },
  "dropped_files": [],
  "api_statistics": {},
  "api_call_sequence": [],
  "network": {
    "http": [
      {
        "count": 1,
        "body": "",
        "uri": "http://www.msftncsi.com/ncsi.txt",
        "user-agent": "Microsoft NCSI",
        "method": "GET",
        "host": "www.msftncsi.com",
        "version": "1.1",
        "path": "/ncsi.txt",
        "data": "GET /ncsi.txt HTTP/1.1\r\nConnection: Close\r\nUser-Agent: Microsoft NCSI\r\nHost: www.msftncsi.com\r\n\r\n",
        "port": 80
      }
    ],
    "tcp": [
      {
        "src": "192.168.56.101",
        "dst": "113.171.230.17",
        "offset": 1758,
        "time": 12.642977952957153,
        "dport": 80,
        "sport": 49160
      }
    ],
    "udp": [
      {
        "src": "192.168.56.101",
        "dst": "192.168.56.255",
        "offset": 2524,
        "time": 12.907815933227539,
        "dport": 137,
        "sport": 137
      },
      {
        "src": "192.168.56.101",
        "dst": "224.0.0.252",
        "offset": 5168,
        "time": 10.946213960647583,
        "dport": 5355,
        "sport": 50233
      },
      {
        "src": "192.168.56.101",
        "dst": "224.0.0.252",
        "offset": 5488,
        "time": 11.515362977981567,
        "dport": 5355,
        "sport": 52790
      },
      {
        "src": "192.168.56.101",
        "dst": "224.0.0.252",
        "offset": 5816,
        "time": 9.871567964553833,
        "dport": 5355,
        "sport": 53526
      },
      {
        "src": "192.168.56.101",
        "dst": "224.0.0.252",
        "offset": 6144,
        "time": 12.847552061080933,
        "dport": 5355,
        "sport": 57168
      },
      {
        "src": "192.168.56.101",
        "dst": "224.0.0.252",
        "offset": 6464,
        "time": 12.847646951675415,
        "dport": 5355,
        "sport": 60897
      },
      {
        "src": "192.168.56.101",
        "dst": "224.0.0.252",
        "offset": 6792,
        "time": 12.258471965789795,
        "dport": 5355,
        "sport": 62139
      },
      {
        "src": "192.168.56.101",
        "dst": "8.8.8.8",
        "offset": 7112,
        "time": 11.883627891540527,
        "dport": 53,
        "sport": 54506
      },
      {
        "src": "192.168.56.101",
        "dst": "8.8.8.8",
        "offset": 7324,
        "time": 11.853060960769653,
        "dport": 53,
        "sport": 55116
      },
      {
        "src": "192.168.56.101",
        "dst": "8.8.8.8",
        "offset": 7524,
        "time": 12.848092079162598,
        "dport": 53,
        "sport": 59798
      },
      {
        "src": "192.168.56.101",
        "dst": "8.8.8.8",
        "offset": 7799,
        "time": 12.581175088882446,
        "dport": 53,
        "sport": 65068
      }
    ],
    "dns": [
      {
        "type": "A",
        "request": "www.msftncsi.com",
        "answers": [
          {
            "data": "113.171.230.17",
            "type": "A"
          },
          {
            "data": "www.msftncsi.com.edgesuite.net",
            "type": "CNAME"
          },
          {
            "data": "a1961.g2.akamai.net",
            "type": "CNAME"
          }
        ]
      },
      {
        "type": "A",
        "request": "dns.msftncsi.com",
        "answers": [
          {
            "data": "131.107.255.255",
            "type": "A"
          }
        ]
      },
      {
        "type": "AAAA",
        "request": "dns.msftncsi.com",
        "answers": [
          {
            "data": "fd3e:4f5a:5b81::1",
            "type": "AAAA"
          }
        ]
      },
      {
        "type": "A",
        "request": "teredo.ipv6.microsoft.com",
        "answers": []
      }
    ],
    "hosts": [
      "113.171.230.17",
      "8.8.8.8"
    ],
    "icmp": [],
    "smtp": []
  },
  "static_imports": [
    "_Unwind_Resume",
    "_ZNKSs4findEPKcy",
    "_ZNKSs4findEPKcyy",
    "_ZNKSs4findEcy",
    "_ZNKSs5rfindEPKcy",
    "_ZNKSs5rfindEPKcyy",
    "_ZNKSs5rfindEcy",
    "_ZNKSs6substrEyy",
    "_ZNKSs7compareEPKc",
    "_ZNKSt5ctypeIcE13_M_widen_initEv",
    "_ZNSo3putEc",
    "_ZNSo5flushEv",
    "_ZNSs12_M_leak_hardEv",
    "_ZNSs12_S_constructEycRKSaIcE",
    "_ZNSs3endEv",
    "_ZNSs4_Rep10_M_destroyERKSaIcE",
    "_ZNSs4_Rep10_M_disposeERKSaIcE",
    "_ZNSs4swapERSs",
    "_ZNSs6appendEPKc",
    "_ZNSs6appendEPKcy",
    "_ZNSs6appendERKSs",
    "_ZNSs6assignEPKc",
    "_ZNSs6assignERKSs",
    "_ZNSs6insertEyPKcy",
    "_ZNSs7replaceEyyPKcy",
    "_ZNSs7reserveEy",
    "_ZNSsC1EPKcRKSaIcE",
    "_ZNSsC1EPKcyRKSaIcE",
    "_ZNSsC1ERKSs",
    "_ZNSsC1ERKSsyy",
    "_ZNSt12__basic_fileIcED1Ev",
    "_ZNSt13basic_filebufIcSt11char_traitsIcEE4openEPKcSt13_Ios_Openmode",
    "_ZNSt13basic_filebufIcSt11char_traitsIcEE5closeEv",
    "_ZNSt13basic_filebufIcSt11char_traitsIcEEC1Ev",
    "_ZNSt13basic_filebufIcSt11char_traitsIcEED1Ev",
    "_ZNSt14basic_ofstreamIcSt11char_traitsIcEED1Ev",
    "_ZNSt6localeD1Ev",
    "_ZNSt8__detail15_List_node_base7_M_hookEPS0_",
    "_ZNSt8ios_base4InitC1Ev",
    "_ZNSt8ios_base4InitD1Ev",
    "_ZNSt8ios_baseC2Ev",
    "_ZNSt8ios_baseD2Ev",
    "_ZNSt9basic_iosIcSt11char_traitsIcEE4initEPSt15basic_streambufIcS1_E",
    "_ZNSt9basic_iosIcSt11char_traitsIcEE5clearESt12_Ios_Iostate",
    "_ZSt16__ostream_insertIcSt11char_traitsIcEERSt13basic_ostreamIT_T0_ES6_PKS3_x",
    "_ZSt16__throw_bad_castv",
    "_ZSt18_Rb_tree_decrementPSt18_Rb_tree_node_base",
    "_ZSt18_Rb_tree_incrementPSt18_Rb_tree_node_base",
    "_ZSt20__throw_length_errorPKc",
    "_ZSt24__throw_out_of_range_fmtPKcz",
    "_ZSt29_Rb_tree_insert_and_rebalancebPSt18_Rb_tree_node_baseS0_RS_",
    "_ZSt4cerr",
    "_ZSt4cout",
    "_ZSt4endlIcSt11char_traitsIcEERSt13basic_ostreamIT_T0_ES6_",
    "_ZStlsISt11char_traitsIcEERSt13basic_ostreamIcT_ES5_PKc",
    "_ZTTSt14basic_ofstreamIcSt11char_traitsIcEE",
    "_ZTVSt13basic_filebufIcSt11char_traitsIcEE",
    "_ZTVSt14basic_ofstreamIcSt11char_traitsIcEE",
    "_ZTVSt15basic_streambufIcSt11char_traitsIcEE",
    "_ZTVSt9basic_iosIcSt11char_traitsIcEE",
    "_ZdlPv",
    "_Znwy",
    "__cxa_begin_catch",
    "__cxa_end_catch",
    "__cxa_guard_abort",
    "__cxa_guard_acquire",
    "__cxa_guard_release",
    "__cxa_rethrow",
    "__gxx_personality_seh0",
    "DeleteCriticalSection",
    "EnterCriticalSection",
    "GetConsoleMode",
    "GetCurrentProcess",
    "GetCurrentProcessId",
    "GetCurrentThreadId",
    "GetFileAttributesA",
    "GetLastError",
    "GetModuleFileNameA",
    "GetModuleFileNameW",
    "GetModuleHandleA",
    "GetProcAddress",
    "GetStartupInfoA",
    "GetSystemTimeAsFileTime",
    "GetTickCount",
    "InitializeCriticalSection",
    "LeaveCriticalSection",
    "QueryPerformanceCounter",
    "RtlAddFunctionTable",
    "RtlCaptureContext",
    "RtlLookupFunctionEntry",
    "RtlVirtualUnwind",
    "SetUnhandledExceptionFilter",
    "Sleep",
    "TerminateProcess",
    "TlsGetValue",
    "UnhandledExceptionFilter",
    "VirtualProtect",
    "VirtualQuery",
    "__C_specific_handler",
    "__dllonexit",
    "__getmainargs",
    "__initenv",
    "__iob_func",
    "__lconv_init",
    "__set_app_type",
    "__setusermatherr",
    "_acmdln",
    "_amsg_exit",
    "_cexit",
    "_errno",
    "_execvp",
    "_exit",
    "_findclose",
    "_findfirst64",
    "_fmode",
    "_fullpath",
    "_get_osfhandle",
    "_initterm",
    "_isatty",
    "_lock",
    "_onexit",
    "_pclose",
    "_pipe",
    "_popen",
    "_snwprintf",
    "_spawnv",
    "_unlock",
    "abort",
    "calloc",
    "exit",
    "feof",
    "fgetc",
    "fprintf",
    "free",
    "fwprintf",
    "fwrite",
    "getenv",
    "malloc",
    "memcmp",
    "memcpy",
    "memmove",
    "memset",
    "raise",
    "realloc",
    "signal",
    "strchr",
    "strcmp",
    "strcpy",
    "strlen",
    "strncmp",
    "strncpy",
    "strpbrk",
    "system",
    "vfprintf",
    "wcscpy",
    "_stat64",
    "_findnext64",
    "_unlink",
    "_rmdir",
    "_getpid",
    "_getcwd",
    "_dup2",
    "_close",
    "_chsize",
    "_chdir",
    "_access",
    "MessageBoxW",
    "gethostname"
  ],
  "signatures_ttp": {},
  "signatures_full": [],
  "processes": [
    {
      "name": "lsass.exe",
      "path": "C:\\Windows\\System32\\lsass.exe",
      "pid": 484,
      "cmdline": "C:\\Windows\\system32\\lsass.exe",
      "modules": [
        "lsass.exe",
        "ntdll.dll",
        "kernel32.dll",
        "KERNELBASE.dll",
        "msvcrt.dll",
        "RPCRT4.dll",
        "SspiSrv.dll",
        "lsasrv.dll",
        "sechost.dll",
        "SspiCli.dll",
        "ADVAPI32.dll",
        "USER32.dll",
        "GDI32.dll",
        "LPK.dll",
        "USP10.dll",
        "SAMSRV.dll",
        "cryptdll.dll",
        "MSASN1.dll",
        "wevtapi.dll",
        "IMM32.DLL",
        "MSCTF.dll",
        "cngaudit.dll",
        "AUTHZ.dll",
        "ncrypt.dll",
        "bcrypt.dll",
        "msprivs.DLL",
        "netjoin.dll",
        "negoexts.DLL",
        "Secur32.dll",
        "cryptbase.dll",
        "kerberos.DLL",
        "CRYPTSP.dll",
        "WS2_32.dll",
        "NSI.dll",
        "mswsock.dll",
        "wship6.dll",
        "msv1_0.DLL",
        "netlogon.DLL",
        "DNSAPI.dll",
        "logoncli.dll",
        "schannel.DLL",
        "CRYPT32.dll",
        "wdigest.DLL",
        "rsaenh.dll",
        "tspkg.DLL",
        "pku2u.DLL",
        "bcryptprimitives.dll",
        "RpcRtRemote.dll",
        "efslsaext.dll",
        "WINSTA.dll",
        "scecli.DLL",
        "credssp.dll",
        "IPHLPAPI.DLL",
        "WINNSI.DLL",
        "netutils.dll",
        "USERENV.dll",
        "profapi.dll",
        "wshtcpip.dll",
        "monitor-x64.dll"
      ]
    }
  ]
}