{
  "behavior_summary": {
    "file_created": [],
    "file_deleted": [],
    "file_read": [],
    "file_recreated": [],
    "file_exists": [],
    "file_opened": [],
    "regkey_opened": [],
    "regkey_read": [],
    "regkey_written": [],
    "dll_loaded": [],
    "executed_commands": [],
    "directory_created": [],
    "mutex": [],
    "processes_created": [],
    "resolves_host": []
  },
  "dropped_files": [],
  "api_statistics": {},
  "api_call_sequence": [],
  "network": {
    "http": [
      {
        "count": 1,
        "body": "",
        "uri": "http://www.msftncsi.com/ncsi.txt",
        "user-agent": "Microsoft NCSI",
        "method": "GET",
        "host": "www.msftncsi.com",
        "version": "1.1",
        "path": "/ncsi.txt",
        "data": "GET /ncsi.txt HTTP/1.1\r\nConnection: Close\r\nUser-Agent: Microsoft NCSI\r\nHost: www.msftncsi.com\r\n\r\n",
        "port": 80
      }
    ],
    "tcp": [
      {
        "src": "192.168.56.101",
        "dst": "113.171.230.17",
        "offset": 1294,
        "time": 2.809070110321045,
        "dport": 80,
        "sport": 49160
      }
    ],
    "udp": [
      {
        "src": "192.168.56.101",
        "dst": "192.168.56.255",
        "offset": 1990,
        "time": 3.079909086227417,
        "dport": 137,
        "sport": 137
      },
      {
        "src": "192.168.56.101",
        "dst": "224.0.0.252",
        "offset": 5606,
        "time": 1.044990062713623,
        "dport": 5355,
        "sport": 50233
      },
      {
        "src": "192.168.56.101",
        "dst": "224.0.0.252",
        "offset": 5926,
        "time": 1.554131031036377,
        "dport": 5355,
        "sport": 52790
      },
      {
        "src": "192.168.56.101",
        "dst": "224.0.0.252",
        "offset": 6254,
        "time": 0.04442596435546875,
        "dport": 5355,
        "sport": 53526
      },
      {
        "src": "192.168.56.101",
        "dst": "224.0.0.252",
        "offset": 6582,
        "time": 3.052406072616577,
        "dport": 5355,
        "sport": 58709
      },
      {
        "src": "192.168.56.101",
        "dst": "224.0.0.252",
        "offset": 6910,
        "time": 3.0531320571899414,
        "dport": 5355,
        "sport": 59798
      },
      {
        "src": "192.168.56.101",
        "dst": "224.0.0.252",
        "offset": 7230,
        "time": 2.428650140762329,
        "dport": 5355,
        "sport": 62139
      },
      {
        "src": "192.168.56.101",
        "dst": "8.8.8.8",
        "offset": 7550,
        "time": 2.058535099029541,
        "dport": 53,
        "sport": 54506
      },
      {
        "src": "192.168.56.101",
        "dst": "8.8.8.8",
        "offset": 7762,
        "time": 2.0296480655670166,
        "dport": 53,
        "sport": 55116
      },
      {
        "src": "192.168.56.101",
        "dst": "8.8.8.8",
        "offset": 7962,
        "time": 3.051849126815796,
        "dport": 53,
        "sport": 60897
      },
      {
        "src": "192.168.56.101",
        "dst": "8.8.8.8",
        "offset": 8237,
        "time": 2.752126932144165,
        "dport": 53,
        "sport": 65068
      }
    ],
    "dns": [
      {
        "type": "A",
        "request": "www.msftncsi.com",
        "answers": [
          {
            "data": "113.171.230.17",
            "type": "A"
          },
          {
            "data": "www.msftncsi.com.edgesuite.net",
            "type": "CNAME"
          },
          {
            "data": "a1961.g2.akamai.net",
            "type": "CNAME"
          }
        ]
      },
      {
        "type": "A",
        "request": "dns.msftncsi.com",
        "answers": [
          {
            "data": "131.107.255.255",
            "type": "A"
          }
        ]
      },
      {
        "type": "AAAA",
        "request": "dns.msftncsi.com",
        "answers": [
          {
            "data": "fd3e:4f5a:5b81::1",
            "type": "AAAA"
          }
        ]
      },
      {
        "type": "A",
        "request": "teredo.ipv6.microsoft.com",
        "answers": []
      }
    ],
    "hosts": [
      "113.171.230.17",
      "8.8.8.8"
    ],
    "icmp": [],
    "smtp": []
  },
  "static_imports": [
    "jxb_start_process_watcher",
    "jxb_chrome_shutdown",
    "jxb_start_ipc",
    "jxb_run_message_loop",
    "jxb_stop_process_watcher",
    "jxb_init_plugins",
    "jxb_chrome_initialize",
    "jxb_run_process",
    "UnhandledExceptionFilter",
    "CloseHandle",
    "WriteConsoleW",
    "SetFilePointerEx",
    "SetStdHandle",
    "GetConsoleMode",
    "GetConsoleCP",
    "FlushFileBuffers",
    "OutputDebugStringW",
    "GetCommandLineW",
    "LocalFree",
    "EncodePointer",
    "DecodePointer",
    "IsDebuggerPresent",
    "IsProcessorFeaturePresent",
    "GetLastError",
    "WideCharToMultiByte",
    "ExitProcess",
    "GetModuleHandleExW",
    "GetProcAddress",
    "MultiByteToWideChar",
    "HeapSize",
    "HeapFree",
    "RaiseException",
    "HeapAlloc",
    "SetLastError",
    "GetCurrentThreadId",
    "GetProcessHeap",
    "GetStdHandle",
    "GetFileType",
    "DeleteCriticalSection",
    "GetStartupInfoW",
    "GetModuleFileNameW",
    "WriteFile",
    "QueryPerformanceCounter",
    "GetCurrentProcessId",
    "GetSystemTimeAsFileTime",
    "GetEnvironmentStringsW",
    "FreeEnvironmentStringsW",
    "CreateFileW",
    "SetUnhandledExceptionFilter",
    "InitializeCriticalSectionAndSpinCount",
    "Sleep",
    "GetCurrentProcess",
    "TerminateProcess",
    "TlsAlloc",
    "TlsGetValue",
    "TlsSetValue",
    "TlsFree",
    "GetModuleHandleW",
    "GetStringTypeW",
    "IsValidCodePage",
    "GetACP",
    "GetOEMCP",
    "GetCPInfo",
    "EnterCriticalSection",
    "LeaveCriticalSection",
    "LoadLibraryExW",
    "HeapReAlloc",
    "RtlUnwind",
    "LCMapStringW",
    "CommandLineToArgvW"
  ],
  "signatures_ttp": {},
  "signatures_full": [
    {
      "name": "has_pdb",
      "description": "This executable has a PDB path",
      "severity": 1,
      "ttp": {},
      "markcount": 1,
      "marks": [
        {
          "category": "pdb_path",
          "ioc": "C:\\Projects\\JxBrowser\\native\\chromium\\src\\out\\Release\\jxbrowser-chromium.pdb",
          "type": "ioc",
          "description": null
        }
      ]
    },
    {
      "name": "origin_langid",
      "description": "Foreign language identified in PE resource",
      "severity": 2,
      "ttp": {},
      "markcount": 1,
      "marks": [
        {
          "name": "RT_VERSION",
          "language": "LANG_UKRAINIAN",
          "offset": "0x00019550",
          "filetype": "data",
          "sublanguage": "SUBLANG_DEFAULT",
          "type": "generic",
          "size": "0x00000324"
        }
      ]
    }
  ],
  "processes": [
    {
      "name": "lsass.exe",
      "path": "C:\\Windows\\System32\\lsass.exe",
      "pid": 484,
      "cmdline": "C:\\Windows\\system32\\lsass.exe",
      "modules": [
        "lsass.exe",
        "ntdll.dll",
        "kernel32.dll",
        "KERNELBASE.dll",
        "msvcrt.dll",
        "RPCRT4.dll",
        "SspiSrv.dll",
        "lsasrv.dll",
        "sechost.dll",
        "SspiCli.dll",
        "ADVAPI32.dll",
        "USER32.dll",
        "GDI32.dll",
        "LPK.dll",
        "USP10.dll",
        "SAMSRV.dll",
        "cryptdll.dll",
        "MSASN1.dll",
        "wevtapi.dll",
        "IMM32.DLL",
        "MSCTF.dll",
        "cngaudit.dll",
        "AUTHZ.dll",
        "ncrypt.dll",
        "bcrypt.dll",
        "msprivs.DLL",
        "netjoin.dll",
        "negoexts.DLL",
        "Secur32.dll",
        "cryptbase.dll",
        "kerberos.DLL",
        "CRYPTSP.dll",
        "WS2_32.dll",
        "NSI.dll",
        "mswsock.dll",
        "wship6.dll",
        "msv1_0.DLL",
        "netlogon.DLL",
        "DNSAPI.dll",
        "logoncli.dll",
        "schannel.DLL",
        "CRYPT32.dll",
        "wdigest.DLL",
        "rsaenh.dll",
        "tspkg.DLL",
        "pku2u.DLL",
        "bcryptprimitives.dll",
        "RpcRtRemote.dll",
        "efslsaext.dll",
        "WINSTA.dll",
        "scecli.DLL",
        "credssp.dll",
        "IPHLPAPI.DLL",
        "WINNSI.DLL",
        "netutils.dll",
        "USERENV.dll",
        "profapi.dll",
        "wshtcpip.dll",
        "monitor-x64.dll"
      ]
    }
  ]
}