{
  "behavior_summary": {
    "file_created": [],
    "file_deleted": [],
    "file_read": [],
    "file_recreated": [],
    "file_exists": [],
    "file_opened": [],
    "regkey_opened": [],
    "regkey_read": [],
    "regkey_written": [],
    "dll_loaded": [],
    "executed_commands": [],
    "directory_created": [],
    "mutex": [],
    "processes_created": [],
    "resolves_host": []
  },
  "dropped_files": [],
  "api_statistics": {},
  "api_call_sequence": [],
  "network": {
    "http": [
      {
        "count": 1,
        "body": "",
        "uri": "http://www.msftncsi.com/ncsi.txt",
        "user-agent": "Microsoft NCSI",
        "method": "GET",
        "host": "www.msftncsi.com",
        "version": "1.1",
        "path": "/ncsi.txt",
        "data": "GET /ncsi.txt HTTP/1.1\r\nConnection: Close\r\nUser-Agent: Microsoft NCSI\r\nHost: www.msftncsi.com\r\n\r\n",
        "port": 80
      }
    ],
    "tcp": [
      {
        "src": "192.168.56.101",
        "dst": "113.171.230.17",
        "offset": 1294,
        "time": 2.81134295463562,
        "dport": 80,
        "sport": 49161
      }
    ],
    "udp": [
      {
        "src": "192.168.56.101",
        "dst": "192.168.56.255",
        "offset": 2060,
        "time": 3.0784499645233154,
        "dport": 137,
        "sport": 137
      },
      {
        "src": "192.168.56.101",
        "dst": "224.0.0.252",
        "offset": 5676,
        "time": 1.0277199745178223,
        "dport": 5355,
        "sport": 50233
      },
      {
        "src": "192.168.56.101",
        "dst": "224.0.0.252",
        "offset": 5996,
        "time": 2.0442728996276855,
        "dport": 5355,
        "sport": 52790
      },
      {
        "src": "192.168.56.101",
        "dst": "224.0.0.252",
        "offset": 6324,
        "time": 0.04780697822570801,
        "dport": 5355,
        "sport": 53526
      },
      {
        "src": "192.168.56.101",
        "dst": "224.0.0.252",
        "offset": 6652,
        "time": 2.42789888381958,
        "dport": 5355,
        "sport": 54506
      },
      {
        "src": "192.168.56.101",
        "dst": "224.0.0.252",
        "offset": 6972,
        "time": 3.0196118354797363,
        "dport": 5355,
        "sport": 60897
      },
      {
        "src": "192.168.56.101",
        "dst": "224.0.0.252",
        "offset": 7292,
        "time": 3.0182669162750244,
        "dport": 5355,
        "sport": 65068
      },
      {
        "src": "192.168.56.101",
        "dst": "8.8.8.8",
        "offset": 7620,
        "time": 2.752105951309204,
        "dport": 53,
        "sport": 58224
      },
      {
        "src": "192.168.56.101",
        "dst": "8.8.8.8",
        "offset": 7894,
        "time": 3.02115797996521,
        "dport": 53,
        "sport": 58709
      }
    ],
    "dns": [
      {
        "type": "A",
        "request": "www.msftncsi.com",
        "answers": [
          {
            "data": "113.171.230.17",
            "type": "A"
          },
          {
            "data": "www.msftncsi.com.edgesuite.net",
            "type": "CNAME"
          },
          {
            "data": "a1961.g2.akamai.net",
            "type": "CNAME"
          }
        ]
      },
      {
        "type": "A",
        "request": "teredo.ipv6.microsoft.com",
        "answers": []
      }
    ],
    "hosts": [
      "113.171.230.17",
      "8.8.8.8"
    ],
    "icmp": [],
    "smtp": []
  },
  "static_imports": [
    "?CloseSplash@@YAXXZ",
    "?OpenSplash@@YAXPEAUHINSTANCE__@@PEAUHBITMAP__@@@Z",
    "?getCopyToTempFlag@JavaLauncherConfig@@QEAAHXZ",
    "?getPathlistJar@JavaLauncherConfig@@QEAA?AV?$basic_string@DU?$char_traits@D@std@@V?$allocator@D@2@@std@@PEB_W@Z",
    "?getMainClass@JavaLauncherConfig@@QEAA?AV?$basic_string@DU?$char_traits@D@std@@V?$allocator@D@2@@std@@XZ",
    "??1JavaLauncherConfig@@QEAA@XZ",
    "??0JavaLauncherConfig@@QEAA@PEB_W@Z",
    "?runJavaCode@@YAHPEBDV?$basic_string@DU?$char_traits@D@std@@V?$allocator@D@2@@std@@@Z",
    "?getLocalRunDir@@YAPEB_WXZ",
    "?getSetupDir@@YAPEB_WXZ",
    "?deleteLocalRunDir@@YAXXZ",
    "?setupLocalRunDir@@YAHXZ",
    "?shouldCreateNewProcessIfTemp@@YAHXZ",
    "?getExitStat@@YAHXZ",
    "?setExitStat@@YAXH@Z",
    "?addToCmdLineArgs@@YAXPEB_W@Z",
    "?getcopyJRE@@YAHXZ",
    "?setcopyJRE@@YAXH@Z",
    "?getMode@@YAHXZ",
    "?getCmdLineArgs@@YAXXZ",
    "?getArch@@YAPEA_WXZ",
    "GetProcessHeap",
    "CreateFileW",
    "FlushFileBuffers",
    "WriteConsoleW",
    "SetStdHandle",
    "GetStringTypeW",
    "OutputDebugStringW",
    "SetFilePointerEx",
    "GetConsoleMode",
    "GetConsoleCP",
    "HeapReAlloc",
    "GetCPInfo",
    "GetOEMCP",
    "GetACP",
    "IsValidCodePage",
    "LoadLibraryExW",
    "FreeLibrary",
    "FatalAppExitA",
    "LeaveCriticalSection",
    "EnterCriticalSection",
    "EnumSystemLocalesW",
    "GetUserDefaultLCID",
    "GetCommandLineW",
    "GetEnvironmentVariableW",
    "SetEnvironmentVariableW",
    "CreateProcessW",
    "GetModuleHandleW",
    "IsValidLocale",
    "GetLocaleInfoW",
    "LCMapStringW",
    "CompareStringW",
    "GetTimeFormatW",
    "GetDateFormatW",
    "SetConsoleCtrlHandler",
    "EncodePointer",
    "DecodePointer",
    "RtlPcToFileHeader",
    "RaiseException",
    "RtlLookupFunctionEntry",
    "RtlUnwindEx",
    "GetCommandLineA",
    "IsProcessorFeaturePresent",
    "GetLastError",
    "HeapAlloc",
    "HeapFree",
    "ExitProcess",
    "GetModuleHandleExW",
    "GetProcAddress",
    "AreFileApisANSI",
    "MultiByteToWideChar",
    "WideCharToMultiByte",
    "HeapSize",
    "IsDebuggerPresent",
    "SetLastError",
    "GetCurrentThread",
    "GetCurrentThreadId",
    "CloseHandle",
    "GetStdHandle",
    "GetFileType",
    "DeleteCriticalSection",
    "GetStartupInfoW",
    "GetModuleFileNameA",
    "WriteFile",
    "GetModuleFileNameW",
    "QueryPerformanceCounter",
    "GetCurrentProcessId",
    "GetSystemTimeAsFileTime",
    "GetEnvironmentStringsW",
    "FreeEnvironmentStringsW",
    "RtlCaptureContext",
    "RtlVirtualUnwind",
    "UnhandledExceptionFilter",
    "SetUnhandledExceptionFilter",
    "InitializeCriticalSectionAndSpinCount",
    "CreateEventW",
    "Sleep",
    "GetCurrentProcess",
    "TerminateProcess",
    "TlsAlloc",
    "TlsGetValue",
    "TlsSetValue",
    "TlsFree",
    "GetTickCount",
    "CreateSemaphoreW",
    "FindWindowW",
    "MessageBoxW",
    "CreateWindowExW",
    "RegisterClassExW",
    "DefWindowProcW",
    "LoadStringW"
  ],
  "signatures_ttp": {
    "T1045": "Software Packing"
  },
  "signatures_full": [
    {
      "name": "has_pdb",
      "description": "This executable has a PDB path",
      "severity": 1,
      "ttp": {},
      "markcount": 1,
      "marks": [
        {
          "category": "pdb_path",
          "ioc": "B:\\matlab\\install\\bin\\win64\\setup\\setup.pdb",
          "type": "ioc",
          "description": null
        }
      ]
    },
    {
      "name": "origin_langid",
      "description": "Foreign language identified in PE resource",
      "severity": 2,
      "ttp": {},
      "markcount": 2,
      "marks": [
        {
          "name": "RT_STRING",
          "language": "LANG_JAPANESE",
          "offset": "0x00055820",
          "filetype": "data",
          "sublanguage": "SUBLANG_DEFAULT",
          "type": "generic",
          "size": "0x00000064"
        },
        {
          "name": "RT_STRING",
          "language": "LANG_JAPANESE",
          "offset": "0x00055820",
          "filetype": "data",
          "sublanguage": "SUBLANG_DEFAULT",
          "type": "generic",
          "size": "0x00000064"
        }
      ]
    },
    {
      "name": "packer_entropy",
      "description": "The binary likely contains encrypted or compressed data indicative of a packer",
      "severity": 2,
      "ttp": {
        "T1045": {
          "short": "Software Packing",
          "long": "Software packing is a method of compressing or encrypting an executable. Packing an executable changes the file signature in an attempt to avoid signature-based detection. Most decompression techniques decompress the executable code in memory."
        }
      },
      "markcount": 2,
      "marks": [
        {
          "entropy": 6.957584133976989,
          "section": {
            "size_of_data": "0x00011a00",
            "virtual_address": "0x00044000",
            "entropy": 6.957584133976989,
            "name": ".rsrc",
            "virtual_size": "0x00011888"
          },
          "type": "generic",
          "description": "A section with a high entropy has been found"
        },
        {
          "entropy": 0.22169811320754718,
          "type": "generic",
          "description": "Overall entropy of this PE file is high"
        }
      ]
    }
  ],
  "processes": [
    {
      "name": "lsass.exe",
      "path": "C:\\Windows\\System32\\lsass.exe",
      "pid": 484,
      "cmdline": "C:\\Windows\\system32\\lsass.exe",
      "modules": [
        "lsass.exe",
        "ntdll.dll",
        "kernel32.dll",
        "KERNELBASE.dll",
        "msvcrt.dll",
        "RPCRT4.dll",
        "SspiSrv.dll",
        "lsasrv.dll",
        "sechost.dll",
        "SspiCli.dll",
        "ADVAPI32.dll",
        "USER32.dll",
        "GDI32.dll",
        "LPK.dll",
        "USP10.dll",
        "SAMSRV.dll",
        "cryptdll.dll",
        "MSASN1.dll",
        "wevtapi.dll",
        "IMM32.DLL",
        "MSCTF.dll",
        "cngaudit.dll",
        "AUTHZ.dll",
        "ncrypt.dll",
        "bcrypt.dll",
        "msprivs.DLL",
        "netjoin.dll",
        "negoexts.DLL",
        "Secur32.dll",
        "cryptbase.dll",
        "kerberos.DLL",
        "CRYPTSP.dll",
        "WS2_32.dll",
        "NSI.dll",
        "mswsock.dll",
        "wship6.dll",
        "msv1_0.DLL",
        "netlogon.DLL",
        "DNSAPI.dll",
        "logoncli.dll",
        "schannel.DLL",
        "CRYPT32.dll",
        "wdigest.DLL",
        "rsaenh.dll",
        "tspkg.DLL",
        "pku2u.DLL",
        "bcryptprimitives.dll",
        "RpcRtRemote.dll",
        "efslsaext.dll",
        "WINSTA.dll",
        "scecli.DLL",
        "credssp.dll",
        "IPHLPAPI.DLL",
        "WINNSI.DLL",
        "netutils.dll",
        "USERENV.dll",
        "profapi.dll",
        "wshtcpip.dll",
        "monitor-x64.dll"
      ]
    }
  ]
}