{
  "behavior_summary": {
    "file_created": [],
    "file_deleted": [],
    "file_read": [],
    "file_recreated": [],
    "file_exists": [],
    "file_opened": [],
    "regkey_opened": [],
    "regkey_read": [],
    "regkey_written": [],
    "dll_loaded": [],
    "executed_commands": [],
    "directory_created": [],
    "mutex": [],
    "processes_created": [],
    "resolves_host": []
  },
  "dropped_files": [],
  "api_statistics": {},
  "api_call_sequence": [],
  "network": {
    "http": [
      {
        "count": 1,
        "body": "",
        "uri": "http://www.msftncsi.com/ncsi.txt",
        "user-agent": "Microsoft NCSI",
        "method": "GET",
        "host": "www.msftncsi.com",
        "version": "1.1",
        "path": "/ncsi.txt",
        "data": "GET /ncsi.txt HTTP/1.1\r\nConnection: Close\r\nUser-Agent: Microsoft NCSI\r\nHost: www.msftncsi.com\r\n\r\n",
        "port": 80
      }
    ],
    "tcp": [
      {
        "src": "192.168.56.101",
        "dst": "113.171.230.17",
        "offset": 1294,
        "time": 2.9737510681152344,
        "dport": 80,
        "sport": 49160
      }
    ],
    "udp": [
      {
        "src": "192.168.56.101",
        "dst": "192.168.56.255",
        "offset": 1990,
        "time": 3.14727520942688,
        "dport": 137,
        "sport": 137
      },
      {
        "src": "192.168.56.101",
        "dst": "224.0.0.252",
        "offset": 4634,
        "time": 1.624629020690918,
        "dport": 5355,
        "sport": 50233
      },
      {
        "src": "192.168.56.101",
        "dst": "224.0.0.252",
        "offset": 4962,
        "time": 1.1156210899353027,
        "dport": 5355,
        "sport": 53526
      },
      {
        "src": "192.168.56.101",
        "dst": "224.0.0.252",
        "offset": 5282,
        "time": 2.4968910217285156,
        "dport": 5355,
        "sport": 54506
      },
      {
        "src": "192.168.56.101",
        "dst": "224.0.0.252",
        "offset": 5602,
        "time": 0.11785507202148438,
        "dport": 5355,
        "sport": 54795
      },
      {
        "src": "192.168.56.101",
        "dst": "224.0.0.252",
        "offset": 5930,
        "time": 3.0782361030578613,
        "dport": 5355,
        "sport": 58709
      },
      {
        "src": "192.168.56.101",
        "dst": "224.0.0.252",
        "offset": 6250,
        "time": 3.077268123626709,
        "dport": 5355,
        "sport": 65068
      },
      {
        "src": "192.168.56.101",
        "dst": "8.8.8.8",
        "offset": 6578,
        "time": 2.1124532222747803,
        "dport": 53,
        "sport": 51755
      },
      {
        "src": "192.168.56.101",
        "dst": "8.8.8.8",
        "offset": 6778,
        "time": 2.140874147415161,
        "dport": 53,
        "sport": 52790
      },
      {
        "src": "192.168.56.101",
        "dst": "8.8.8.8",
        "offset": 6990,
        "time": 2.8204410076141357,
        "dport": 53,
        "sport": 58224
      },
      {
        "src": "192.168.56.101",
        "dst": "8.8.8.8",
        "offset": 7264,
        "time": 3.0779080390930176,
        "dport": 53,
        "sport": 60897
      }
    ],
    "dns": [
      {
        "type": "A",
        "request": "www.msftncsi.com",
        "answers": [
          {
            "data": "113.171.230.17",
            "type": "A"
          },
          {
            "data": "www.msftncsi.com.edgesuite.net",
            "type": "CNAME"
          },
          {
            "data": "a1961.g2.akamai.net",
            "type": "CNAME"
          }
        ]
      },
      {
        "type": "AAAA",
        "request": "dns.msftncsi.com",
        "answers": [
          {
            "data": "fd3e:4f5a:5b81::1",
            "type": "AAAA"
          }
        ]
      },
      {
        "type": "A",
        "request": "dns.msftncsi.com",
        "answers": [
          {
            "data": "131.107.255.255",
            "type": "A"
          }
        ]
      },
      {
        "type": "A",
        "request": "teredo.ipv6.microsoft.com",
        "answers": []
      }
    ],
    "hosts": [
      "113.171.230.17",
      "8.8.8.8"
    ],
    "icmp": [],
    "smtp": []
  },
  "static_imports": [
    "gimp_display_new",
    "gimp_displays_flush",
    "gimp_drawable_bpp",
    "gimp_drawable_detach",
    "gimp_drawable_flush",
    "gimp_drawable_get",
    "gimp_drawable_has_alpha",
    "gimp_drawable_height",
    "gimp_drawable_offsets",
    "gimp_drawable_width",
    "gimp_image_base_type",
    "gimp_image_get_colormap",
    "gimp_image_get_layers",
    "gimp_image_height",
    "gimp_image_insert_layer",
    "gimp_image_new",
    "gimp_image_set_colormap",
    "gimp_image_undo_disable",
    "gimp_image_undo_enable",
    "gimp_image_width",
    "gimp_install_procedure",
    "gimp_item_get_name",
    "gimp_item_set_name",
    "gimp_layer_new",
    "gimp_layer_translate",
    "gimp_main",
    "gimp_pixel_rgn_get_rect",
    "gimp_pixel_rgn_init",
    "gimp_pixel_rgn_set_rect",
    "gimp_plugin_menu_register",
    "gimp_progress_init",
    "gimp_progress_update",
    "gimp_quit",
    "DeleteCriticalSection",
    "EnterCriticalSection",
    "GetCurrentProcess",
    "GetCurrentProcessId",
    "GetCurrentThreadId",
    "GetLastError",
    "GetModuleHandleA",
    "GetProcAddress",
    "GetStartupInfoA",
    "GetSystemTimeAsFileTime",
    "GetTickCount",
    "InitializeCriticalSection",
    "LeaveCriticalSection",
    "QueryPerformanceCounter",
    "RtlAddFunctionTable",
    "RtlCaptureContext",
    "RtlLookupFunctionEntry",
    "RtlVirtualUnwind",
    "SetUnhandledExceptionFilter",
    "Sleep",
    "TerminateProcess",
    "TlsGetValue",
    "UnhandledExceptionFilter",
    "VirtualProtect",
    "VirtualQuery",
    "__C_specific_handler",
    "__argc",
    "__argv",
    "__dllonexit",
    "__getmainargs",
    "__initenv",
    "__iob_func",
    "__lconv_init",
    "__set_app_type",
    "__setusermatherr",
    "_acmdln",
    "_amsg_exit",
    "_cexit",
    "_fmode",
    "_initterm",
    "_lock",
    "_onexit",
    "_unlock",
    "abort",
    "calloc",
    "exit",
    "fprintf",
    "free",
    "fwrite",
    "malloc",
    "memcpy",
    "memset",
    "signal",
    "strlen",
    "strncmp",
    "vfprintf",
    "gimp_locale_directory",
    "g_ascii_table",
    "g_ascii_toupper",
    "g_free",
    "g_log",
    "g_malloc",
    "g_malloc0_n",
    "g_malloc_n",
    "g_snprintf",
    "libintl_bind_textdomain_codeset",
    "libintl_bindtextdomain",
    "libintl_gettext",
    "libintl_textdomain"
  ],
  "signatures_ttp": {},
  "signatures_full": [],
  "processes": [
    {
      "name": "lsass.exe",
      "path": "C:\\Windows\\System32\\lsass.exe",
      "pid": 484,
      "cmdline": "C:\\Windows\\system32\\lsass.exe",
      "modules": [
        "lsass.exe",
        "ntdll.dll",
        "kernel32.dll",
        "KERNELBASE.dll",
        "msvcrt.dll",
        "RPCRT4.dll",
        "SspiSrv.dll",
        "lsasrv.dll",
        "sechost.dll",
        "SspiCli.dll",
        "ADVAPI32.dll",
        "USER32.dll",
        "GDI32.dll",
        "LPK.dll",
        "USP10.dll",
        "SAMSRV.dll",
        "cryptdll.dll",
        "MSASN1.dll",
        "wevtapi.dll",
        "IMM32.DLL",
        "MSCTF.dll",
        "cngaudit.dll",
        "AUTHZ.dll",
        "ncrypt.dll",
        "bcrypt.dll",
        "msprivs.DLL",
        "netjoin.dll",
        "negoexts.DLL",
        "Secur32.dll",
        "cryptbase.dll",
        "kerberos.DLL",
        "CRYPTSP.dll",
        "WS2_32.dll",
        "NSI.dll",
        "mswsock.dll",
        "wship6.dll",
        "msv1_0.DLL",
        "netlogon.DLL",
        "DNSAPI.dll",
        "logoncli.dll",
        "schannel.DLL",
        "CRYPT32.dll",
        "wdigest.DLL",
        "rsaenh.dll",
        "tspkg.DLL",
        "pku2u.DLL",
        "bcryptprimitives.dll",
        "RpcRtRemote.dll",
        "efslsaext.dll",
        "WINSTA.dll",
        "scecli.DLL",
        "credssp.dll",
        "IPHLPAPI.DLL",
        "WINNSI.DLL",
        "netutils.dll",
        "USERENV.dll",
        "profapi.dll",
        "wshtcpip.dll",
        "monitor-x64.dll"
      ]
    }
  ]
}