{
  "behavior_summary": {
    "file_created": [],
    "file_deleted": [],
    "file_read": [],
    "file_recreated": [],
    "file_exists": [],
    "file_opened": [],
    "regkey_opened": [],
    "regkey_read": [],
    "regkey_written": [],
    "dll_loaded": [],
    "executed_commands": [],
    "directory_created": [],
    "mutex": [],
    "processes_created": [],
    "resolves_host": []
  },
  "dropped_files": [],
  "api_statistics": {},
  "api_call_sequence": [],
  "network": {
    "http": [
      {
        "count": 1,
        "body": "",
        "uri": "http://www.msftncsi.com/ncsi.txt",
        "user-agent": "Microsoft NCSI",
        "method": "GET",
        "host": "www.msftncsi.com",
        "version": "1.1",
        "path": "/ncsi.txt",
        "data": "GET /ncsi.txt HTTP/1.1\r\nConnection: Close\r\nUser-Agent: Microsoft NCSI\r\nHost: www.msftncsi.com\r\n\r\n",
        "port": 80
      }
    ],
    "tcp": [
      {
        "src": "192.168.56.101",
        "dst": "113.171.230.17",
        "offset": 1342,
        "time": 5.90014386177063,
        "dport": 80,
        "sport": 49160
      }
    ],
    "udp": [
      {
        "src": "192.168.56.101",
        "dst": "192.168.56.255",
        "offset": 2038,
        "time": 3.162047863006592,
        "dport": 137,
        "sport": 137
      },
      {
        "src": "192.168.56.101",
        "dst": "224.0.0.252",
        "offset": 5762,
        "time": 1.0921189785003662,
        "dport": 5355,
        "sport": 50233
      },
      {
        "src": "192.168.56.101",
        "dst": "224.0.0.252",
        "offset": 6082,
        "time": 1.4812569618225098,
        "dport": 5355,
        "sport": 52790
      },
      {
        "src": "192.168.56.101",
        "dst": "224.0.0.252",
        "offset": 6410,
        "time": 0.49030089378356934,
        "dport": 5355,
        "sport": 53526
      },
      {
        "src": "192.168.56.101",
        "dst": "224.0.0.252",
        "offset": 6738,
        "time": 2.519836902618408,
        "dport": 5355,
        "sport": 54506
      },
      {
        "src": "192.168.56.101",
        "dst": "224.0.0.252",
        "offset": 7058,
        "time": 3.0962328910827637,
        "dport": 5355,
        "sport": 64762
      },
      {
        "src": "192.168.56.101",
        "dst": "8.8.8.8",
        "offset": 7378,
        "time": 2.8353569507598877,
        "dport": 53,
        "sport": 58224
      },
      {
        "src": "192.168.56.101",
        "dst": "8.8.8.8",
        "offset": 7652,
        "time": 3.0944600105285645,
        "dport": 53,
        "sport": 62139
      }
    ],
    "dns": [
      {
        "type": "A",
        "request": "www.msftncsi.com",
        "answers": [
          {
            "data": "113.171.230.17",
            "type": "A"
          },
          {
            "data": "www.msftncsi.com.edgesuite.net",
            "type": "CNAME"
          },
          {
            "data": "a1961.g2.akamai.net",
            "type": "CNAME"
          }
        ]
      },
      {
        "type": "A",
        "request": "teredo.ipv6.microsoft.com",
        "answers": []
      }
    ],
    "hosts": [
      "113.171.230.17",
      "8.8.8.8"
    ],
    "icmp": [],
    "smtp": []
  },
  "static_imports": [
    "FcCacheCreateTagFile",
    "FcCacheNumFont",
    "FcCacheNumSubdir",
    "FcCacheSubdir",
    "FcConfigDestroy",
    "FcConfigEnableHome",
    "FcConfigGetCacheDirs",
    "FcConfigGetConfigDirs",
    "FcConfigGetCurrent",
    "FcConfigGetSysRoot",
    "FcConfigSetCurrent",
    "FcConfigSetSysRoot",
    "FcDirCacheClean",
    "FcDirCacheLoad",
    "FcDirCacheRead",
    "FcDirCacheUnlink",
    "FcDirCacheUnload",
    "FcDirCacheValid",
    "FcFini",
    "FcInitLoadConfig",
    "FcStrCopy",
    "FcStrFree",
    "FcStrListCreate",
    "FcStrListDone",
    "FcStrListNext",
    "FcStrSetAdd",
    "FcStrSetAddFilename",
    "FcStrSetCreate",
    "FcStrSetDestroy",
    "FcStrSetMember",
    "DeleteCriticalSection",
    "EnterCriticalSection",
    "GetCurrentProcess",
    "GetCurrentProcessId",
    "GetCurrentThreadId",
    "GetLastError",
    "GetStartupInfoA",
    "GetSystemTimeAsFileTime",
    "GetTickCount",
    "InitializeCriticalSection",
    "LeaveCriticalSection",
    "QueryPerformanceCounter",
    "RtlAddFunctionTable",
    "RtlCaptureContext",
    "RtlLookupFunctionEntry",
    "RtlVirtualUnwind",
    "SetUnhandledExceptionFilter",
    "Sleep",
    "TerminateProcess",
    "TlsGetValue",
    "UnhandledExceptionFilter",
    "VirtualProtect",
    "VirtualQuery",
    "__C_specific_handler",
    "__argv",
    "__dllonexit",
    "__getmainargs",
    "__initenv",
    "__iob_func",
    "__lconv_init",
    "__set_app_type",
    "__setusermatherr",
    "_acmdln",
    "_amsg_exit",
    "_cexit",
    "_errno",
    "_fmode",
    "_initterm",
    "_lock",
    "_onexit",
    "_unlock",
    "abort",
    "calloc",
    "exit",
    "fflush",
    "fprintf",
    "fputc",
    "free",
    "fwrite",
    "getenv",
    "malloc",
    "memcpy",
    "perror",
    "printf",
    "puts",
    "signal",
    "strchr",
    "strlen",
    "strncmp",
    "vfprintf",
    "_stat64"
  ],
  "signatures_ttp": {},
  "signatures_full": [],
  "processes": [
    {
      "name": "lsass.exe",
      "path": "C:\\Windows\\System32\\lsass.exe",
      "pid": 484,
      "cmdline": "C:\\Windows\\system32\\lsass.exe",
      "modules": [
        "lsass.exe",
        "ntdll.dll",
        "kernel32.dll",
        "KERNELBASE.dll",
        "msvcrt.dll",
        "RPCRT4.dll",
        "SspiSrv.dll",
        "lsasrv.dll",
        "sechost.dll",
        "SspiCli.dll",
        "ADVAPI32.dll",
        "USER32.dll",
        "GDI32.dll",
        "LPK.dll",
        "USP10.dll",
        "SAMSRV.dll",
        "cryptdll.dll",
        "MSASN1.dll",
        "wevtapi.dll",
        "IMM32.DLL",
        "MSCTF.dll",
        "cngaudit.dll",
        "AUTHZ.dll",
        "ncrypt.dll",
        "bcrypt.dll",
        "msprivs.DLL",
        "netjoin.dll",
        "negoexts.DLL",
        "Secur32.dll",
        "cryptbase.dll",
        "kerberos.DLL",
        "CRYPTSP.dll",
        "WS2_32.dll",
        "NSI.dll",
        "mswsock.dll",
        "wship6.dll",
        "msv1_0.DLL",
        "netlogon.DLL",
        "DNSAPI.dll",
        "logoncli.dll",
        "schannel.DLL",
        "CRYPT32.dll",
        "wdigest.DLL",
        "rsaenh.dll",
        "tspkg.DLL",
        "pku2u.DLL",
        "bcryptprimitives.dll",
        "RpcRtRemote.dll",
        "efslsaext.dll",
        "WINSTA.dll",
        "scecli.DLL",
        "credssp.dll",
        "IPHLPAPI.DLL",
        "WINNSI.DLL",
        "netutils.dll",
        "USERENV.dll",
        "profapi.dll",
        "wshtcpip.dll",
        "monitor-x64.dll"
      ]
    }
  ]
}