{
  "behavior_summary": {
    "file_created": [],
    "file_deleted": [],
    "file_read": [],
    "file_recreated": [],
    "file_exists": [],
    "file_opened": [],
    "regkey_opened": [],
    "regkey_read": [
      "HKEY_LOCAL_MACHINE\\SOFTWARE\\Microsoft\\Windows NT\\CurrentVersion\\GRE_Initialize\\DisableMetaFiles"
    ],
    "regkey_written": [],
    "dll_loaded": [],
    "executed_commands": [],
    "directory_created": [],
    "mutex": [],
    "processes_created": [],
    "resolves_host": []
  },
  "dropped_files": [],
  "api_statistics": {
    "2304": {
      "NtQueryValueKey": 1,
      "LdrUnloadDll": 1,
      "GlobalMemoryStatus": 1,
      "NtOpenKey": 1,
      "LdrGetProcedureAddress": 2,
      "NtTerminateProcess": 3,
      "GetFileType": 3,
      "NtAllocateVirtualMemory": 17,
      "LdrGetDllHandle": 1,
      "NtClose": 5
    }
  },
  "api_call_sequence": [
    {
      "time": 1746152895.23425,
      "api": "LdrGetDllHandle",
      "pid": 2304,
      "arguments": {
        "module_name": "kernel32.dll",
        "stack_pivoted": 0,
        "module_address": "0x77820000"
      },
      "category": "system"
    },
    {
      "time": 1746152895.23425,
      "api": "LdrGetProcedureAddress",
      "pid": 2304,
      "arguments": {
        "ordinal": 0,
        "module": "kernel32",
        "module_address": "0x77820000",
        "function_address": "0x77831222",
        "function_name": "GetProcAddress"
      },
      "category": "system"
    },
    {
      "time": 1746152895.23425,
      "api": "LdrGetProcedureAddress",
      "pid": 2304,
      "arguments": {
        "ordinal": 0,
        "module": "kernel32",
        "module_address": "0x77820000",
        "function_address": "0x0040c130",
        "function_name": "Borland32"
      },
      "category": "system"
    },
    {
      "time": 1746152895.23425,
      "api": "GlobalMemoryStatus",
      "pid": 2304,
      "arguments": {},
      "category": "system"
    },
    {
      "time": 1746152895.23425,
      "api": "NtAllocateVirtualMemory",
      "pid": 2304,
      "arguments": {
        "process_identifier": 2304,
        "region_size": 4194304,
        "stack_dep_bypass": 0,
        "stack_pivoted": 0,
        "heap_dep_bypass": 0,
        "protection": 1,
        "process_handle": "0xffffffff",
        "allocation_type": 8192,
        "base_address": "0x01d70000"
      },
      "category": "process"
    },
    {
      "time": 1746152895.23425,
      "api": "NtAllocateVirtualMemory",
      "pid": 2304,
      "arguments": {
        "process_identifier": 2304,
        "region_size": 4096,
        "stack_dep_bypass": 0,
        "stack_pivoted": 0,
        "heap_dep_bypass": 0,
        "protection": 4,
        "process_handle": "0xffffffff",
        "allocation_type": 4096,
        "base_address": "0x01d70000"
      },
      "category": "process"
    },
    {
      "time": 1746152895.23425,
      "api": "NtAllocateVirtualMemory",
      "pid": 2304,
      "arguments": {
        "process_identifier": 2304,
        "region_size": 4096,
        "stack_dep_bypass": 0,
        "stack_pivoted": 0,
        "heap_dep_bypass": 0,
        "protection": 4,
        "process_handle": "0xffffffff",
        "allocation_type": 4096,
        "base_address": "0x01d71000"
      },
      "category": "process"
    },
    {
      "time": 1746152895.23425,
      "api": "NtAllocateVirtualMemory",
      "pid": 2304,
      "arguments": {
        "process_identifier": 2304,
        "region_size": 4096,
        "stack_dep_bypass": 0,
        "stack_pivoted": 0,
        "heap_dep_bypass": 0,
        "protection": 4,
        "process_handle": "0xffffffff",
        "allocation_type": 4096,
        "base_address": "0x01d72000"
      },
      "category": "process"
    },
    {
      "time": 1746152895.23425,
      "api": "NtAllocateVirtualMemory",
      "pid": 2304,
      "arguments": {
        "process_identifier": 2304,
        "region_size": 4096,
        "stack_dep_bypass": 0,
        "stack_pivoted": 0,
        "heap_dep_bypass": 0,
        "protection": 4,
        "process_handle": "0xffffffff",
        "allocation_type": 4096,
        "base_address": "0x01d73000"
      },
      "category": "process"
    },
    {
      "time": 1746152895.23425,
      "api": "NtAllocateVirtualMemory",
      "pid": 2304,
      "arguments": {
        "process_identifier": 2304,
        "region_size": 4096,
        "stack_dep_bypass": 0,
        "stack_pivoted": 0,
        "heap_dep_bypass": 0,
        "protection": 4,
        "process_handle": "0xffffffff",
        "allocation_type": 4096,
        "base_address": "0x01d74000"
      },
      "category": "process"
    },
    {
      "time": 1746152895.23425,
      "api": "NtAllocateVirtualMemory",
      "pid": 2304,
      "arguments": {
        "process_identifier": 2304,
        "region_size": 4096,
        "stack_dep_bypass": 0,
        "stack_pivoted": 0,
        "heap_dep_bypass": 0,
        "protection": 4,
        "process_handle": "0xffffffff",
        "allocation_type": 4096,
        "base_address": "0x01d75000"
      },
      "category": "process"
    },
    {
      "time": 1746152895.23425,
      "api": "NtAllocateVirtualMemory",
      "pid": 2304,
      "arguments": {
        "process_identifier": 2304,
        "region_size": 4096,
        "stack_dep_bypass": 0,
        "stack_pivoted": 0,
        "heap_dep_bypass": 0,
        "protection": 4,
        "process_handle": "0xffffffff",
        "allocation_type": 4096,
        "base_address": "0x01d76000"
      },
      "category": "process"
    },
    {
      "time": 1746152895.23425,
      "api": "NtAllocateVirtualMemory",
      "pid": 2304,
      "arguments": {
        "process_identifier": 2304,
        "region_size": 4096,
        "stack_dep_bypass": 0,
        "stack_pivoted": 0,
        "heap_dep_bypass": 0,
        "protection": 4,
        "process_handle": "0xffffffff",
        "allocation_type": 4096,
        "base_address": "0x01d77000"
      },
      "category": "process"
    },
    {
      "time": 1746152895.23425,
      "api": "NtAllocateVirtualMemory",
      "pid": 2304,
      "arguments": {
        "process_identifier": 2304,
        "region_size": 4096,
        "stack_dep_bypass": 0,
        "stack_pivoted": 0,
        "heap_dep_bypass": 0,
        "protection": 4,
        "process_handle": "0xffffffff",
        "allocation_type": 4096,
        "base_address": "0x01d78000"
      },
      "category": "process"
    },
    {
      "time": 1746152895.23425,
      "api": "NtAllocateVirtualMemory",
      "pid": 2304,
      "arguments": {
        "process_identifier": 2304,
        "region_size": 4096,
        "stack_dep_bypass": 0,
        "stack_pivoted": 0,
        "heap_dep_bypass": 0,
        "protection": 4,
        "process_handle": "0xffffffff",
        "allocation_type": 4096,
        "base_address": "0x01d79000"
      },
      "category": "process"
    },
    {
      "time": 1746152895.23425,
      "api": "NtAllocateVirtualMemory",
      "pid": 2304,
      "arguments": {
        "process_identifier": 2304,
        "region_size": 4096,
        "stack_dep_bypass": 0,
        "stack_pivoted": 0,
        "heap_dep_bypass": 0,
        "protection": 4,
        "process_handle": "0xffffffff",
        "allocation_type": 4096,
        "base_address": "0x01d7a000"
      },
      "category": "process"
    },
    {
      "time": 1746152895.23425,
      "api": "NtAllocateVirtualMemory",
      "pid": 2304,
      "arguments": {
        "process_identifier": 2304,
        "region_size": 4096,
        "stack_dep_bypass": 0,
        "stack_pivoted": 0,
        "heap_dep_bypass": 0,
        "protection": 4,
        "process_handle": "0xffffffff",
        "allocation_type": 4096,
        "base_address": "0x01d7b000"
      },
      "category": "process"
    },
    {
      "time": 1746152895.23425,
      "api": "NtAllocateVirtualMemory",
      "pid": 2304,
      "arguments": {
        "process_identifier": 2304,
        "region_size": 4096,
        "stack_dep_bypass": 0,
        "stack_pivoted": 0,
        "heap_dep_bypass": 0,
        "protection": 4,
        "process_handle": "0xffffffff",
        "allocation_type": 4096,
        "base_address": "0x01d7c000"
      },
      "category": "process"
    },
    {
      "time": 1746152895.23425,
      "api": "NtAllocateVirtualMemory",
      "pid": 2304,
      "arguments": {
        "process_identifier": 2304,
        "region_size": 4096,
        "stack_dep_bypass": 0,
        "stack_pivoted": 0,
        "heap_dep_bypass": 0,
        "protection": 4,
        "process_handle": "0xffffffff",
        "allocation_type": 4096,
        "base_address": "0x01d7d000"
      },
      "category": "process"
    },
    {
      "time": 1746152895.23425,
      "api": "NtAllocateVirtualMemory",
      "pid": 2304,
      "arguments": {
        "process_identifier": 2304,
        "region_size": 4096,
        "stack_dep_bypass": 0,
        "stack_pivoted": 0,
        "heap_dep_bypass": 0,
        "protection": 4,
        "process_handle": "0xffffffff",
        "allocation_type": 4096,
        "base_address": "0x01d7e000"
      },
      "category": "process"
    },
    {
      "time": 1746152895.23425,
      "api": "NtAllocateVirtualMemory",
      "pid": 2304,
      "arguments": {
        "process_identifier": 2304,
        "region_size": 4096,
        "stack_dep_bypass": 0,
        "stack_pivoted": 0,
        "heap_dep_bypass": 0,
        "protection": 4,
        "process_handle": "0xffffffff",
        "allocation_type": 4096,
        "base_address": "0x01d7f000"
      },
      "category": "process"
    },
    {
      "time": 1746152895.23425,
      "api": "GetFileType",
      "pid": 2304,
      "arguments": {
        "file_handle": "0x00000000"
      },
      "category": "file"
    },
    {
      "time": 1746152895.23425,
      "api": "GetFileType",
      "pid": 2304,
      "arguments": {
        "file_handle": "0x00000000"
      },
      "category": "file"
    },
    {
      "time": 1746152895.23425,
      "api": "GetFileType",
      "pid": 2304,
      "arguments": {
        "file_handle": "0x00000000"
      },
      "category": "file"
    },
    {
      "time": 1746152895.23425,
      "api": "NtTerminateProcess",
      "pid": 2304,
      "arguments": {
        "status_code": "0x00000000",
        "process_identifier": 0,
        "process_handle": "0x00000000"
      },
      "category": "process"
    },
    {
      "time": 1746152895.23425,
      "api": "NtTerminateProcess",
      "pid": 2304,
      "arguments": {
        "status_code": "0x00000000",
        "process_identifier": 0,
        "process_handle": "0x00000000"
      },
      "category": "process"
    },
    {
      "time": 1746152895.23425,
      "api": "NtClose",
      "pid": 2304,
      "arguments": {
        "handle": "0x00000040"
      },
      "category": "system"
    },
    {
      "time": 1746152895.23425,
      "api": "LdrUnloadDll",
      "pid": 2304,
      "arguments": {
        "library": "IMM32",
        "module_address": "0x77030000"
      },
      "category": "system"
    },
    {
      "time": 1746152895.23425,
      "api": "NtOpenKey",
      "pid": 2304,
      "arguments": {
        "key_handle": "0x00000040",
        "desired_access": "0x00020019",
        "regkey": "HKEY_LOCAL_MACHINE\\Software\\Microsoft\\Windows NT\\CurrentVersion\\GRE_Initialize"
      },
      "category": "registry"
    },
    {
      "time": 1746152895.23425,
      "api": "NtQueryValueKey",
      "pid": 2304,
      "arguments": {
        "key_handle": "0x00000040",
        "key_name": "",
        "value": "",
        "reg_type": 0,
        "information_class": 2,
        "regkey": "HKEY_LOCAL_MACHINE\\SOFTWARE\\Microsoft\\Windows NT\\CurrentVersion\\GRE_Initialize\\DisableMetaFiles"
      },
      "category": "registry"
    },
    {
      "time": 1746152895.23425,
      "api": "NtClose",
      "pid": 2304,
      "arguments": {
        "handle": "0x00000040"
      },
      "category": "system"
    },
    {
      "time": 1746152895.23425,
      "api": "NtClose",
      "pid": 2304,
      "arguments": {
        "handle": "0x00000034"
      },
      "category": "system"
    },
    {
      "time": 1746152895.23425,
      "api": "NtClose",
      "pid": 2304,
      "arguments": {
        "handle": "0x0000002c"
      },
      "category": "system"
    },
    {
      "time": 1746152895.23425,
      "api": "NtClose",
      "pid": 2304,
      "arguments": {
        "handle": "0x00000030"
      },
      "category": "system"
    },
    {
      "time": 1746152895.23425,
      "api": "NtTerminateProcess",
      "pid": 2304,
      "arguments": {
        "status_code": "0x00000000",
        "process_identifier": 2304,
        "process_handle": "0xffffffff"
      },
      "category": "process"
    }
  ],
  "network": {
    "http": [],
    "tcp": [],
    "udp": [
      {
        "src": "192.168.56.101",
        "dst": "192.168.56.255",
        "offset": 976,
        "time": 3.08161997795105,
        "dport": 137,
        "sport": 137
      },
      {
        "src": "192.168.56.101",
        "dst": "224.0.0.252",
        "offset": 3620,
        "time": 1.0260109901428223,
        "dport": 5355,
        "sport": 50233
      },
      {
        "src": "192.168.56.101",
        "dst": "224.0.0.252",
        "offset": 3940,
        "time": 1.5670499801635742,
        "dport": 5355,
        "sport": 52790
      },
      {
        "src": "192.168.56.101",
        "dst": "224.0.0.252",
        "offset": 4268,
        "time": 0.043074846267700195,
        "dport": 5355,
        "sport": 53526
      },
      {
        "src": "192.168.56.101",
        "dst": "224.0.0.252",
        "offset": 4596,
        "time": 3.0092217922210693,
        "dport": 5355,
        "sport": 59798
      },
      {
        "src": "192.168.56.101",
        "dst": "224.0.0.252",
        "offset": 4916,
        "time": 3.008574962615967,
        "dport": 5355,
        "sport": 60897
      },
      {
        "src": "192.168.56.101",
        "dst": "224.0.0.252",
        "offset": 5244,
        "time": 2.4270989894866943,
        "dport": 5355,
        "sport": 62139
      },
      {
        "src": "192.168.56.101",
        "dst": "8.8.8.8",
        "offset": 5564,
        "time": 2.0735788345336914,
        "dport": 53,
        "sport": 54506
      },
      {
        "src": "192.168.56.101",
        "dst": "8.8.8.8",
        "offset": 5776,
        "time": 2.0407259464263916,
        "dport": 53,
        "sport": 55116
      },
      {
        "src": "192.168.56.101",
        "dst": "8.8.8.8",
        "offset": 5976,
        "time": 3.0089848041534424,
        "dport": 53,
        "sport": 57168
      },
      {
        "src": "192.168.56.101",
        "dst": "8.8.8.8",
        "offset": 6251,
        "time": 2.753386974334717,
        "dport": 53,
        "sport": 65068
      }
    ],
    "dns": [
      {
        "type": "A",
        "request": "www.msftncsi.com",
        "answers": [
          {
            "data": "113.171.230.17",
            "type": "A"
          },
          {
            "data": "www.msftncsi.com.edgesuite.net",
            "type": "CNAME"
          },
          {
            "data": "a1961.g2.akamai.net",
            "type": "CNAME"
          }
        ]
      },
      {
        "type": "A",
        "request": "dns.msftncsi.com",
        "answers": [
          {
            "data": "131.107.255.255",
            "type": "A"
          }
        ]
      },
      {
        "type": "AAAA",
        "request": "dns.msftncsi.com",
        "answers": [
          {
            "data": "fd3e:4f5a:5b81::1",
            "type": "AAAA"
          }
        ]
      },
      {
        "type": "A",
        "request": "teredo.ipv6.microsoft.com",
        "answers": []
      }
    ],
    "hosts": [
      "113.171.230.17",
      "8.8.8.8"
    ],
    "icmp": [],
    "smtp": []
  },
  "static_imports": [
    "CloseHandle",
    "CreateFileA",
    "EnterCriticalSection",
    "ExitProcess",
    "GetACP",
    "GetCPInfo",
    "GetCommandLineA",
    "GetCurrentThreadId",
    "GetDateFormatA",
    "GetEnvironmentStrings",
    "GetFileAttributesA",
    "GetFileType",
    "GetLastError",
    "GetLocalTime",
    "GetModuleFileNameA",
    "GetModuleHandleA",
    "GetProcAddress",
    "GetStartupInfoA",
    "GetStdHandle",
    "GetStringTypeW",
    "GetVersion",
    "GetVersionExA",
    "GlobalMemoryStatus",
    "InitializeCriticalSection",
    "LeaveCriticalSection",
    "LocalAlloc",
    "LocalFree",
    "MoveFileExA",
    "MultiByteToWideChar",
    "RaiseException",
    "RtlUnwind",
    "SetConsoleCtrlHandler",
    "SetFilePointer",
    "SetHandleCount",
    "TlsAlloc",
    "TlsFree",
    "TlsGetValue",
    "TlsSetValue",
    "UnhandledExceptionFilter",
    "VirtualAlloc",
    "VirtualFree",
    "WideCharToMultiByte",
    "WriteFile",
    "EnumThreadWindows",
    "MessageBoxA"
  ],
  "signatures_ttp": {},
  "signatures_full": [],
  "processes": [
    {
      "name": "lsass.exe",
      "path": "C:\\Windows\\System32\\lsass.exe",
      "pid": 484,
      "cmdline": "C:\\Windows\\system32\\lsass.exe",
      "modules": [
        "lsass.exe",
        "ntdll.dll",
        "kernel32.dll",
        "KERNELBASE.dll",
        "msvcrt.dll",
        "RPCRT4.dll",
        "SspiSrv.dll",
        "lsasrv.dll",
        "sechost.dll",
        "SspiCli.dll",
        "ADVAPI32.dll",
        "USER32.dll",
        "GDI32.dll",
        "LPK.dll",
        "USP10.dll",
        "SAMSRV.dll",
        "cryptdll.dll",
        "MSASN1.dll",
        "wevtapi.dll",
        "IMM32.DLL",
        "MSCTF.dll",
        "cngaudit.dll",
        "AUTHZ.dll",
        "ncrypt.dll",
        "bcrypt.dll",
        "msprivs.DLL",
        "netjoin.dll",
        "negoexts.DLL",
        "Secur32.dll",
        "cryptbase.dll",
        "kerberos.DLL",
        "CRYPTSP.dll",
        "WS2_32.dll",
        "NSI.dll",
        "mswsock.dll",
        "wship6.dll",
        "msv1_0.DLL",
        "netlogon.DLL",
        "DNSAPI.dll",
        "logoncli.dll",
        "schannel.DLL",
        "CRYPT32.dll",
        "wdigest.DLL",
        "rsaenh.dll",
        "tspkg.DLL",
        "pku2u.DLL",
        "bcryptprimitives.dll",
        "RpcRtRemote.dll",
        "efslsaext.dll",
        "WINSTA.dll",
        "scecli.DLL",
        "credssp.dll",
        "IPHLPAPI.DLL",
        "WINNSI.DLL",
        "netutils.dll",
        "USERENV.dll",
        "profapi.dll",
        "wshtcpip.dll",
        "monitor-x64.dll"
      ]
    },
    {
      "name": "0bf9cfc88d56b52982655b56d577f69d2ee4b136908684015001c52c64f0a84b.exe",
      "path": "C:\\Users\\Administrator\\AppData\\Local\\Temp\\0bf9cfc88d56b52982655b56d577f69d2ee4b136908684015001c52c64f0a84b.exe",
      "pid": 2304,
      "cmdline": "\"C:\\Users\\Administrator\\AppData\\Local\\Temp\\0bf9cfc88d56b52982655b56d577f69d2ee4b136908684015001c52c64f0a84b.exe\" ",
      "modules": [
        "0bf9cfc88d56b52982655b56d577f69d2ee4b136908684015001c52c64f0a84b.exe",
        "ntdll.dll",
        "kernel32.dll",
        "KERNELBASE.dll",
        "USER32.dll",
        "GDI32.dll",
        "LPK.dll",
        "USP10.dll",
        "msvcrt.dll",
        "ADVAPI32.dll",
        "sechost.dll",
        "RPCRT4.dll",
        "SspiCli.dll",
        "CRYPTBASE.dll",
        "IMM32.DLL",
        "MSCTF.dll",
        "monitor-x86.dll"
      ]
    }
  ]
}