{
  "behavior_summary": {
    "file_created": [
      "C:\\Windows\\Temp\\04ffb8d60a17d6405a9408e73e9cabcdaf5e396f7c4784874dc49c353e97315b.exe_05-02-2025--11-45-16.log"
    ],
    "file_deleted": [],
    "file_read": [],
    "file_recreated": [],
    "file_exists": [],
    "file_opened": [],
    "regkey_opened": [],
    "regkey_read": [
      "HKEY_LOCAL_MACHINE\\SOFTWARE\\Microsoft\\Windows NT\\CurrentVersion\\GRE_Initialize\\DisableMetaFiles"
    ],
    "regkey_written": [],
    "dll_loaded": [],
    "executed_commands": [],
    "directory_created": [],
    "mutex": [],
    "processes_created": [],
    "resolves_host": []
  },
  "dropped_files": [
    {
      "yara": [],
      "sha1": "7ec22a1f496a48362454eb3c645ae385f1d9c4df",
      "name": "e279d785442c621c_04ffb8d60a17d6405a9408e73e9cabcdaf5e396f7c4784874dc49c353e97315b.exe_05-02-2025--11-45-16.log",
      "filepath": "C:\\Windows\\Temp\\04ffb8d60a17d6405a9408e73e9cabcdaf5e396f7c4784874dc49c353e97315b.exe_05-02-2025--11-45-16.log",
      "type": "ASCII text, with CRLF, LF line terminators",
      "sha256": "e279d785442c621ca40774cd0d90f83fcd1414547b28fe803acac7051c89cd79",
      "urls": [],
      "crc32": "9871728F",
      "path": "/home/cuckoo/.cuckoo/storage/analyses/140/files/e279d785442c621c_04ffb8d60a17d6405a9408e73e9cabcdaf5e396f7c4784874dc49c353e97315b.exe_05-02-2025--11-45-16.log",
      "ssdeep": null,
      "size": 127,
      "sha512": "68974f35bf295b19f76023e6ab35eb8cb2efb11e2b6890f77523dd34066d12b168a8fe969c50372f4f315bb16f5b40fe4f31657c9726e4aa975a9f7e98e7b8cd",
      "pids": [
        2264
      ],
      "md5": "02a61715290249fd88ff7a4b3bb73c70"
    }
  ],
  "api_statistics": {
    "2264": {
      "NtQueryValueKey": 1,
      "NtQuerySystemInformation": 1,
      "GetSystemTimeAsFileTime": 1,
      "LdrUnloadDll": 1,
      "NtOpenKey": 2,
      "NtUnmapViewOfSection": 1,
      "SetUnhandledExceptionFilter": 1,
      "NtCreateFile": 1,
      "GetFileType": 3,
      "NtAllocateVirtualMemory": 6,
      "NtClose": 7,
      "NtTerminateProcess": 3,
      "NtWriteFile": 6,
      "LdrGetDllHandle": 2,
      "NtFreeVirtualMemory": 1
    }
  },
  "api_call_sequence": [
    {
      "time": 1746151516.23375,
      "api": "GetSystemTimeAsFileTime",
      "pid": 2264,
      "arguments": {},
      "category": "synchronisation"
    },
    {
      "time": 1746151516.23375,
      "api": "NtAllocateVirtualMemory",
      "pid": 2264,
      "arguments": {
        "process_identifier": 2264,
        "region_size": 917504,
        "stack_dep_bypass": 0,
        "stack_pivoted": 0,
        "heap_dep_bypass": 0,
        "protection": 4,
        "process_handle": "0xffffffffffffffff",
        "allocation_type": 8192,
        "base_address": "0x0000000001bb0000"
      },
      "category": "process"
    },
    {
      "time": 1746151516.23375,
      "api": "NtFreeVirtualMemory",
      "pid": 2264,
      "arguments": {
        "free_type": 32768,
        "process_identifier": 2264,
        "process_handle": "0xffffffffffffffff",
        "base_address": "0x0000000001bb0000",
        "size": 851968
      },
      "category": "process"
    },
    {
      "time": 1746151516.23375,
      "api": "NtAllocateVirtualMemory",
      "pid": 2264,
      "arguments": {
        "process_identifier": 2264,
        "region_size": 8192,
        "stack_dep_bypass": 0,
        "stack_pivoted": 0,
        "heap_dep_bypass": 0,
        "protection": 4,
        "process_handle": "0xffffffffffffffff",
        "allocation_type": 4096,
        "base_address": "0x0000000001c80000"
      },
      "category": "process"
    },
    {
      "time": 1746151516.23375,
      "api": "NtAllocateVirtualMemory",
      "pid": 2264,
      "arguments": {
        "process_identifier": 2264,
        "region_size": 16384,
        "stack_dep_bypass": 0,
        "stack_pivoted": 0,
        "heap_dep_bypass": 0,
        "protection": 4,
        "process_handle": "0xffffffffffffffff",
        "allocation_type": 4096,
        "base_address": "0x0000000001c82000"
      },
      "category": "process"
    },
    {
      "time": 1746151516.23375,
      "api": "NtAllocateVirtualMemory",
      "pid": 2264,
      "arguments": {
        "process_identifier": 2264,
        "region_size": 1048576,
        "stack_dep_bypass": 0,
        "stack_pivoted": 0,
        "heap_dep_bypass": 0,
        "protection": 4,
        "process_handle": "0xffffffffffffffff",
        "allocation_type": 8192,
        "base_address": "0x0000000001c90000"
      },
      "category": "process"
    },
    {
      "time": 1746151516.23375,
      "api": "NtAllocateVirtualMemory",
      "pid": 2264,
      "arguments": {
        "process_identifier": 2264,
        "region_size": 131072,
        "stack_dep_bypass": 0,
        "stack_pivoted": 0,
        "heap_dep_bypass": 0,
        "protection": 4,
        "process_handle": "0xffffffffffffffff",
        "allocation_type": 4096,
        "base_address": "0x0000000001c90000"
      },
      "category": "process"
    },
    {
      "time": 1746151516.23375,
      "api": "GetFileType",
      "pid": 2264,
      "arguments": {
        "file_handle": "0x0000000000000003"
      },
      "category": "file"
    },
    {
      "time": 1746151516.23375,
      "api": "GetFileType",
      "pid": 2264,
      "arguments": {
        "file_handle": "0x0000000000000007"
      },
      "category": "file"
    },
    {
      "time": 1746151516.23375,
      "api": "GetFileType",
      "pid": 2264,
      "arguments": {
        "file_handle": "0x000000000000000b"
      },
      "category": "file"
    },
    {
      "time": 1746151516.23375,
      "api": "NtAllocateVirtualMemory",
      "pid": 2264,
      "arguments": {
        "process_identifier": 2264,
        "region_size": 8192,
        "stack_dep_bypass": 0,
        "stack_pivoted": 0,
        "heap_dep_bypass": 0,
        "protection": 4,
        "process_handle": "0xffffffffffffffff",
        "allocation_type": 4096,
        "base_address": "0x0000000001c86000"
      },
      "category": "process"
    },
    {
      "time": 1746151516.23375,
      "api": "SetUnhandledExceptionFilter",
      "pid": 2264,
      "arguments": {},
      "category": "exception"
    },
    {
      "time": 1746151516.23375,
      "api": "NtQuerySystemInformation",
      "pid": 2264,
      "arguments": {
        "information_class": 102
      },
      "category": "system"
    },
    {
      "time": 1746151516.23375,
      "api": "NtOpenKey",
      "pid": 2264,
      "arguments": {
        "key_handle": "0x0000000000000000",
        "desired_access": "0x82000000",
        "regkey": "HKEY_LOCAL_MACHINE\\Software\\Microsoft\\Windows NT\\CurrentVersion\\Time Zones\\W. Europe Standard Time\\Dynamic DST"
      },
      "category": "registry"
    },
    {
      "time": 1746151516.24975,
      "api": "NtCreateFile",
      "pid": 2264,
      "arguments": {
        "create_disposition": 2,
        "file_handle": "0x0000000000000094",
        "filepath": "C:\\Windows\\Temp\\04ffb8d60a17d6405a9408e73e9cabcdaf5e396f7c4784874dc49c353e97315b.exe_05-02-2025--11-45-16.log",
        "desired_access": "0x40100080",
        "file_attributes": 128,
        "filepath_r": "\\??\\C:\\Windows\\TEMP\\04ffb8d60a17d6405a9408e73e9cabcdaf5e396f7c4784874dc49c353e97315b.exe_05-02-2025--11-45-16.log",
        "create_options": 96,
        "status_info": 2,
        "share_access": 1
      },
      "category": "file"
    },
    {
      "time": 1746151516.24975,
      "api": "NtWriteFile",
      "pid": 2264,
      "arguments": {
        "file_handle": "0x0000000000000094",
        "filepath": "C:\\Windows\\Temp\\04ffb8d60a17d6405a9408e73e9cabcdaf5e396f7c4784874dc49c353e97315b.exe_05-02-2025--11-45-16.log",
        "buffer": "[05/02/2025 11:45:16]",
        "offset": 0
      },
      "category": "file"
    },
    {
      "time": 1746151516.24975,
      "api": "NtWriteFile",
      "pid": 2264,
      "arguments": {
        "file_handle": "0x0000000000000094",
        "filepath": "C:\\Windows\\Temp\\04ffb8d60a17d6405a9408e73e9cabcdaf5e396f7c4784874dc49c353e97315b.exe_05-02-2025--11-45-16.log",
        "buffer": " [INFO] ",
        "offset": 0
      },
      "category": "file"
    },
    {
      "time": 1746151516.24975,
      "api": "NtWriteFile",
      "pid": 2264,
      "arguments": {
        "file_handle": "0x0000000000000094",
        "filepath": "C:\\Windows\\Temp\\04ffb8d60a17d6405a9408e73e9cabcdaf5e396f7c4784874dc49c353e97315b.exe_05-02-2025--11-45-16.log",
        "buffer": "[wmain] - FUS broker running\n\r\n",
        "offset": 0
      },
      "category": "file"
    },
    {
      "time": 1746151516.24975,
      "api": "NtWriteFile",
      "pid": 2264,
      "arguments": {
        "file_handle": "0x0000000000000094",
        "filepath": "C:\\Windows\\Temp\\04ffb8d60a17d6405a9408e73e9cabcdaf5e396f7c4784874dc49c353e97315b.exe_05-02-2025--11-45-16.log",
        "buffer": "[05/02/2025 11:45:16]",
        "offset": 0
      },
      "category": "file"
    },
    {
      "time": 1746151516.24975,
      "api": "NtWriteFile",
      "pid": 2264,
      "arguments": {
        "file_handle": "0x0000000000000094",
        "filepath": "C:\\Windows\\Temp\\04ffb8d60a17d6405a9408e73e9cabcdaf5e396f7c4784874dc49c353e97315b.exe_05-02-2025--11-45-16.log",
        "buffer": " [INFO] ",
        "offset": 0
      },
      "category": "file"
    },
    {
      "time": 1746151516.24975,
      "api": "NtWriteFile",
      "pid": 2264,
      "arguments": {
        "file_handle": "0x0000000000000094",
        "filepath": "C:\\Windows\\Temp\\04ffb8d60a17d6405a9408e73e9cabcdaf5e396f7c4784874dc49c353e97315b.exe_05-02-2025--11-45-16.log",
        "buffer": "[wmain] - Command line is not valid\n\r\n",
        "offset": 0
      },
      "category": "file"
    },
    {
      "time": 1746151516.26475,
      "api": "NtClose",
      "pid": 2264,
      "arguments": {
        "handle": "0x0000000000000094"
      },
      "category": "system"
    },
    {
      "time": 1746151516.26475,
      "api": "LdrGetDllHandle",
      "pid": 2264,
      "arguments": {
        "module_name": "mscoree.dll",
        "stack_pivoted": 0,
        "module_address": "0x0000000000000000"
      },
      "category": "system"
    },
    {
      "time": 1746151516.26475,
      "api": "LdrGetDllHandle",
      "pid": 2264,
      "arguments": {
        "module_name": "mscoree.dll",
        "stack_pivoted": 0,
        "module_address": "0x0000000000000000"
      },
      "category": "system"
    },
    {
      "time": 1746151516.26475,
      "api": "NtTerminateProcess",
      "pid": 2264,
      "arguments": {
        "status_code": "0xffffffff",
        "process_identifier": 0,
        "process_handle": "0x0000000000000000"
      },
      "category": "process"
    },
    {
      "time": 1746151516.26475,
      "api": "NtTerminateProcess",
      "pid": 2264,
      "arguments": {
        "status_code": "0xffffffff",
        "process_identifier": 0,
        "process_handle": "0x0000000000000000"
      },
      "category": "process"
    },
    {
      "time": 1746151516.26475,
      "api": "NtClose",
      "pid": 2264,
      "arguments": {
        "handle": "0x0000000000000040"
      },
      "category": "system"
    },
    {
      "time": 1746151516.26475,
      "api": "NtClose",
      "pid": 2264,
      "arguments": {
        "handle": "0x0000000000000078"
      },
      "category": "system"
    },
    {
      "time": 1746151516.26475,
      "api": "NtClose",
      "pid": 2264,
      "arguments": {
        "handle": "0x000000000000007c"
      },
      "category": "system"
    },
    {
      "time": 1746151516.26475,
      "api": "NtUnmapViewOfSection",
      "pid": 2264,
      "arguments": {
        "process_identifier": 2264,
        "region_size": 4096,
        "process_handle": "0xffffffffffffffff",
        "base_address": "0x00000000000b0000"
      },
      "category": "process"
    },
    {
      "time": 1746151516.26475,
      "api": "NtClose",
      "pid": 2264,
      "arguments": {
        "handle": "0x0000000000000074"
      },
      "category": "system"
    },
    {
      "time": 1746151516.26475,
      "api": "NtClose",
      "pid": 2264,
      "arguments": {
        "handle": "0x0000000000000054"
      },
      "category": "system"
    },
    {
      "time": 1746151516.26475,
      "api": "LdrUnloadDll",
      "pid": 2264,
      "arguments": {
        "library": "IMM32",
        "module_address": "0x000007feff160000"
      },
      "category": "system"
    },
    {
      "time": 1746151516.28075,
      "api": "NtOpenKey",
      "pid": 2264,
      "arguments": {
        "key_handle": "0x0000000000000054",
        "desired_access": "0x00020019",
        "regkey": "HKEY_LOCAL_MACHINE\\Software\\Microsoft\\Windows NT\\CurrentVersion\\GRE_Initialize"
      },
      "category": "registry"
    },
    {
      "time": 1746151516.28075,
      "api": "NtQueryValueKey",
      "pid": 2264,
      "arguments": {
        "key_handle": "0x0000000000000054",
        "key_name": "",
        "value": "",
        "reg_type": 0,
        "information_class": 2,
        "regkey": "HKEY_LOCAL_MACHINE\\SOFTWARE\\Microsoft\\Windows NT\\CurrentVersion\\GRE_Initialize\\DisableMetaFiles"
      },
      "category": "registry"
    },
    {
      "time": 1746151516.28075,
      "api": "NtClose",
      "pid": 2264,
      "arguments": {
        "handle": "0x0000000000000054"
      },
      "category": "system"
    },
    {
      "time": 1746151516.28075,
      "api": "NtTerminateProcess",
      "pid": 2264,
      "arguments": {
        "status_code": "0xffffffff",
        "process_identifier": 2264,
        "process_handle": "0xffffffffffffffff"
      },
      "category": "process"
    }
  ],
  "network": {
    "http": [
      {
        "count": 1,
        "body": "",
        "uri": "http://www.msftncsi.com/ncsi.txt",
        "user-agent": "Microsoft NCSI",
        "method": "GET",
        "host": "www.msftncsi.com",
        "version": "1.1",
        "path": "/ncsi.txt",
        "data": "GET /ncsi.txt HTTP/1.1\r\nConnection: Close\r\nUser-Agent: Microsoft NCSI\r\nHost: www.msftncsi.com\r\n\r\n",
        "port": 80
      }
    ],
    "tcp": [
      {
        "src": "192.168.56.101",
        "dst": "113.171.230.17",
        "offset": 1294,
        "time": 2.8145740032196045,
        "dport": 80,
        "sport": 49161
      }
    ],
    "udp": [
      {
        "src": "192.168.56.101",
        "dst": "192.168.56.255",
        "offset": 2060,
        "time": 3.083315849304199,
        "dport": 137,
        "sport": 137
      },
      {
        "src": "192.168.56.101",
        "dst": "224.0.0.252",
        "offset": 4488,
        "time": 1.0538020133972168,
        "dport": 5355,
        "sport": 50233
      },
      {
        "src": "192.168.56.101",
        "dst": "224.0.0.252",
        "offset": 4808,
        "time": 1.5874240398406982,
        "dport": 5355,
        "sport": 52790
      },
      {
        "src": "192.168.56.101",
        "dst": "224.0.0.252",
        "offset": 5136,
        "time": 0.049963951110839844,
        "dport": 5355,
        "sport": 53526
      },
      {
        "src": "192.168.56.101",
        "dst": "224.0.0.252",
        "offset": 5464,
        "time": 3.036288022994995,
        "dport": 5355,
        "sport": 58709
      },
      {
        "src": "192.168.56.101",
        "dst": "224.0.0.252",
        "offset": 5792,
        "time": 3.0372588634490967,
        "dport": 5355,
        "sport": 59798
      },
      {
        "src": "192.168.56.101",
        "dst": "224.0.0.252",
        "offset": 6112,
        "time": 2.4314420223236084,
        "dport": 5355,
        "sport": 62139
      },
      {
        "src": "192.168.56.101",
        "dst": "8.8.8.8",
        "offset": 6432,
        "time": 2.0691070556640625,
        "dport": 53,
        "sport": 54506
      },
      {
        "src": "192.168.56.101",
        "dst": "8.8.8.8",
        "offset": 6644,
        "time": 2.040360927581787,
        "dport": 53,
        "sport": 55116
      },
      {
        "src": "192.168.56.101",
        "dst": "8.8.8.8",
        "offset": 6844,
        "time": 3.033937931060791,
        "dport": 53,
        "sport": 64762
      },
      {
        "src": "192.168.56.101",
        "dst": "8.8.8.8",
        "offset": 7119,
        "time": 2.7561490535736084,
        "dport": 53,
        "sport": 65068
      }
    ],
    "dns": [
      {
        "type": "A",
        "request": "www.msftncsi.com",
        "answers": [
          {
            "data": "113.171.230.17",
            "type": "A"
          },
          {
            "data": "www.msftncsi.com.edgesuite.net",
            "type": "CNAME"
          },
          {
            "data": "a1961.g2.akamai.net",
            "type": "CNAME"
          }
        ]
      },
      {
        "type": "A",
        "request": "dns.msftncsi.com",
        "answers": [
          {
            "data": "131.107.255.255",
            "type": "A"
          }
        ]
      },
      {
        "type": "AAAA",
        "request": "dns.msftncsi.com",
        "answers": [
          {
            "data": "fd3e:4f5a:5b81::1",
            "type": "AAAA"
          }
        ]
      },
      {
        "type": "A",
        "request": "teredo.ipv6.microsoft.com",
        "answers": []
      }
    ],
    "hosts": [
      "113.171.230.17",
      "8.8.8.8"
    ],
    "icmp": [],
    "smtp": []
  },
  "static_imports": [
    "HeapFree",
    "GetProcessHeap",
    "HeapAlloc",
    "GetLastError",
    "LoadLibraryExW",
    "FreeLibrary",
    "GetTickCount",
    "WTSGetActiveConsoleSessionId",
    "Sleep",
    "GetComputerNameW",
    "HeapSetInformation",
    "SystemTimeToTzSpecificLocalTime",
    "GetSystemTime",
    "ExpandEnvironmentStringsW",
    "CloseHandle",
    "CreateFileW",
    "FlushFileBuffers",
    "WriteConsoleW",
    "SetStdHandle",
    "VirtualQuery",
    "VirtualProtect",
    "VirtualAlloc",
    "GetSystemInfo",
    "SetThreadStackGuarantee",
    "SetFilePointer",
    "GetConsoleMode",
    "GetConsoleCP",
    "LCMapStringW",
    "WideCharToMultiByte",
    "MultiByteToWideChar",
    "GetStringTypeW",
    "InitializeCriticalSectionAndSpinCount",
    "LeaveCriticalSection",
    "GetVersionExW",
    "SetUnhandledExceptionFilter",
    "EncodePointer",
    "DecodePointer",
    "SetLastError",
    "FlsAlloc",
    "FlsGetValue",
    "FlsSetValue",
    "FlsFree",
    "GetCurrentThreadId",
    "ExitProcess",
    "GetModuleHandleExW",
    "GetProcAddress",
    "GetStdHandle",
    "WriteFile",
    "GetModuleFileNameA",
    "HeapCreate",
    "GetFileType",
    "DeleteCriticalSection",
    "GetStartupInfoW",
    "SetHandleCount",
    "GetModuleFileNameW",
    "QueryPerformanceCounter",
    "GetCurrentProcessId",
    "GetSystemTimeAsFileTime",
    "GetEnvironmentStringsW",
    "FreeEnvironmentStringsW",
    "GetCommandLineW",
    "UnhandledExceptionFilter",
    "GetCurrentProcess",
    "TerminateProcess",
    "IsValidCodePage",
    "GetACP",
    "GetOEMCP",
    "GetCPInfo",
    "OutputDebugStringA",
    "EnterCriticalSection",
    "NetApiBufferFree",
    "NetGetJoinInformation",
    "RtlUnwindEx",
    "RtlVirtualUnwind",
    "RtlLookupFunctionEntry",
    "RtlCaptureContext",
    "CoTaskMemFree",
    "CoTaskMemAlloc",
    "CoCreateInstance",
    "CoUninitialize",
    "CoInitializeEx",
    "AccessibleChildren",
    "AccessibleObjectFromWindow",
    "VariantInit",
    "SysAllocString",
    "VariantClear",
    "SysFreeString",
    "GetDesktopWindow",
    "FindWindowExW",
    "LoadStringW",
    "SystemParametersInfoW",
    "GetSystemMetrics",
    "GetCursorPos",
    "SendInput",
    "OpenInputDesktop",
    "SetThreadDesktop",
    "CloseDesktop",
    "FindWindowW",
    "keybd_event",
    "GetForegroundWindow",
    "WTSConnectSessionW",
    "PathFindFileNameW"
  ],
  "signatures_ttp": {},
  "signatures_full": [
    {
      "name": "has_pdb",
      "description": "This executable has a PDB path",
      "severity": 1,
      "ttp": {},
      "markcount": 1,
      "marks": [
        {
          "category": "pdb_path",
          "ioc": "fusagent.pdb",
          "type": "ioc",
          "description": null
        }
      ]
    }
  ],
  "processes": [
    {
      "name": "lsass.exe",
      "path": "C:\\Windows\\System32\\lsass.exe",
      "pid": 484,
      "cmdline": "C:\\Windows\\system32\\lsass.exe",
      "modules": [
        "lsass.exe",
        "ntdll.dll",
        "kernel32.dll",
        "KERNELBASE.dll",
        "msvcrt.dll",
        "RPCRT4.dll",
        "SspiSrv.dll",
        "lsasrv.dll",
        "sechost.dll",
        "SspiCli.dll",
        "ADVAPI32.dll",
        "USER32.dll",
        "GDI32.dll",
        "LPK.dll",
        "USP10.dll",
        "SAMSRV.dll",
        "cryptdll.dll",
        "MSASN1.dll",
        "wevtapi.dll",
        "IMM32.DLL",
        "MSCTF.dll",
        "cngaudit.dll",
        "AUTHZ.dll",
        "ncrypt.dll",
        "bcrypt.dll",
        "msprivs.DLL",
        "netjoin.dll",
        "negoexts.DLL",
        "Secur32.dll",
        "cryptbase.dll",
        "kerberos.DLL",
        "CRYPTSP.dll",
        "WS2_32.dll",
        "NSI.dll",
        "mswsock.dll",
        "wship6.dll",
        "msv1_0.DLL",
        "netlogon.DLL",
        "DNSAPI.dll",
        "logoncli.dll",
        "schannel.DLL",
        "CRYPT32.dll",
        "wdigest.DLL",
        "rsaenh.dll",
        "tspkg.DLL",
        "pku2u.DLL",
        "bcryptprimitives.dll",
        "RpcRtRemote.dll",
        "efslsaext.dll",
        "WINSTA.dll",
        "scecli.DLL",
        "credssp.dll",
        "IPHLPAPI.DLL",
        "WINNSI.DLL",
        "netutils.dll",
        "USERENV.dll",
        "profapi.dll",
        "wshtcpip.dll",
        "monitor-x64.dll"
      ]
    },
    {
      "name": "04ffb8d60a17d6405a9408e73e9cabcdaf5e396f7c4784874dc49c353e97315b.exe",
      "path": "C:\\Users\\Administrator\\AppData\\Local\\Temp\\04ffb8d60a17d6405a9408e73e9cabcdaf5e396f7c4784874dc49c353e97315b.exe",
      "pid": 2264,
      "cmdline": "\"C:\\Users\\Administrator\\AppData\\Local\\Temp\\04ffb8d60a17d6405a9408e73e9cabcdaf5e396f7c4784874dc49c353e97315b.exe\" ",
      "modules": [
        "04ffb8d60a17d6405a9408e73e9cabcdaf5e396f7c4784874dc49c353e97315b.exe",
        "ntdll.dll",
        "kernel32.dll",
        "KERNELBASE.dll",
        "NETAPI32.dll",
        "netutils.dll",
        "msvcrt.dll",
        "srvcli.dll",
        "RPCRT4.dll",
        "wkscli.dll",
        "ole32.dll",
        "GDI32.dll",
        "USER32.dll",
        "LPK.dll",
        "USP10.dll",
        "OLEACC.dll",
        "OLEAUT32.dll",
        "WTSAPI32.dll",
        "SHLWAPI.dll",
        "IMM32.DLL",
        "MSCTF.dll",
        "monitor-x64.dll"
      ]
    }
  ]
}