{
  "behavior_summary": {
    "file_created": [],
    "file_deleted": [],
    "file_read": [],
    "file_recreated": [],
    "file_exists": [],
    "file_opened": [],
    "regkey_opened": [],
    "regkey_read": [
      "HKEY_LOCAL_MACHINE\\SOFTWARE\\Microsoft\\Windows NT\\CurrentVersion\\GRE_Initialize\\DisableMetaFiles"
    ],
    "regkey_written": [],
    "dll_loaded": [],
    "executed_commands": [],
    "directory_created": [],
    "mutex": [],
    "processes_created": [],
    "resolves_host": []
  },
  "dropped_files": [],
  "api_statistics": {
    "2328": {
      "LdrUnloadDll": 1,
      "NtOpenFile": 4,
      "NtOpenKey": 1,
      "LdrGetProcedureAddress": 1,
      "SetUnhandledExceptionFilter": 1,
      "NtTerminateProcess": 3,
      "NtClose": 2,
      "GetSystemTimeAsFileTime": 1,
      "LdrGetDllHandle": 3,
      "NtQueryValueKey": 1
    }
  },
  "api_call_sequence": [
    {
      "time": 1746151983.327625,
      "api": "GetSystemTimeAsFileTime",
      "pid": 2328,
      "arguments": {},
      "category": "synchronisation"
    },
    {
      "time": 1746151983.327625,
      "api": "SetUnhandledExceptionFilter",
      "pid": 2328,
      "arguments": {},
      "category": "exception"
    },
    {
      "time": 1746151983.327625,
      "api": "NtOpenFile",
      "pid": 2328,
      "arguments": {
        "file_handle": "0x0000000000310158",
        "filepath": "c:\\Users\\administrator\\AppData\\Local\\x86_64-w64-mingw32\\bin\\",
        "desired_access": "0x00100001",
        "filepath_r": "\\??\\c:\\users\\administrator\\appdata\\local\\x86_64-w64-mingw32\\bin\\",
        "open_options": 16417,
        "status_info": 4294967295,
        "share_access": 7
      },
      "category": "file"
    },
    {
      "time": 1746151983.327625,
      "api": "NtOpenFile",
      "pid": 2328,
      "arguments": {
        "file_handle": "0x0000000000310158",
        "filepath": "c:\\Users\\administrator\\AppData\\Local\\x86_64-w64-mingw32\\bin\\",
        "desired_access": "0x00100001",
        "filepath_r": "\\??\\c:\\users\\administrator\\appdata\\local\\x86_64-w64-mingw32\\bin\\",
        "open_options": 16417,
        "status_info": 4294967295,
        "share_access": 7
      },
      "category": "file"
    },
    {
      "time": 1746151983.327625,
      "api": "NtOpenFile",
      "pid": 2328,
      "arguments": {
        "file_handle": "0x0000000000310158",
        "filepath": "c:\\Users\\administrator\\AppData\\Local\\libexec\\gcc\\x86_64-w64-mingw32\\4.9.4\\",
        "desired_access": "0x00100001",
        "filepath_r": "\\??\\c:\\users\\administrator\\appdata\\local\\libexec\\gcc\\x86_64-w64-mingw32\\4.9.4\\",
        "open_options": 16417,
        "status_info": 4294967295,
        "share_access": 7
      },
      "category": "file"
    },
    {
      "time": 1746151983.343625,
      "api": "NtOpenFile",
      "pid": 2328,
      "arguments": {
        "file_handle": "0x0000000000154450",
        "filepath": "c:\\Users\\administrator\\AppData\\Local\\libexec\\gcc\\x86_64-w64-mingw32\\4.9.4\\",
        "desired_access": "0x00100001",
        "filepath_r": "\\??\\c:\\users\\administrator\\appdata\\local\\libexec\\gcc\\x86_64-w64-mingw32\\4.9.4\\",
        "open_options": 16417,
        "status_info": 4294967295,
        "share_access": 7
      },
      "category": "file"
    },
    {
      "time": 1746151983.343625,
      "api": "LdrGetDllHandle",
      "pid": 2328,
      "arguments": {
        "module_name": "msvcrt.dll",
        "stack_pivoted": 0,
        "module_address": "0x000007feffc20000"
      },
      "category": "system"
    },
    {
      "time": 1746151983.343625,
      "api": "LdrGetProcedureAddress",
      "pid": 2328,
      "arguments": {
        "ordinal": 0,
        "module": "msvcrt",
        "module_address": "0x000007feffc20000",
        "function_address": "0x000007feffc78520",
        "function_name": "_get_output_format"
      },
      "category": "system"
    },
    {
      "time": 1746151983.484625,
      "api": "LdrGetDllHandle",
      "pid": 2328,
      "arguments": {
        "module_name": "mscoree.dll",
        "stack_pivoted": 0,
        "module_address": "0x0000000000000000"
      },
      "category": "system"
    },
    {
      "time": 1746151983.484625,
      "api": "LdrGetDllHandle",
      "pid": 2328,
      "arguments": {
        "module_name": "mscoree.dll",
        "stack_pivoted": 0,
        "module_address": "0x0000000000000000"
      },
      "category": "system"
    },
    {
      "time": 1746151983.484625,
      "api": "NtTerminateProcess",
      "pid": 2328,
      "arguments": {
        "status_code": "0x00000001",
        "process_identifier": 0,
        "process_handle": "0x0000000000000000"
      },
      "category": "process"
    },
    {
      "time": 1746151983.484625,
      "api": "NtTerminateProcess",
      "pid": 2328,
      "arguments": {
        "status_code": "0x00000001",
        "process_identifier": 0,
        "process_handle": "0x0000000000000000"
      },
      "category": "process"
    },
    {
      "time": 1746151983.484625,
      "api": "NtClose",
      "pid": 2328,
      "arguments": {
        "handle": "0x0000000000000024"
      },
      "category": "system"
    },
    {
      "time": 1746151983.484625,
      "api": "LdrUnloadDll",
      "pid": 2328,
      "arguments": {
        "library": "IMM32",
        "module_address": "0x000007feff160000"
      },
      "category": "system"
    },
    {
      "time": 1746151983.484625,
      "api": "NtOpenKey",
      "pid": 2328,
      "arguments": {
        "key_handle": "0x0000000000000024",
        "desired_access": "0x00020019",
        "regkey": "HKEY_LOCAL_MACHINE\\Software\\Microsoft\\Windows NT\\CurrentVersion\\GRE_Initialize"
      },
      "category": "registry"
    },
    {
      "time": 1746151983.484625,
      "api": "NtQueryValueKey",
      "pid": 2328,
      "arguments": {
        "key_handle": "0x0000000000000024",
        "key_name": "",
        "value": "",
        "reg_type": 0,
        "information_class": 2,
        "regkey": "HKEY_LOCAL_MACHINE\\SOFTWARE\\Microsoft\\Windows NT\\CurrentVersion\\GRE_Initialize\\DisableMetaFiles"
      },
      "category": "registry"
    },
    {
      "time": 1746151983.484625,
      "api": "NtClose",
      "pid": 2328,
      "arguments": {
        "handle": "0x0000000000000024"
      },
      "category": "system"
    },
    {
      "time": 1746151983.484625,
      "api": "NtTerminateProcess",
      "pid": 2328,
      "arguments": {
        "status_code": "0x00000001",
        "process_identifier": 2328,
        "process_handle": "0xffffffffffffffff"
      },
      "category": "process"
    }
  ],
  "network": {
    "http": [
      {
        "count": 1,
        "body": "",
        "uri": "http://www.msftncsi.com/ncsi.txt",
        "user-agent": "Microsoft NCSI",
        "method": "GET",
        "host": "www.msftncsi.com",
        "version": "1.1",
        "path": "/ncsi.txt",
        "data": "GET /ncsi.txt HTTP/1.1\r\nConnection: Close\r\nUser-Agent: Microsoft NCSI\r\nHost: www.msftncsi.com\r\n\r\n",
        "port": 80
      }
    ],
    "tcp": [
      {
        "src": "192.168.56.101",
        "dst": "113.171.230.17",
        "offset": 1294,
        "time": 2.8118300437927246,
        "dport": 80,
        "sport": 49162
      }
    ],
    "udp": [
      {
        "src": "192.168.56.101",
        "dst": "192.168.56.255",
        "offset": 1990,
        "time": 3.080497980117798,
        "dport": 137,
        "sport": 137
      },
      {
        "src": "192.168.56.101",
        "dst": "224.0.0.252",
        "offset": 4418,
        "time": 1.0244488716125488,
        "dport": 5355,
        "sport": 50233
      },
      {
        "src": "192.168.56.101",
        "dst": "224.0.0.252",
        "offset": 4738,
        "time": 2.0532329082489014,
        "dport": 5355,
        "sport": 52790
      },
      {
        "src": "192.168.56.101",
        "dst": "224.0.0.252",
        "offset": 5066,
        "time": 0.04765605926513672,
        "dport": 5355,
        "sport": 53526
      },
      {
        "src": "192.168.56.101",
        "dst": "224.0.0.252",
        "offset": 5394,
        "time": 3.014659881591797,
        "dport": 5355,
        "sport": 58709
      },
      {
        "src": "192.168.56.101",
        "dst": "224.0.0.252",
        "offset": 5722,
        "time": 3.0153920650482178,
        "dport": 5355,
        "sport": 59798
      },
      {
        "src": "192.168.56.101",
        "dst": "224.0.0.252",
        "offset": 6042,
        "time": 2.4325098991394043,
        "dport": 5355,
        "sport": 62139
      },
      {
        "src": "192.168.56.101",
        "dst": "8.8.8.8",
        "offset": 6362,
        "time": 2.091593027114868,
        "dport": 53,
        "sport": 54506
      },
      {
        "src": "192.168.56.101",
        "dst": "8.8.8.8",
        "offset": 6574,
        "time": 2.0635879039764404,
        "dport": 53,
        "sport": 55116
      },
      {
        "src": "192.168.56.101",
        "dst": "8.8.8.8",
        "offset": 6774,
        "time": 3.0142018795013428,
        "dport": 53,
        "sport": 60897
      },
      {
        "src": "192.168.56.101",
        "dst": "8.8.8.8",
        "offset": 7049,
        "time": 2.752884864807129,
        "dport": 53,
        "sport": 65068
      }
    ],
    "dns": [
      {
        "type": "A",
        "request": "www.msftncsi.com",
        "answers": [
          {
            "data": "113.171.230.17",
            "type": "A"
          },
          {
            "data": "www.msftncsi.com.edgesuite.net",
            "type": "CNAME"
          },
          {
            "data": "a1961.g2.akamai.net",
            "type": "CNAME"
          }
        ]
      },
      {
        "type": "A",
        "request": "dns.msftncsi.com",
        "answers": [
          {
            "data": "131.107.255.255",
            "type": "A"
          }
        ]
      },
      {
        "type": "AAAA",
        "request": "dns.msftncsi.com",
        "answers": [
          {
            "data": "fd3e:4f5a:5b81::1",
            "type": "AAAA"
          }
        ]
      },
      {
        "type": "A",
        "request": "teredo.ipv6.microsoft.com",
        "answers": []
      }
    ],
    "hosts": [
      "113.171.230.17",
      "8.8.8.8"
    ],
    "icmp": [],
    "smtp": []
  },
  "static_imports": [
    "CloseHandle",
    "CreateFileA",
    "CreateProcessA",
    "DeleteCriticalSection",
    "EnterCriticalSection",
    "GetCurrentProcess",
    "GetCurrentProcessId",
    "GetCurrentThreadId",
    "GetExitCodeProcess",
    "GetFullPathNameA",
    "GetLastError",
    "GetModuleHandleW",
    "GetProcAddress",
    "GetStartupInfoA",
    "GetSystemTimeAsFileTime",
    "GetTempPathA",
    "GetTickCount",
    "GetTimeZoneInformation",
    "GetVersionExA",
    "InitializeCriticalSection",
    "IsDBCSLeadByteEx",
    "LeaveCriticalSection",
    "MultiByteToWideChar",
    "QueryPerformanceCounter",
    "RtlAddFunctionTable",
    "RtlCaptureContext",
    "RtlLookupFunctionEntry",
    "RtlVirtualUnwind",
    "SetHandleInformation",
    "SetUnhandledExceptionFilter",
    "Sleep",
    "TerminateProcess",
    "TlsGetValue",
    "UnhandledExceptionFilter",
    "VirtualProtect",
    "VirtualQuery",
    "WaitForSingleObject",
    "WideCharToMultiByte",
    "__C_specific_handler",
    "___lc_codepage_func",
    "__dllonexit",
    "__getmainargs",
    "__initenv",
    "__iob_func",
    "__lconv_init",
    "__mb_cur_max",
    "__set_app_type",
    "__setusermatherr",
    "_access",
    "_acmdln",
    "_amsg_exit",
    "_cexit",
    "_close",
    "_dup",
    "_errno",
    "_fmode",
    "_get_osfhandle",
    "_initterm",
    "_lock",
    "_onexit",
    "_open",
    "_pipe",
    "_read",
    "_unlock",
    "abort",
    "calloc",
    "exit",
    "fclose",
    "fopen",
    "fprintf",
    "fputc",
    "free",
    "fwrite",
    "getenv",
    "localeconv",
    "malloc",
    "memcpy",
    "memset",
    "qsort",
    "realloc",
    "remove",
    "signal",
    "sprintf",
    "strcat",
    "strchr",
    "strcmp",
    "strcpy",
    "strerror",
    "strlen",
    "strncmp",
    "strncpy",
    "strrchr",
    "tolower",
    "vfprintf",
    "wcslen",
    "_stat64",
    "_strdup",
    "_open",
    "_getpid",
    "_fdopen",
    "_close",
    "_access",
    "CharLowerBuffA"
  ],
  "signatures_ttp": {},
  "signatures_full": [],
  "processes": [
    {
      "name": "lsass.exe",
      "path": "C:\\Windows\\System32\\lsass.exe",
      "pid": 484,
      "cmdline": "C:\\Windows\\system32\\lsass.exe",
      "modules": [
        "lsass.exe",
        "ntdll.dll",
        "kernel32.dll",
        "KERNELBASE.dll",
        "msvcrt.dll",
        "RPCRT4.dll",
        "SspiSrv.dll",
        "lsasrv.dll",
        "sechost.dll",
        "SspiCli.dll",
        "ADVAPI32.dll",
        "USER32.dll",
        "GDI32.dll",
        "LPK.dll",
        "USP10.dll",
        "SAMSRV.dll",
        "cryptdll.dll",
        "MSASN1.dll",
        "wevtapi.dll",
        "IMM32.DLL",
        "MSCTF.dll",
        "cngaudit.dll",
        "AUTHZ.dll",
        "ncrypt.dll",
        "bcrypt.dll",
        "msprivs.DLL",
        "netjoin.dll",
        "negoexts.DLL",
        "Secur32.dll",
        "cryptbase.dll",
        "kerberos.DLL",
        "CRYPTSP.dll",
        "WS2_32.dll",
        "NSI.dll",
        "mswsock.dll",
        "wship6.dll",
        "msv1_0.DLL",
        "netlogon.DLL",
        "DNSAPI.dll",
        "logoncli.dll",
        "schannel.DLL",
        "CRYPT32.dll",
        "wdigest.DLL",
        "rsaenh.dll",
        "tspkg.DLL",
        "pku2u.DLL",
        "bcryptprimitives.dll",
        "RpcRtRemote.dll",
        "efslsaext.dll",
        "WINSTA.dll",
        "scecli.DLL",
        "credssp.dll",
        "IPHLPAPI.DLL",
        "WINNSI.DLL",
        "netutils.dll",
        "USERENV.dll",
        "profapi.dll",
        "wshtcpip.dll",
        "monitor-x64.dll"
      ]
    },
    {
      "name": "08805d42f83cab69e6b93d9717da43d4d61892942b2573e45ec0e97adc6b506e.exe",
      "path": "C:\\Users\\Administrator\\AppData\\Local\\Temp\\08805d42f83cab69e6b93d9717da43d4d61892942b2573e45ec0e97adc6b506e.exe",
      "pid": 2328,
      "cmdline": "\"C:\\Users\\Administrator\\AppData\\Local\\Temp\\08805d42f83cab69e6b93d9717da43d4d61892942b2573e45ec0e97adc6b506e.exe\" ",
      "modules": [
        "08805d42f83cab69e6b93d9717da43d4d61892942b2573e45ec0e97adc6b506e.exe",
        "ntdll.dll",
        "kernel32.dll",
        "KERNELBASE.dll",
        "msvcrt.dll",
        "USER32.dll",
        "GDI32.dll",
        "LPK.dll",
        "USP10.dll",
        "IMM32.DLL",
        "MSCTF.dll",
        "monitor-x64.dll"
      ]
    }
  ]
}