{
  "behavior_summary": {
    "file_created": [],
    "file_deleted": [],
    "file_read": [],
    "file_recreated": [],
    "file_exists": [],
    "file_opened": [],
    "regkey_opened": [],
    "regkey_read": [],
    "regkey_written": [],
    "dll_loaded": [],
    "executed_commands": [],
    "directory_created": [],
    "mutex": [],
    "processes_created": [],
    "resolves_host": []
  },
  "dropped_files": [],
  "api_statistics": {},
  "api_call_sequence": [],
  "network": {
    "http": [
      {
        "count": 1,
        "body": "",
        "uri": "http://www.msftncsi.com/ncsi.txt",
        "user-agent": "Microsoft NCSI",
        "method": "GET",
        "host": "www.msftncsi.com",
        "version": "1.1",
        "path": "/ncsi.txt",
        "data": "GET /ncsi.txt HTTP/1.1\r\nConnection: Close\r\nUser-Agent: Microsoft NCSI\r\nHost: www.msftncsi.com\r\n\r\n",
        "port": 80
      }
    ],
    "tcp": [
      {
        "src": "192.168.56.101",
        "dst": "113.171.230.17",
        "offset": 1294,
        "time": 2.8116660118103027,
        "dport": 80,
        "sport": 49160
      }
    ],
    "udp": [
      {
        "src": "192.168.56.101",
        "dst": "192.168.56.255",
        "offset": 2060,
        "time": 3.0797929763793945,
        "dport": 137,
        "sport": 137
      },
      {
        "src": "192.168.56.101",
        "dst": "224.0.0.252",
        "offset": 5676,
        "time": 1.0590190887451172,
        "dport": 5355,
        "sport": 50233
      },
      {
        "src": "192.168.56.101",
        "dst": "224.0.0.252",
        "offset": 5996,
        "time": 1.5543100833892822,
        "dport": 5355,
        "sport": 52790
      },
      {
        "src": "192.168.56.101",
        "dst": "224.0.0.252",
        "offset": 6324,
        "time": 0.048799991607666016,
        "dport": 5355,
        "sport": 53526
      },
      {
        "src": "192.168.56.101",
        "dst": "224.0.0.252",
        "offset": 6652,
        "time": 3.010401964187622,
        "dport": 5355,
        "sport": 59798
      },
      {
        "src": "192.168.56.101",
        "dst": "224.0.0.252",
        "offset": 6972,
        "time": 3.0091121196746826,
        "dport": 5355,
        "sport": 60897
      },
      {
        "src": "192.168.56.101",
        "dst": "224.0.0.252",
        "offset": 7300,
        "time": 2.4287641048431396,
        "dport": 5355,
        "sport": 62139
      },
      {
        "src": "192.168.56.101",
        "dst": "8.8.8.8",
        "offset": 7620,
        "time": 2.0871829986572266,
        "dport": 53,
        "sport": 54506
      },
      {
        "src": "192.168.56.101",
        "dst": "8.8.8.8",
        "offset": 7832,
        "time": 2.0574381351470947,
        "dport": 53,
        "sport": 55116
      },
      {
        "src": "192.168.56.101",
        "dst": "8.8.8.8",
        "offset": 8032,
        "time": 3.009268045425415,
        "dport": 53,
        "sport": 58709
      },
      {
        "src": "192.168.56.101",
        "dst": "8.8.8.8",
        "offset": 8307,
        "time": 2.752042055130005,
        "dport": 53,
        "sport": 65068
      }
    ],
    "dns": [
      {
        "type": "A",
        "request": "www.msftncsi.com",
        "answers": [
          {
            "data": "113.171.230.17",
            "type": "A"
          },
          {
            "data": "www.msftncsi.com.edgesuite.net",
            "type": "CNAME"
          },
          {
            "data": "a1961.g2.akamai.net",
            "type": "CNAME"
          }
        ]
      },
      {
        "type": "A",
        "request": "dns.msftncsi.com",
        "answers": [
          {
            "data": "131.107.255.255",
            "type": "A"
          }
        ]
      },
      {
        "type": "AAAA",
        "request": "dns.msftncsi.com",
        "answers": [
          {
            "data": "fd3e:4f5a:5b81::1",
            "type": "AAAA"
          }
        ]
      },
      {
        "type": "A",
        "request": "teredo.ipv6.microsoft.com",
        "answers": []
      }
    ],
    "hosts": [
      "113.171.230.17",
      "8.8.8.8"
    ],
    "icmp": [],
    "smtp": []
  },
  "static_imports": [
    "gimp_brush_select_button_get_type",
    "gimp_brush_select_button_new",
    "gimp_brush_select_button_set_brush",
    "gimp_channel_combo_box_new",
    "gimp_drawable_combo_box_new",
    "gimp_font_select_button_get_type",
    "gimp_font_select_button_new",
    "gimp_font_select_button_set_font",
    "gimp_gradient_select_button_get_type",
    "gimp_gradient_select_button_new",
    "gimp_gradient_select_button_set_gradient",
    "gimp_image_combo_box_new",
    "gimp_layer_combo_box_new",
    "gimp_palette_select_button_get_type",
    "gimp_palette_select_button_new",
    "gimp_palette_select_button_set_palette",
    "gimp_pattern_select_button_get_type",
    "gimp_pattern_select_button_new",
    "gimp_pattern_select_button_set_pattern",
    "gimp_proc_browser_dialog_get_selected",
    "gimp_proc_browser_dialog_get_type",
    "gimp_proc_browser_dialog_new",
    "gimp_progress_bar_new",
    "gimp_select_button_close_popup",
    "gimp_select_button_get_type",
    "gimp_ui_init",
    "gimp_vectors_combo_box_new",
    "gimp_window_set_transient",
    "DeleteCriticalSection",
    "EnterCriticalSection",
    "FormatMessageW",
    "GetCurrentProcess",
    "GetCurrentProcessId",
    "GetCurrentThreadId",
    "GetLastError",
    "GetModuleHandleA",
    "GetProcAddress",
    "GetStartupInfoA",
    "GetSystemTimeAsFileTime",
    "GetTickCount",
    "InitializeCriticalSection",
    "LeaveCriticalSection",
    "QueryPerformanceCounter",
    "RtlAddFunctionTable",
    "RtlCaptureContext",
    "RtlLookupFunctionEntry",
    "RtlVirtualUnwind",
    "SetUnhandledExceptionFilter",
    "Sleep",
    "TerminateProcess",
    "TlsGetValue",
    "UnhandledExceptionFilter",
    "VirtualProtect",
    "VirtualQuery",
    "__C_specific_handler",
    "__argc",
    "__argv",
    "__dllonexit",
    "__getmainargs",
    "__initenv",
    "__iob_func",
    "__lconv_init",
    "__set_app_type",
    "__setusermatherr",
    "_acmdln",
    "_amsg_exit",
    "_cexit",
    "_ctime64",
    "_errno",
    "_fmode",
    "_initterm",
    "_localtime64",
    "_lock",
    "_onexit",
    "_stat64",
    "_time64",
    "_unlock",
    "abort",
    "acos",
    "asin",
    "atan",
    "atoi",
    "atol",
    "calloc",
    "exit",
    "fclose",
    "fflush",
    "fgetc",
    "fprintf",
    "fputs",
    "free",
    "fwrite",
    "malloc",
    "memcpy",
    "memset",
    "signal",
    "sscanf",
    "strcmp",
    "strcpy",
    "strcspn",
    "strlen",
    "strncmp",
    "strncpy",
    "strrchr",
    "strstr",
    "tan",
    "vfprintf",
    "wcstombs",
    "_unlink",
    "GetForegroundWindow",
    "SetForegroundWindow",
    "WSAGetLastError",
    "WSAStartup",
    "__WSAFDIsSet",
    "accept",
    "bind",
    "closesocket",
    "getaddrinfo",
    "getnameinfo",
    "listen",
    "recv",
    "select",
    "send",
    "setsockopt",
    "shutdown",
    "socket",
    "gimp_destroy_paramdefs",
    "gimp_destroy_params",
    "gimp_displays_flush",
    "gimp_enums_get_type_names",
    "gimp_extension_ack",
    "gimp_extension_process",
    "gimp_gimprc_query",
    "gimp_install_procedure",
    "gimp_install_temp_proc",
    "gimp_main",
    "gimp_plugin_domain_register",
    "gimp_plugin_menu_branch_register",
    "gimp_plugin_menu_register",
    "gimp_plugin_set_pdb_error_handler",
    "gimp_procedural_db_proc_info",
    "gimp_procedural_db_query",
    "gimp_progress_install_vtable",
    "gimp_progress_uninstall",
    "gimp_quit",
    "gimp_run_procedure2",
    "gimp_uninstall_temp_proc",
    "gimp_data_directory",
    "gimp_datafiles_check_extension",
    "gimp_datafiles_read_directories",
    "gimp_directory",
    "gimp_filename_to_utf8",
    "gimp_locale_directory",
    "gimp_path_free",
    "gimp_path_parse",
    "gimp_plug_in_directory",
    "gimp_strip_uline",
    "gimp_sysconf_directory",
    "gimp_rgb_get_uchar",
    "gimp_rgb_parse_css",
    "gimp_rgb_set_alpha",
    "gimp_rgb_set_uchar",
    "gimp_rgba_set_uchar",
    "gimp_color_button_get_color",
    "gimp_color_button_get_type",
    "gimp_color_button_new",
    "gimp_color_button_set_color",
    "gimp_color_button_set_update",
    "gimp_dialog_new",
    "gimp_double_adjustment_update",
    "gimp_enum_combo_box_new",
    "gimp_int_combo_box_connect",
    "gimp_int_combo_box_get_active",
    "gimp_int_combo_box_get_type",
    "gimp_int_combo_box_set_active",
    "gimp_label_set_attributes",
    "gimp_scale_entry_new",
    "gimp_spin_button_new",
    "gimp_standard_help_func",
    "gimp_table_attach_aligned",
    "gimp_toggle_button_update",
    "gtk_box_new",
    "gdk_atom_intern_static_string",
    "gdk_property_delete",
    "g_ascii_dtostr",
    "g_ascii_strtod",
    "g_build_filename",
    "g_clear_error",
    "g_dir_close",
    "g_dir_open_utf8",
    "g_dir_read_name_utf8",
    "g_dir_rewind",
    "g_direct_hash",
    "g_error_free",
    "g_file_test_utf8",
    "g_filename_display_name",
    "g_filename_from_utf8_utf8",
    "g_filename_to_utf8_utf8",
    "g_fopen",
    "g_free",
    "g_get_current_time",
    "g_getenv_utf8",
    "g_hash_table_destroy",
    "g_hash_table_foreach",
    "g_hash_table_foreach_remove",
    "g_hash_table_insert",
    "g_hash_table_lookup",
    "g_hash_table_new_full",
    "g_idle_add",
    "g_list_append",
    "g_list_free",
    "g_list_free_full",
    "g_list_length",
    "g_list_nth",
    "g_list_prepend",
    "g_list_remove",
    "g_list_sort",
    "g_log",
    "g_malloc",
    "g_malloc0_n",
    "g_malloc_n",
    "g_match_info_fetch_pos",
    "g_match_info_free",
    "g_printerr",
    "g_regex_match",
    "g_regex_new",
    "g_regex_unref",
    "g_return_if_fail_warning",
    "g_set_error",
    "g_slice_alloc0",
    "g_slice_free1",
    "g_slist_append",
    "g_slist_free_full",
    "g_snprintf",
    "g_source_remove",
    "g_str_has_prefix",
    "g_strconcat",
    "g_strdup",
    "g_strdup_printf",
    "g_strdup_vprintf",
    "g_strerror",
    "g_string_append",
    "g_string_append_len",
    "g_string_append_printf",
    "g_string_assign",
    "g_string_free",
    "g_string_insert_c",
    "g_string_new",
    "g_strndup",
    "g_tree_destroy",
    "g_tree_foreach",
    "g_tree_insert",
    "g_tree_lookup",
    "g_tree_new",
    "g_unichar_digit_value",
    "g_unichar_isalpha",
    "g_unichar_isdigit",
    "g_unichar_islower",
    "g_unichar_isspace",
    "g_unichar_isupper",
    "g_unichar_isxdigit",
    "g_unichar_to_utf8",
    "g_unichar_tolower",
    "g_unichar_toupper",
    "g_unichar_xdigit_value",
    "g_usleep",
    "g_utf8_casefold",
    "g_utf8_collate",
    "g_utf8_get_char",
    "g_utf8_get_char_validated",
    "g_utf8_offset_to_pointer",
    "g_utf8_pointer_to_offset",
    "g_utf8_skip",
    "g_utf8_strchr",
    "g_utf8_strlen",
    "g_utf8_validate",
    "g_enum_get_value_by_nick",
    "g_object_add_weak_pointer",
    "g_object_get_data",
    "g_object_ref",
    "g_object_unref",
    "g_signal_connect_data",
    "g_type_check_instance_cast",
    "g_type_class_peek",
    "g_type_class_ref",
    "g_type_class_unref",
    "g_type_from_name",
    "g_type_fundamental",
    "gtk_adjustment_get_page_size",
    "gtk_adjustment_get_type",
    "gtk_adjustment_get_upper",
    "gtk_adjustment_set_value",
    "gtk_bin_get_child",
    "gtk_bin_get_type",
    "gtk_box_get_type",
    "gtk_box_pack_end",
    "gtk_box_pack_start",
    "gtk_button_new_with_mnemonic",
    "gtk_check_button_new_with_mnemonic",
    "gtk_combo_box_get_active",
    "gtk_combo_box_get_type",
    "gtk_combo_box_set_active",
    "gtk_combo_box_text_append_text",
    "gtk_combo_box_text_get_type",
    "gtk_combo_box_text_new",
    "gtk_container_add",
    "gtk_container_get_type",
    "gtk_container_set_border_width",
    "gtk_dialog_get_action_area",
    "gtk_dialog_get_content_area",
    "gtk_dialog_get_type",
    "gtk_dialog_response",
    "gtk_dialog_set_alternative_button_order",
    "gtk_dialog_set_default_response",
    "gtk_editable_get_type",
    "gtk_editable_set_position",
    "gtk_entry_get_text",
    "gtk_entry_get_type",
    "gtk_entry_new",
    "gtk_entry_set_activates_default",
    "gtk_entry_set_text",
    "gtk_events_pending",
    "gtk_file_chooser_button_new",
    "gtk_file_chooser_dialog_new",
    "gtk_file_chooser_get_filename_utf8",
    "gtk_file_chooser_get_type",
    "gtk_file_chooser_set_do_overwrite_confirmation",
    "gtk_file_chooser_set_filename_utf8",
    "gtk_image_new_from_stock",
    "gtk_label_get_type",
    "gtk_label_new",
    "gtk_label_set_ellipsize",
    "gtk_label_set_line_wrap",
    "gtk_label_set_text",
    "gtk_main",
    "gtk_main_iteration",
    "gtk_main_quit",
    "gtk_misc_get_type",
    "gtk_misc_set_alignment",
    "gtk_misc_set_padding",
    "gtk_scrolled_window_get_type",
    "gtk_scrolled_window_get_vadjustment",
    "gtk_scrolled_window_new",
    "gtk_scrolled_window_set_policy",
    "gtk_scrolled_window_set_shadow_type",
    "gtk_size_group_add_widget",
    "gtk_size_group_new",
    "gtk_table_attach",
    "gtk_table_get_type",
    "gtk_table_new",
    "gtk_table_set_col_spacings",
    "gtk_table_set_row_spacings",
    "gtk_text_buffer_create_tag",
    "gtk_text_buffer_delete",
    "gtk_text_buffer_get_end_iter",
    "gtk_text_buffer_get_start_iter",
    "gtk_text_buffer_get_text",
    "gtk_text_buffer_insert",
    "gtk_text_buffer_insert_with_tags_by_name",
    "gtk_text_buffer_new",
    "gtk_text_buffer_set_text",
    "gtk_text_view_get_buffer",
    "gtk_text_view_get_type",
    "gtk_text_view_new",
    "gtk_text_view_new_with_buffer",
    "gtk_text_view_set_editable",
    "gtk_text_view_set_left_margin",
    "gtk_text_view_set_right_margin",
    "gtk_text_view_set_wrap_mode",
    "gtk_toggle_button_get_type",
    "gtk_toggle_button_set_active",
    "gtk_widget_destroy",
    "gtk_widget_get_parent",
    "gtk_widget_get_window",
    "gtk_widget_grab_focus",
    "gtk_widget_hide",
    "gtk_widget_is_sensitive",
    "gtk_widget_set_sensitive",
    "gtk_widget_set_size_request",
    "gtk_widget_show",
    "gtk_window_get_type",
    "gtk_window_present",
    "gtk_window_set_focus",
    "gtk_window_set_resizable",
    "libintl_bind_textdomain_codeset",
    "libintl_bindtextdomain",
    "libintl_fprintf",
    "libintl_gettext",
    "libintl_snprintf",
    "libintl_sprintf",
    "libintl_textdomain"
  ],
  "signatures_ttp": {},
  "signatures_full": [],
  "processes": [
    {
      "name": "lsass.exe",
      "path": "C:\\Windows\\System32\\lsass.exe",
      "pid": 484,
      "cmdline": "C:\\Windows\\system32\\lsass.exe",
      "modules": [
        "lsass.exe",
        "ntdll.dll",
        "kernel32.dll",
        "KERNELBASE.dll",
        "msvcrt.dll",
        "RPCRT4.dll",
        "SspiSrv.dll",
        "lsasrv.dll",
        "sechost.dll",
        "SspiCli.dll",
        "ADVAPI32.dll",
        "USER32.dll",
        "GDI32.dll",
        "LPK.dll",
        "USP10.dll",
        "SAMSRV.dll",
        "cryptdll.dll",
        "MSASN1.dll",
        "wevtapi.dll",
        "IMM32.DLL",
        "MSCTF.dll",
        "cngaudit.dll",
        "AUTHZ.dll",
        "ncrypt.dll",
        "bcrypt.dll",
        "msprivs.DLL",
        "netjoin.dll",
        "negoexts.DLL",
        "Secur32.dll",
        "cryptbase.dll",
        "kerberos.DLL",
        "CRYPTSP.dll",
        "WS2_32.dll",
        "NSI.dll",
        "mswsock.dll",
        "wship6.dll",
        "msv1_0.DLL",
        "netlogon.DLL",
        "DNSAPI.dll",
        "logoncli.dll",
        "schannel.DLL",
        "CRYPT32.dll",
        "wdigest.DLL",
        "rsaenh.dll",
        "tspkg.DLL",
        "pku2u.DLL",
        "bcryptprimitives.dll",
        "RpcRtRemote.dll",
        "efslsaext.dll",
        "WINSTA.dll",
        "scecli.DLL",
        "credssp.dll",
        "IPHLPAPI.DLL",
        "WINNSI.DLL",
        "netutils.dll",
        "USERENV.dll",
        "profapi.dll",
        "wshtcpip.dll",
        "monitor-x64.dll"
      ]
    }
  ]
}