{
  "behavior_summary": {
    "file_created": [],
    "file_deleted": [],
    "file_read": [],
    "file_recreated": [],
    "file_exists": [],
    "file_opened": [],
    "regkey_opened": [],
    "regkey_read": [],
    "regkey_written": [],
    "dll_loaded": [],
    "executed_commands": [],
    "directory_created": [],
    "mutex": [],
    "processes_created": [],
    "resolves_host": []
  },
  "dropped_files": [
    {
      "yara": [],
      "sha1": "b8557cd3a64a3650cd2d89329d56fd957f02acb3",
      "name": "0c4053693187dddd_tmp8C13.tmp",
      "filepath": "C:\\Users\\Administrator\\AppData\\Local\\Temp\\tmp8C13.tmp",
      "type": "data",
      "sha256": "0c4053693187dddde343b01d5530d6d3dd7533bab45d3371137a961ebfa08998",
      "urls": [],
      "crc32": "8B91BD10",
      "path": "/home/cuckoo/.cuckoo/storage/analyses/94/files/0c4053693187dddd_tmp8C13.tmp",
      "ssdeep": null,
      "size": 4096,
      "sha512": "b64dad91ca77a43f5e2876cd84da27ae77245860eaf76c79e07b46c786329f014bbc027339256bc7cb5c153ff61e991f62a88d8604037689cdac23c75bc131b9",
      "pids": [
        2272
      ],
      "md5": "1e9e8dec4df1da2d9f6c236d3d57b2c0"
    }
  ],
  "api_statistics": {},
  "api_call_sequence": [],
  "network": {
    "http": [],
    "tcp": [],
    "udp": [
      {
        "src": "192.168.56.101",
        "dst": "192.168.56.255",
        "offset": 3333,
        "time": 3.082034111022949,
        "dport": 137,
        "sport": 137
      },
      {
        "src": "192.168.56.101",
        "dst": "192.168.56.255",
        "offset": 10029,
        "time": 9.079261064529419,
        "dport": 138,
        "sport": 138
      },
      {
        "src": "192.168.56.101",
        "dst": "224.0.0.252",
        "offset": 17853,
        "time": 1.044992208480835,
        "dport": 5355,
        "sport": 50233
      },
      {
        "src": "192.168.56.101",
        "dst": "224.0.0.252",
        "offset": 18173,
        "time": 1.5632460117340088,
        "dport": 5355,
        "sport": 52790
      },
      {
        "src": "192.168.56.101",
        "dst": "224.0.0.252",
        "offset": 18501,
        "time": 0.05492115020751953,
        "dport": 5355,
        "sport": 53526
      },
      {
        "src": "192.168.56.101",
        "dst": "224.0.0.252",
        "offset": 18829,
        "time": 3.014057159423828,
        "dport": 5355,
        "sport": 57168
      },
      {
        "src": "192.168.56.101",
        "dst": "224.0.0.252",
        "offset": 19149,
        "time": 2.4340670108795166,
        "dport": 5355,
        "sport": 58224
      },
      {
        "src": "192.168.56.101",
        "dst": "224.0.0.252",
        "offset": 19469,
        "time": 3.013792037963867,
        "dport": 5355,
        "sport": 60897
      },
      {
        "src": "192.168.56.101",
        "dst": "239.255.255.250",
        "offset": 19797,
        "time": 103.0210120677948,
        "dport": 1900,
        "sport": 61034
      },
      {
        "src": "192.168.56.101",
        "dst": "8.8.8.8",
        "offset": 22089,
        "time": 2.050352096557617,
        "dport": 53,
        "sport": 55116
      },
      {
        "src": "192.168.56.101",
        "dst": "8.8.8.8",
        "offset": 22549,
        "time": 15.001909017562866,
        "dport": 53,
        "sport": 59798
      },
      {
        "src": "192.168.56.101",
        "dst": "8.8.8.8",
        "offset": 23054,
        "time": 15.004701137542725,
        "dport": 53,
        "sport": 61031
      },
      {
        "src": "192.168.56.101",
        "dst": "8.8.8.8",
        "offset": 23514,
        "time": 2.753101110458374,
        "dport": 53,
        "sport": 62139
      },
      {
        "src": "192.168.56.101",
        "dst": "8.8.8.8",
        "offset": 23974,
        "time": 112.73715806007385,
        "dport": 53,
        "sport": 63090
      },
      {
        "src": "192.168.56.101",
        "dst": "8.8.8.8",
        "offset": 24479,
        "time": 3.0125250816345215,
        "dport": 53,
        "sport": 65068
      }
    ],
    "dns": [
      {
        "type": "A",
        "request": "www.msftncsi.com",
        "answers": []
      },
      {
        "type": "A",
        "request": "dns.msftncsi.com",
        "answers": []
      },
      {
        "type": "A",
        "request": "teredo.ipv6.microsoft.com",
        "answers": []
      }
    ],
    "hosts": [
      "8.8.8.8"
    ],
    "icmp": [],
    "smtp": []
  },
  "static_imports": [
    "CompareStringW",
    "SetStdHandle",
    "HeapReAlloc",
    "CreateFileW",
    "LoadLibraryW",
    "OutputDebugStringW",
    "GetOEMCP",
    "GetACP",
    "IsValidCodePage",
    "LoadLibraryExW",
    "GetCPInfo",
    "FreeEnvironmentStringsW",
    "GetEnvironmentStringsW",
    "GetSystemTimeAsFileTime",
    "GetCurrentProcessId",
    "QueryPerformanceCounter",
    "GetCurrentThreadId",
    "InterlockedIncrement",
    "GetModuleHandleW",
    "TlsFree",
    "TlsSetValue",
    "TlsGetValue",
    "TlsAlloc",
    "TerminateProcess",
    "GetCurrentProcess",
    "SetLastError",
    "LCMapStringW",
    "UnhandledExceptionFilter",
    "GetStartupInfoW",
    "DeleteCriticalSection",
    "GetFileType",
    "SetFilePointerEx",
    "SetFilePointer",
    "GetConsoleCP",
    "ReadConsoleW",
    "GetConsoleMode",
    "Sleep",
    "HeapSize",
    "RtlUnwind",
    "InitializeCriticalSectionAndSpinCount",
    "LeaveCriticalSection",
    "EnterCriticalSection",
    "GetModuleFileNameW",
    "GetStdHandle",
    "MultiByteToWideChar",
    "WriteConsoleW",
    "FlushFileBuffers",
    "GetStringTypeW",
    "SetEndOfFile",
    "CloseHandle",
    "LockResource",
    "LoadLibraryA",
    "GetProcAddress",
    "GetLastError",
    "SetTimeZoneInformation",
    "MulDiv",
    "GetFileAttributesW",
    "GetFileAttributesA",
    "GetConsoleWindow",
    "CreateEventA",
    "SizeofResource",
    "GlobalAlloc",
    "FindResourceExA",
    "WriteFile",
    "GetModuleHandleExW",
    "InterlockedDecrement",
    "GetProcessHeap",
    "RaiseException",
    "SetEnvironmentVariableA",
    "WideCharToMultiByte",
    "GetTimeZoneInformation",
    "GetCommandLineW",
    "IsProcessorFeaturePresent",
    "IsDebuggerPresent",
    "ReadFile",
    "DeleteFileW",
    "DecodePointer",
    "WaitForSingleObject",
    "LoadResource",
    "MapUserPhysicalPages",
    "FindResourceA",
    "CreateFileA",
    "EncodePointer",
    "HeapAlloc",
    "HeapFree",
    "ExitProcess",
    "SetCurrentDirectoryW",
    "GetTempPathW",
    "GetTempFileNameW",
    "GetFileAttributesExW",
    "FindNextFileW",
    "GetModuleHandleA",
    "FindClose",
    "GetLogicalDriveStringsW",
    "SetUnhandledExceptionFilter",
    "FindFirstFileW",
    "GetSysColorBrush",
    "SendMessageW",
    "wsprintfW",
    "DispatchMessageW",
    "DefWindowProcW",
    "DestroyIcon",
    "UpdateWindow",
    "GetMessageA",
    "GetWindowRect",
    "SetActiveWindow",
    "GetWindowDC",
    "LoadStringA",
    "LoadBitmapA",
    "wsprintfA",
    "DrawIcon",
    "GetClientRect",
    "SetFocus",
    "SendMessageA",
    "GetScrollRange",
    "GetDC",
    "InflateRect",
    "SetRect",
    "CreateWindowExW",
    "MessageBoxA",
    "GetWindowLongA",
    "CreateWindowExA",
    "SetScrollPos",
    "ReleaseDC",
    "EnableMenuItem",
    "GetDlgItem",
    "ScrollWindow",
    "DefWindowProcA",
    "GetCursorPos",
    "LoadAcceleratorsA",
    "SetWindowLongA",
    "LoadBitmapW",
    "IsDlgButtonChecked",
    "DefDlgProcA",
    "DefMDIChildProcA",
    "MessageBoxW",
    "GetSystemMetrics",
    "MapWindowPoints",
    "EnableWindow",
    "FindWindowA",
    "GetScrollPos",
    "GetDialogBaseUnits",
    "GetWindowThreadProcessId",
    "MoveWindow",
    "EndPaint",
    "DestroyWindow",
    "TranslateAcceleratorW",
    "GetMessageW",
    "PostQuitMessage",
    "DialogBoxParamW",
    "LoadCursorW",
    "BeginPaint",
    "TranslateMessage",
    "LoadAcceleratorsW",
    "RegisterClassExW",
    "LoadIconW",
    "EndDialog",
    "ShowWindow",
    "TextOutA",
    "GetTextExtentPoint32A",
    "SetTextColor",
    "CreateDIBSection",
    "CreateFontA",
    "GetDeviceCaps",
    "SetBkMode",
    "DeleteObject",
    "SelectObject",
    "CreateCompatibleDC",
    "Rectangle",
    "SaveDC",
    "CreateFontW",
    "Escape",
    "RestoreDC",
    "GetKernelObjectSecurity",
    "RegOpenKeyExW",
    "RegCloseKey",
    "GetInheritanceSourceA",
    "CryptAcquireContextA",
    "GetFileSecurityA",
    "RegQueryValueExW",
    "ShellExecuteW",
    "SHGetDiskFreeSpaceExW",
    "SHGetDesktopFolder",
    "SHGetFileInfoW",
    "StgOpenStorage",
    "CreateStreamOnHGlobal",
    "VarR8FromI4",
    "VarR8FromR4",
    "ImageList_Create",
    "ImageList_ReplaceIcon",
    "ImageList_AddMasked",
    "InternetCloseHandle",
    "NetWkstaUserGetInfo",
    "AVIStreamGetFrameOpen",
    "capGetDriverDescriptionA",
    "GradientFill",
    "CertGetNameStringA",
    "PathAppendA",
    "QueryContextAttributesA",
    "glMatrixMode",
    "glBegin",
    "glVertex2f",
    "glEnd",
    "glClearColor",
    "gluOrtho2D",
    "ScriptCacheGetHeight",
    "ScriptFreeCache",
    "DCISetClipList",
    "DCISetDestination"
  ],
  "signatures_ttp": {
    "T1045": "Software Packing"
  },
  "signatures_full": [
    {
      "name": "pe_unknown_resource_name",
      "description": "The file contains an unknown PE resource name possibly indicative of a packer",
      "severity": 1,
      "ttp": {
        "T1045": {
          "short": "Software Packing",
          "long": "Software packing is a method of compressing or encrypting an executable. Packing an executable changes the file signature in an attempt to avoid signature-based detection. Most decompression techniques decompress the executable code in memory."
        }
      },
      "markcount": 4,
      "marks": [
        {
          "category": "resource name",
          "ioc": "241",
          "type": "ioc",
          "description": null
        },
        {
          "category": "resource name",
          "ioc": "BINDATA",
          "type": "ioc",
          "description": null
        },
        {
          "category": "resource name",
          "ioc": "RAW",
          "type": "ioc",
          "description": null
        },
        {
          "category": "resource name",
          "ioc": "None",
          "type": "ioc",
          "description": null
        }
      ]
    },
    {
      "name": "packer_entropy",
      "description": "The binary likely contains encrypted or compressed data indicative of a packer",
      "severity": 2,
      "ttp": {
        "T1045": {
          "short": "Software Packing",
          "long": "Software packing is a method of compressing or encrypting an executable. Packing an executable changes the file signature in an attempt to avoid signature-based detection. Most decompression techniques decompress the executable code in memory."
        }
      },
      "markcount": 2,
      "marks": [
        {
          "entropy": 7.2671425556538995,
          "section": {
            "size_of_data": "0x00051000",
            "virtual_address": "0x0003b000",
            "entropy": 7.2671425556538995,
            "name": ".rsrc",
            "virtual_size": "0x00126f08"
          },
          "type": "generic",
          "description": "A section with a high entropy has been found"
        },
        {
          "entropy": 0.6005560704355886,
          "type": "generic",
          "description": "Overall entropy of this PE file is high"
        }
      ]
    }
  ],
  "processes": [
    {
      "name": "lsass.exe",
      "path": "C:\\Windows\\System32\\lsass.exe",
      "pid": 484,
      "cmdline": "C:\\Windows\\system32\\lsass.exe",
      "modules": [
        "lsass.exe",
        "ntdll.dll",
        "kernel32.dll",
        "KERNELBASE.dll",
        "msvcrt.dll",
        "RPCRT4.dll",
        "SspiSrv.dll",
        "lsasrv.dll",
        "sechost.dll",
        "SspiCli.dll",
        "ADVAPI32.dll",
        "USER32.dll",
        "GDI32.dll",
        "LPK.dll",
        "USP10.dll",
        "SAMSRV.dll",
        "cryptdll.dll",
        "MSASN1.dll",
        "wevtapi.dll",
        "IMM32.DLL",
        "MSCTF.dll",
        "cngaudit.dll",
        "AUTHZ.dll",
        "ncrypt.dll",
        "bcrypt.dll",
        "msprivs.DLL",
        "netjoin.dll",
        "negoexts.DLL",
        "Secur32.dll",
        "cryptbase.dll",
        "kerberos.DLL",
        "CRYPTSP.dll",
        "WS2_32.dll",
        "NSI.dll",
        "mswsock.dll",
        "wship6.dll",
        "msv1_0.DLL",
        "netlogon.DLL",
        "DNSAPI.dll",
        "logoncli.dll",
        "schannel.DLL",
        "CRYPT32.dll",
        "wdigest.DLL",
        "rsaenh.dll",
        "tspkg.DLL",
        "pku2u.DLL",
        "bcryptprimitives.dll",
        "RpcRtRemote.dll",
        "efslsaext.dll",
        "WINSTA.dll",
        "scecli.DLL",
        "credssp.dll",
        "IPHLPAPI.DLL",
        "WINNSI.DLL",
        "netutils.dll",
        "USERENV.dll",
        "profapi.dll",
        "wshtcpip.dll",
        "monitor-x64.dll"
      ]
    }
  ]
}