{
  "behavior_summary": {
    "file_created": [],
    "file_deleted": [],
    "file_read": [],
    "file_recreated": [],
    "file_exists": [
      "C:\\Windows\\mysql\\bin\\mysqld.exe",
      "C:\\Windows\\System32\\apache\\bin\\httpd.exe",
      "C:\\Windows\\apache\\bin\\httpd.exe",
      "C:\\Windows\\System32\\wbem\\apache\\bin\\httpd.exe",
      "C:\\Users\\Administrator\\AppData\\Local\\Temp\\apache\\bin\\httpd.exe",
      "C:\\Windows\\System32\\mysql\\bin\\mysqld.exe",
      "C:\\Users\\Administrator\\AppData\\Local\\Temp\\mysql\\bin\\mysqld.exe",
      "C:\\Windows\\System32\\wbem\\mysql\\bin\\mysqld.exe",
      "C:\\Windows\\System32\\WindowsPowerShell\\v1.0\\apache\\bin\\httpd.exe",
      "C:\\Windows\\System32\\WindowsPowerShell\\v1.0\\mysql\\bin\\mysqld.exe"
    ],
    "file_opened": [],
    "regkey_opened": [],
    "regkey_read": [],
    "regkey_written": [],
    "dll_loaded": [],
    "executed_commands": [],
    "directory_created": [],
    "mutex": [],
    "processes_created": [],
    "resolves_host": []
  },
  "dropped_files": [],
  "api_statistics": {
    "2252": {
      "GetSystemTimeAsFileTime": 1,
      "WriteConsoleA": 6,
      "LdrGetProcedureAddress": 31,
      "NtDelayExecution": 1,
      "SetUnhandledExceptionFilter": 1,
      "NtTerminateProcess": 3,
      "GetFileType": 3,
      "NtAllocateVirtualMemory": 5,
      "GetFileAttributesW": 10,
      "LdrGetDllHandle": 29
    }
  },
  "api_call_sequence": [
    {
      "time": 1746153776.28175,
      "api": "GetSystemTimeAsFileTime",
      "pid": 2252,
      "arguments": {},
      "category": "synchronisation"
    },
    {
      "time": 1746153776.28175,
      "api": "NtAllocateVirtualMemory",
      "pid": 2252,
      "arguments": {
        "process_identifier": 2252,
        "region_size": 65536,
        "stack_dep_bypass": 0,
        "stack_pivoted": 0,
        "heap_dep_bypass": 0,
        "protection": 4,
        "process_handle": "0xffffffff",
        "allocation_type": 8192,
        "base_address": "0x00390000"
      },
      "category": "process"
    },
    {
      "time": 1746153776.28175,
      "api": "NtAllocateVirtualMemory",
      "pid": 2252,
      "arguments": {
        "process_identifier": 2252,
        "region_size": 4096,
        "stack_dep_bypass": 0,
        "stack_pivoted": 0,
        "heap_dep_bypass": 0,
        "protection": 4,
        "process_handle": "0xffffffff",
        "allocation_type": 4096,
        "base_address": "0x00390000"
      },
      "category": "process"
    },
    {
      "time": 1746153776.28175,
      "api": "LdrGetDllHandle",
      "pid": 2252,
      "arguments": {
        "module_name": "KERNEL32.DLL",
        "stack_pivoted": 0,
        "module_address": "0x77820000"
      },
      "category": "system"
    },
    {
      "time": 1746153776.28175,
      "api": "LdrGetProcedureAddress",
      "pid": 2252,
      "arguments": {
        "ordinal": 0,
        "module": "kernel32",
        "module_address": "0x77820000",
        "function_address": "0x77834f2b",
        "function_name": "FlsAlloc"
      },
      "category": "system"
    },
    {
      "time": 1746153776.28175,
      "api": "LdrGetProcedureAddress",
      "pid": 2252,
      "arguments": {
        "ordinal": 0,
        "module": "kernel32",
        "module_address": "0x77820000",
        "function_address": "0x77831252",
        "function_name": "FlsGetValue"
      },
      "category": "system"
    },
    {
      "time": 1746153776.28175,
      "api": "LdrGetProcedureAddress",
      "pid": 2252,
      "arguments": {
        "ordinal": 0,
        "module": "kernel32",
        "module_address": "0x77820000",
        "function_address": "0x77834208",
        "function_name": "FlsSetValue"
      },
      "category": "system"
    },
    {
      "time": 1746153776.28175,
      "api": "LdrGetProcedureAddress",
      "pid": 2252,
      "arguments": {
        "ordinal": 0,
        "module": "kernel32",
        "module_address": "0x77820000",
        "function_address": "0x7783359f",
        "function_name": "FlsFree"
      },
      "category": "system"
    },
    {
      "time": 1746153776.28175,
      "api": "LdrGetDllHandle",
      "pid": 2252,
      "arguments": {
        "module_name": "KERNEL32.DLL",
        "stack_pivoted": 0,
        "module_address": "0x77820000"
      },
      "category": "system"
    },
    {
      "time": 1746153776.28175,
      "api": "LdrGetProcedureAddress",
      "pid": 2252,
      "arguments": {
        "ordinal": 0,
        "module": "kernel32",
        "module_address": "0x77820000",
        "function_address": "0x77e20fcb",
        "function_name": "EncodePointer"
      },
      "category": "system"
    },
    {
      "time": 1746153776.28175,
      "api": "LdrGetDllHandle",
      "pid": 2252,
      "arguments": {
        "module_name": "KERNEL32.DLL",
        "stack_pivoted": 0,
        "module_address": "0x77820000"
      },
      "category": "system"
    },
    {
      "time": 1746153776.28175,
      "api": "LdrGetProcedureAddress",
      "pid": 2252,
      "arguments": {
        "ordinal": 0,
        "module": "kernel32",
        "module_address": "0x77820000",
        "function_address": "0x77e20fcb",
        "function_name": "EncodePointer"
      },
      "category": "system"
    },
    {
      "time": 1746153776.28175,
      "api": "LdrGetDllHandle",
      "pid": 2252,
      "arguments": {
        "module_name": "KERNEL32.DLL",
        "stack_pivoted": 0,
        "module_address": "0x77820000"
      },
      "category": "system"
    },
    {
      "time": 1746153776.28175,
      "api": "LdrGetProcedureAddress",
      "pid": 2252,
      "arguments": {
        "ordinal": 0,
        "module": "kernel32",
        "module_address": "0x77820000",
        "function_address": "0x77e20fcb",
        "function_name": "EncodePointer"
      },
      "category": "system"
    },
    {
      "time": 1746153776.28175,
      "api": "LdrGetDllHandle",
      "pid": 2252,
      "arguments": {
        "module_name": "KERNEL32.DLL",
        "stack_pivoted": 0,
        "module_address": "0x77820000"
      },
      "category": "system"
    },
    {
      "time": 1746153776.28175,
      "api": "LdrGetProcedureAddress",
      "pid": 2252,
      "arguments": {
        "ordinal": 0,
        "module": "kernel32",
        "module_address": "0x77820000",
        "function_address": "0x77e20fcb",
        "function_name": "EncodePointer"
      },
      "category": "system"
    },
    {
      "time": 1746153776.28175,
      "api": "LdrGetDllHandle",
      "pid": 2252,
      "arguments": {
        "module_name": "KERNEL32.DLL",
        "stack_pivoted": 0,
        "module_address": "0x77820000"
      },
      "category": "system"
    },
    {
      "time": 1746153776.28175,
      "api": "LdrGetProcedureAddress",
      "pid": 2252,
      "arguments": {
        "ordinal": 0,
        "module": "kernel32",
        "module_address": "0x77820000",
        "function_address": "0x77e20fcb",
        "function_name": "EncodePointer"
      },
      "category": "system"
    },
    {
      "time": 1746153776.28175,
      "api": "LdrGetDllHandle",
      "pid": 2252,
      "arguments": {
        "module_name": "KERNEL32.DLL",
        "stack_pivoted": 0,
        "module_address": "0x77820000"
      },
      "category": "system"
    },
    {
      "time": 1746153776.28175,
      "api": "LdrGetProcedureAddress",
      "pid": 2252,
      "arguments": {
        "ordinal": 0,
        "module": "kernel32",
        "module_address": "0x77820000",
        "function_address": "0x77e20fcb",
        "function_name": "EncodePointer"
      },
      "category": "system"
    },
    {
      "time": 1746153776.28175,
      "api": "LdrGetDllHandle",
      "pid": 2252,
      "arguments": {
        "module_name": "KERNEL32.DLL",
        "stack_pivoted": 0,
        "module_address": "0x77820000"
      },
      "category": "system"
    },
    {
      "time": 1746153776.28175,
      "api": "LdrGetProcedureAddress",
      "pid": 2252,
      "arguments": {
        "ordinal": 0,
        "module": "kernel32",
        "module_address": "0x77820000",
        "function_address": "0x77e20fcb",
        "function_name": "EncodePointer"
      },
      "category": "system"
    },
    {
      "time": 1746153776.28175,
      "api": "LdrGetDllHandle",
      "pid": 2252,
      "arguments": {
        "module_name": "KERNEL32.DLL",
        "stack_pivoted": 0,
        "module_address": "0x77820000"
      },
      "category": "system"
    },
    {
      "time": 1746153776.28175,
      "api": "LdrGetProcedureAddress",
      "pid": 2252,
      "arguments": {
        "ordinal": 0,
        "module": "kernel32",
        "module_address": "0x77820000",
        "function_address": "0x77e19d35",
        "function_name": "DecodePointer"
      },
      "category": "system"
    },
    {
      "time": 1746153776.28175,
      "api": "LdrGetDllHandle",
      "pid": 2252,
      "arguments": {
        "module_name": "kernel32.dll",
        "stack_pivoted": 0,
        "module_address": "0x77820000"
      },
      "category": "system"
    },
    {
      "time": 1746153776.28175,
      "api": "LdrGetProcedureAddress",
      "pid": 2252,
      "arguments": {
        "ordinal": 0,
        "module": "kernel32",
        "module_address": "0x77820000",
        "function_address": "0x77831916",
        "function_name": "InitializeCriticalSectionAndSpinCount"
      },
      "category": "system"
    },
    {
      "time": 1746153776.28175,
      "api": "LdrGetDllHandle",
      "pid": 2252,
      "arguments": {
        "module_name": "KERNEL32.DLL",
        "stack_pivoted": 0,
        "module_address": "0x77820000"
      },
      "category": "system"
    },
    {
      "time": 1746153776.28175,
      "api": "LdrGetProcedureAddress",
      "pid": 2252,
      "arguments": {
        "ordinal": 0,
        "module": "kernel32",
        "module_address": "0x77820000",
        "function_address": "0x77e20fcb",
        "function_name": "EncodePointer"
      },
      "category": "system"
    },
    {
      "time": 1746153776.28175,
      "api": "LdrGetDllHandle",
      "pid": 2252,
      "arguments": {
        "module_name": "KERNEL32.DLL",
        "stack_pivoted": 0,
        "module_address": "0x77820000"
      },
      "category": "system"
    },
    {
      "time": 1746153776.28175,
      "api": "LdrGetProcedureAddress",
      "pid": 2252,
      "arguments": {
        "ordinal": 0,
        "module": "kernel32",
        "module_address": "0x77820000",
        "function_address": "0x77e19d35",
        "function_name": "DecodePointer"
      },
      "category": "system"
    },
    {
      "time": 1746153776.28175,
      "api": "LdrGetDllHandle",
      "pid": 2252,
      "arguments": {
        "module_name": "KERNEL32.DLL",
        "stack_pivoted": 0,
        "module_address": "0x77820000"
      },
      "category": "system"
    },
    {
      "time": 1746153776.28175,
      "api": "LdrGetProcedureAddress",
      "pid": 2252,
      "arguments": {
        "ordinal": 0,
        "module": "kernel32",
        "module_address": "0x77820000",
        "function_address": "0x77e19d35",
        "function_name": "DecodePointer"
      },
      "category": "system"
    },
    {
      "time": 1746153776.28175,
      "api": "LdrGetDllHandle",
      "pid": 2252,
      "arguments": {
        "module_name": "KERNEL32.DLL",
        "stack_pivoted": 0,
        "module_address": "0x77820000"
      },
      "category": "system"
    },
    {
      "time": 1746153776.28175,
      "api": "LdrGetProcedureAddress",
      "pid": 2252,
      "arguments": {
        "ordinal": 0,
        "module": "kernel32",
        "module_address": "0x77820000",
        "function_address": "0x77e19d35",
        "function_name": "DecodePointer"
      },
      "category": "system"
    },
    {
      "time": 1746153776.28175,
      "api": "LdrGetDllHandle",
      "pid": 2252,
      "arguments": {
        "module_name": "KERNEL32.DLL",
        "stack_pivoted": 0,
        "module_address": "0x77820000"
      },
      "category": "system"
    },
    {
      "time": 1746153776.28175,
      "api": "LdrGetProcedureAddress",
      "pid": 2252,
      "arguments": {
        "ordinal": 0,
        "module": "kernel32",
        "module_address": "0x77820000",
        "function_address": "0x77e19d35",
        "function_name": "DecodePointer"
      },
      "category": "system"
    },
    {
      "time": 1746153776.28175,
      "api": "LdrGetDllHandle",
      "pid": 2252,
      "arguments": {
        "module_name": "KERNEL32.DLL",
        "stack_pivoted": 0,
        "module_address": "0x77820000"
      },
      "category": "system"
    },
    {
      "time": 1746153776.28175,
      "api": "LdrGetProcedureAddress",
      "pid": 2252,
      "arguments": {
        "ordinal": 0,
        "module": "kernel32",
        "module_address": "0x77820000",
        "function_address": "0x77e19d35",
        "function_name": "DecodePointer"
      },
      "category": "system"
    },
    {
      "time": 1746153776.28175,
      "api": "LdrGetDllHandle",
      "pid": 2252,
      "arguments": {
        "module_name": "KERNEL32.DLL",
        "stack_pivoted": 0,
        "module_address": "0x77820000"
      },
      "category": "system"
    },
    {
      "time": 1746153776.28175,
      "api": "LdrGetProcedureAddress",
      "pid": 2252,
      "arguments": {
        "ordinal": 0,
        "module": "kernel32",
        "module_address": "0x77820000",
        "function_address": "0x77e19d35",
        "function_name": "DecodePointer"
      },
      "category": "system"
    },
    {
      "time": 1746153776.28175,
      "api": "LdrGetDllHandle",
      "pid": 2252,
      "arguments": {
        "module_name": "KERNEL32.DLL",
        "stack_pivoted": 0,
        "module_address": "0x77820000"
      },
      "category": "system"
    },
    {
      "time": 1746153776.28175,
      "api": "LdrGetProcedureAddress",
      "pid": 2252,
      "arguments": {
        "ordinal": 0,
        "module": "kernel32",
        "module_address": "0x77820000",
        "function_address": "0x77e19d35",
        "function_name": "DecodePointer"
      },
      "category": "system"
    },
    {
      "time": 1746153776.28175,
      "api": "LdrGetDllHandle",
      "pid": 2252,
      "arguments": {
        "module_name": "KERNEL32.DLL",
        "stack_pivoted": 0,
        "module_address": "0x77820000"
      },
      "category": "system"
    },
    {
      "time": 1746153776.28175,
      "api": "LdrGetProcedureAddress",
      "pid": 2252,
      "arguments": {
        "ordinal": 0,
        "module": "kernel32",
        "module_address": "0x77820000",
        "function_address": "0x77e19d35",
        "function_name": "DecodePointer"
      },
      "category": "system"
    },
    {
      "time": 1746153776.28175,
      "api": "LdrGetDllHandle",
      "pid": 2252,
      "arguments": {
        "module_name": "KERNEL32.DLL",
        "stack_pivoted": 0,
        "module_address": "0x77820000"
      },
      "category": "system"
    },
    {
      "time": 1746153776.28175,
      "api": "LdrGetProcedureAddress",
      "pid": 2252,
      "arguments": {
        "ordinal": 0,
        "module": "kernel32",
        "module_address": "0x77820000",
        "function_address": "0x77e19d35",
        "function_name": "DecodePointer"
      },
      "category": "system"
    },
    {
      "time": 1746153776.28175,
      "api": "LdrGetDllHandle",
      "pid": 2252,
      "arguments": {
        "module_name": "KERNEL32.DLL",
        "stack_pivoted": 0,
        "module_address": "0x77820000"
      },
      "category": "system"
    },
    {
      "time": 1746153776.28175,
      "api": "LdrGetProcedureAddress",
      "pid": 2252,
      "arguments": {
        "ordinal": 0,
        "module": "kernel32",
        "module_address": "0x77820000",
        "function_address": "0x77e19d35",
        "function_name": "DecodePointer"
      },
      "category": "system"
    },
    {
      "time": 1746153776.28175,
      "api": "LdrGetDllHandle",
      "pid": 2252,
      "arguments": {
        "module_name": "KERNEL32.DLL",
        "stack_pivoted": 0,
        "module_address": "0x77820000"
      },
      "category": "system"
    },
    {
      "time": 1746153776.28175,
      "api": "LdrGetProcedureAddress",
      "pid": 2252,
      "arguments": {
        "ordinal": 0,
        "module": "kernel32",
        "module_address": "0x77820000",
        "function_address": "0x77e19d35",
        "function_name": "DecodePointer"
      },
      "category": "system"
    },
    {
      "time": 1746153776.28175,
      "api": "LdrGetDllHandle",
      "pid": 2252,
      "arguments": {
        "module_name": "KERNEL32.DLL",
        "stack_pivoted": 0,
        "module_address": "0x77820000"
      },
      "category": "system"
    },
    {
      "time": 1746153776.28175,
      "api": "LdrGetProcedureAddress",
      "pid": 2252,
      "arguments": {
        "ordinal": 0,
        "module": "kernel32",
        "module_address": "0x77820000",
        "function_address": "0x77e19d35",
        "function_name": "DecodePointer"
      },
      "category": "system"
    },
    {
      "time": 1746153776.28175,
      "api": "LdrGetDllHandle",
      "pid": 2252,
      "arguments": {
        "module_name": "KERNEL32.DLL",
        "stack_pivoted": 0,
        "module_address": "0x77820000"
      },
      "category": "system"
    },
    {
      "time": 1746153776.28175,
      "api": "LdrGetProcedureAddress",
      "pid": 2252,
      "arguments": {
        "ordinal": 0,
        "module": "kernel32",
        "module_address": "0x77820000",
        "function_address": "0x77e19d35",
        "function_name": "DecodePointer"
      },
      "category": "system"
    },
    {
      "time": 1746153776.28175,
      "api": "LdrGetDllHandle",
      "pid": 2252,
      "arguments": {
        "module_name": "KERNEL32.DLL",
        "stack_pivoted": 0,
        "module_address": "0x77820000"
      },
      "category": "system"
    },
    {
      "time": 1746153776.28175,
      "api": "LdrGetProcedureAddress",
      "pid": 2252,
      "arguments": {
        "ordinal": 0,
        "module": "kernel32",
        "module_address": "0x77820000",
        "function_address": "0x77e19d35",
        "function_name": "DecodePointer"
      },
      "category": "system"
    },
    {
      "time": 1746153776.28175,
      "api": "LdrGetDllHandle",
      "pid": 2252,
      "arguments": {
        "module_name": "KERNEL32.DLL",
        "stack_pivoted": 0,
        "module_address": "0x77820000"
      },
      "category": "system"
    },
    {
      "time": 1746153776.28175,
      "api": "LdrGetProcedureAddress",
      "pid": 2252,
      "arguments": {
        "ordinal": 0,
        "module": "kernel32",
        "module_address": "0x77820000",
        "function_address": "0x77e19d35",
        "function_name": "DecodePointer"
      },
      "category": "system"
    },
    {
      "time": 1746153776.28175,
      "api": "LdrGetDllHandle",
      "pid": 2252,
      "arguments": {
        "module_name": "KERNEL32.DLL",
        "stack_pivoted": 0,
        "module_address": "0x77820000"
      },
      "category": "system"
    },
    {
      "time": 1746153776.28175,
      "api": "LdrGetProcedureAddress",
      "pid": 2252,
      "arguments": {
        "ordinal": 0,
        "module": "kernel32",
        "module_address": "0x77820000",
        "function_address": "0x77e20fcb",
        "function_name": "EncodePointer"
      },
      "category": "system"
    },
    {
      "time": 1746153776.28175,
      "api": "LdrGetProcedureAddress",
      "pid": 2252,
      "arguments": {
        "ordinal": 0,
        "module": "kernel32",
        "module_address": "0x77820000",
        "function_address": "0x77e19d35",
        "function_name": "DecodePointer"
      },
      "category": "system"
    },
    {
      "time": 1746153776.28175,
      "api": "NtAllocateVirtualMemory",
      "pid": 2252,
      "arguments": {
        "process_identifier": 2252,
        "region_size": 4096,
        "stack_dep_bypass": 0,
        "stack_pivoted": 0,
        "heap_dep_bypass": 0,
        "protection": 4,
        "process_handle": "0xffffffff",
        "allocation_type": 4096,
        "base_address": "0x00391000"
      },
      "category": "process"
    },
    {
      "time": 1746153776.28175,
      "api": "GetFileType",
      "pid": 2252,
      "arguments": {
        "file_handle": "0x00000003"
      },
      "category": "file"
    },
    {
      "time": 1746153776.28175,
      "api": "GetFileType",
      "pid": 2252,
      "arguments": {
        "file_handle": "0x00000007"
      },
      "category": "file"
    },
    {
      "time": 1746153776.28175,
      "api": "GetFileType",
      "pid": 2252,
      "arguments": {
        "file_handle": "0x0000000b"
      },
      "category": "file"
    },
    {
      "time": 1746153776.28175,
      "api": "NtAllocateVirtualMemory",
      "pid": 2252,
      "arguments": {
        "process_identifier": 2252,
        "region_size": 4096,
        "stack_dep_bypass": 0,
        "stack_pivoted": 0,
        "heap_dep_bypass": 0,
        "protection": 4,
        "process_handle": "0xffffffff",
        "allocation_type": 4096,
        "base_address": "0x00392000"
      },
      "category": "process"
    },
    {
      "time": 1746153776.28175,
      "api": "SetUnhandledExceptionFilter",
      "pid": 2252,
      "arguments": {},
      "category": "exception"
    },
    {
      "time": 1746153776.28175,
      "api": "NtAllocateVirtualMemory",
      "pid": 2252,
      "arguments": {
        "process_identifier": 2252,
        "region_size": 8192,
        "stack_dep_bypass": 0,
        "stack_pivoted": 0,
        "heap_dep_bypass": 0,
        "protection": 4,
        "process_handle": "0xffffffff",
        "allocation_type": 4096,
        "base_address": "0x00393000"
      },
      "category": "process"
    },
    {
      "time": 1746153776.28175,
      "api": "WriteConsoleA",
      "pid": 2252,
      "arguments": {
        "buffer": "\r\nXAMPP now starts as a console application.\r\n\r\n",
        "console_handle": "0x00000007"
      },
      "category": "misc"
    },
    {
      "time": 1746153776.28175,
      "api": "WriteConsoleA",
      "pid": 2252,
      "arguments": {
        "buffer": "Instead of pressing Control-C in this console window, please use xampp_stop.exe\r\n",
        "console_handle": "0x00000007"
      },
      "category": "misc"
    },
    {
      "time": 1746153776.28175,
      "api": "WriteConsoleA",
      "pid": 2252,
      "arguments": {
        "buffer": "to stop XAMPP, because it lets XAMPP end any current transactions and cleanup\r\n",
        "console_handle": "0x00000007"
      },
      "category": "misc"
    },
    {
      "time": 1746153776.28175,
      "api": "WriteConsoleA",
      "pid": 2252,
      "arguments": {
        "buffer": "gracefully.\r\n\r\n",
        "console_handle": "0x00000007"
      },
      "category": "misc"
    },
    {
      "time": 1746153776.28175,
      "api": "GetFileAttributesW",
      "pid": 2252,
      "arguments": {
        "file_attributes": 4294967295,
        "filepath_r": "apache\\bin\\httpd.exe",
        "filepath": "C:\\Users\\Administrator\\AppData\\Local\\Temp\\apache\\bin\\httpd.exe"
      },
      "category": "file"
    },
    {
      "time": 1746153776.28175,
      "api": "GetFileAttributesW",
      "pid": 2252,
      "arguments": {
        "file_attributes": 4294967295,
        "filepath_r": "C:\\Windows\\system32\\apache\\bin\\httpd.exe",
        "filepath": "C:\\Windows\\System32\\apache\\bin\\httpd.exe"
      },
      "category": "file"
    },
    {
      "time": 1746153776.28175,
      "api": "GetFileAttributesW",
      "pid": 2252,
      "arguments": {
        "file_attributes": 4294967295,
        "filepath_r": "C:\\Windows\\apache\\bin\\httpd.exe",
        "filepath": "C:\\Windows\\apache\\bin\\httpd.exe"
      },
      "category": "file"
    },
    {
      "time": 1746153776.28175,
      "api": "GetFileAttributesW",
      "pid": 2252,
      "arguments": {
        "file_attributes": 4294967295,
        "filepath_r": "C:\\Windows\\System32\\Wbem\\apache\\bin\\httpd.exe",
        "filepath": "C:\\Windows\\System32\\wbem\\apache\\bin\\httpd.exe"
      },
      "category": "file"
    },
    {
      "time": 1746153776.28175,
      "api": "GetFileAttributesW",
      "pid": 2252,
      "arguments": {
        "file_attributes": 4294967295,
        "filepath_r": "C:\\Windows\\System32\\WindowsPowerShell\\v1.0\\apache\\bin\\httpd.exe",
        "filepath": "C:\\Windows\\System32\\WindowsPowerShell\\v1.0\\apache\\bin\\httpd.exe"
      },
      "category": "file"
    },
    {
      "time": 1746153776.28175,
      "api": "WriteConsoleA",
      "pid": 2252,
      "arguments": {
        "buffer": "Error while calling apache\\bin\\httpd.exe...\r\n",
        "console_handle": "0x00000007"
      },
      "category": "misc"
    },
    {
      "time": 1746153776.28175,
      "api": "GetFileAttributesW",
      "pid": 2252,
      "arguments": {
        "file_attributes": 4294967295,
        "filepath_r": "mysql\\bin\\mysqld.exe",
        "filepath": "C:\\Users\\Administrator\\AppData\\Local\\Temp\\mysql\\bin\\mysqld.exe"
      },
      "category": "file"
    },
    {
      "time": 1746153776.28175,
      "api": "GetFileAttributesW",
      "pid": 2252,
      "arguments": {
        "file_attributes": 4294967295,
        "filepath_r": "C:\\Windows\\system32\\mysql\\bin\\mysqld.exe",
        "filepath": "C:\\Windows\\System32\\mysql\\bin\\mysqld.exe"
      },
      "category": "file"
    },
    {
      "time": 1746153776.28175,
      "api": "GetFileAttributesW",
      "pid": 2252,
      "arguments": {
        "file_attributes": 4294967295,
        "filepath_r": "C:\\Windows\\mysql\\bin\\mysqld.exe",
        "filepath": "C:\\Windows\\mysql\\bin\\mysqld.exe"
      },
      "category": "file"
    },
    {
      "time": 1746153776.28175,
      "api": "GetFileAttributesW",
      "pid": 2252,
      "arguments": {
        "file_attributes": 4294967295,
        "filepath_r": "C:\\Windows\\System32\\Wbem\\mysql\\bin\\mysqld.exe",
        "filepath": "C:\\Windows\\System32\\wbem\\mysql\\bin\\mysqld.exe"
      },
      "category": "file"
    },
    {
      "time": 1746153776.28175,
      "api": "GetFileAttributesW",
      "pid": 2252,
      "arguments": {
        "file_attributes": 4294967295,
        "filepath_r": "C:\\Windows\\System32\\WindowsPowerShell\\v1.0\\mysql\\bin\\mysqld.exe",
        "filepath": "C:\\Windows\\System32\\WindowsPowerShell\\v1.0\\mysql\\bin\\mysqld.exe"
      },
      "category": "file"
    },
    {
      "time": 1746153776.28175,
      "api": "WriteConsoleA",
      "pid": 2252,
      "arguments": {
        "buffer": "Error while calling mysql\\bin\\mysqld.exe...\r\n",
        "console_handle": "0x00000007"
      },
      "category": "misc"
    },
    {
      "time": 1746153776.31275,
      "api": "NtDelayExecution",
      "pid": 2252,
      "arguments": {
        "skipped": 1,
        "milliseconds": 10000
      },
      "category": "synchronisation"
    },
    {
      "time": 1746153776.31275,
      "api": "LdrGetDllHandle",
      "pid": 2252,
      "arguments": {
        "module_name": "mscoree.dll",
        "stack_pivoted": 0,
        "module_address": "0x00000000"
      },
      "category": "system"
    },
    {
      "time": 1746153776.31275,
      "api": "LdrGetDllHandle",
      "pid": 2252,
      "arguments": {
        "module_name": "mscoree.dll",
        "stack_pivoted": 0,
        "module_address": "0x00000000"
      },
      "category": "system"
    },
    {
      "time": 1746153776.31275,
      "api": "NtTerminateProcess",
      "pid": 2252,
      "arguments": {
        "status_code": "0x00000000",
        "process_identifier": 0,
        "process_handle": "0x00000000"
      },
      "category": "process"
    },
    {
      "time": 1746153776.31275,
      "api": "NtTerminateProcess",
      "pid": 2252,
      "arguments": {
        "status_code": "0x00000000",
        "process_identifier": 0,
        "process_handle": "0x00000000"
      },
      "category": "process"
    },
    {
      "time": 1746153776.31275,
      "api": "NtTerminateProcess",
      "pid": 2252,
      "arguments": {
        "status_code": "0x00000000",
        "process_identifier": 2252,
        "process_handle": "0xffffffff"
      },
      "category": "process"
    }
  ],
  "network": {
    "http": [
      {
        "count": 1,
        "body": "",
        "uri": "http://www.msftncsi.com/ncsi.txt",
        "user-agent": "Microsoft NCSI",
        "method": "GET",
        "host": "www.msftncsi.com",
        "version": "1.1",
        "path": "/ncsi.txt",
        "data": "GET /ncsi.txt HTTP/1.1\r\nConnection: Close\r\nUser-Agent: Microsoft NCSI\r\nHost: www.msftncsi.com\r\n\r\n",
        "port": 80
      }
    ],
    "tcp": [
      {
        "src": "192.168.56.101",
        "dst": "113.171.230.17",
        "offset": 1294,
        "time": 2.811549186706543,
        "dport": 80,
        "sport": 49161
      }
    ],
    "udp": [
      {
        "src": "192.168.56.101",
        "dst": "192.168.56.255",
        "offset": 2060,
        "time": 3.0795559883117676,
        "dport": 137,
        "sport": 137
      },
      {
        "src": "192.168.56.101",
        "dst": "224.0.0.252",
        "offset": 4704,
        "time": 1.1655120849609375,
        "dport": 5355,
        "sport": 50233
      },
      {
        "src": "192.168.56.101",
        "dst": "224.0.0.252",
        "offset": 5024,
        "time": 1.6782560348510742,
        "dport": 5355,
        "sport": 52790
      },
      {
        "src": "192.168.56.101",
        "dst": "224.0.0.252",
        "offset": 5352,
        "time": 0.04840517044067383,
        "dport": 5355,
        "sport": 53526
      },
      {
        "src": "192.168.56.101",
        "dst": "224.0.0.252",
        "offset": 5680,
        "time": 3.011535167694092,
        "dport": 5355,
        "sport": 59798
      },
      {
        "src": "192.168.56.101",
        "dst": "224.0.0.252",
        "offset": 6000,
        "time": 3.01066517829895,
        "dport": 5355,
        "sport": 60897
      },
      {
        "src": "192.168.56.101",
        "dst": "224.0.0.252",
        "offset": 6328,
        "time": 2.42808198928833,
        "dport": 5355,
        "sport": 62139
      },
      {
        "src": "192.168.56.101",
        "dst": "8.8.8.8",
        "offset": 6648,
        "time": 2.057457208633423,
        "dport": 53,
        "sport": 54506
      },
      {
        "src": "192.168.56.101",
        "dst": "8.8.8.8",
        "offset": 6860,
        "time": 2.028165102005005,
        "dport": 53,
        "sport": 55116
      },
      {
        "src": "192.168.56.101",
        "dst": "8.8.8.8",
        "offset": 7060,
        "time": 3.011031150817871,
        "dport": 53,
        "sport": 57168
      },
      {
        "src": "192.168.56.101",
        "dst": "8.8.8.8",
        "offset": 7335,
        "time": 2.7523930072784424,
        "dport": 53,
        "sport": 65068
      }
    ],
    "dns": [
      {
        "type": "A",
        "request": "www.msftncsi.com",
        "answers": [
          {
            "data": "113.171.230.17",
            "type": "A"
          },
          {
            "data": "www.msftncsi.com.edgesuite.net",
            "type": "CNAME"
          },
          {
            "data": "a1961.g2.akamai.net",
            "type": "CNAME"
          }
        ]
      },
      {
        "type": "A",
        "request": "dns.msftncsi.com",
        "answers": [
          {
            "data": "131.107.255.255",
            "type": "A"
          }
        ]
      },
      {
        "type": "AAAA",
        "request": "dns.msftncsi.com",
        "answers": [
          {
            "data": "fd3e:4f5a:5b81::1",
            "type": "AAAA"
          }
        ]
      },
      {
        "type": "A",
        "request": "teredo.ipv6.microsoft.com",
        "answers": []
      }
    ],
    "hosts": [
      "113.171.230.17",
      "8.8.8.8"
    ],
    "icmp": [],
    "smtp": []
  },
  "static_imports": [
    "Sleep",
    "SetEvent",
    "OpenEventA",
    "GetModuleFileNameA",
    "GetCommandLineA",
    "HeapFree",
    "GetVersionExA",
    "HeapAlloc",
    "GetProcessHeap",
    "EnterCriticalSection",
    "LeaveCriticalSection",
    "TerminateProcess",
    "GetCurrentProcess",
    "UnhandledExceptionFilter",
    "SetUnhandledExceptionFilter",
    "IsDebuggerPresent",
    "GetLastError",
    "CloseHandle",
    "SetHandleCount",
    "GetStdHandle",
    "GetFileType",
    "GetStartupInfoA",
    "DeleteCriticalSection",
    "RtlUnwind",
    "GetProcAddress",
    "GetModuleHandleA",
    "ExitProcess",
    "WriteFile",
    "FreeEnvironmentStringsA",
    "GetEnvironmentStrings",
    "FreeEnvironmentStringsW",
    "WideCharToMultiByte",
    "GetEnvironmentStringsW",
    "TlsGetValue",
    "TlsAlloc",
    "TlsSetValue",
    "TlsFree",
    "InterlockedIncrement",
    "SetLastError",
    "GetCurrentThreadId",
    "InterlockedDecrement",
    "HeapDestroy",
    "HeapCreate",
    "VirtualFree",
    "QueryPerformanceCounter",
    "GetTickCount",
    "GetCurrentProcessId",
    "GetSystemTimeAsFileTime",
    "GetCPInfo",
    "GetACP",
    "GetOEMCP",
    "IsValidCodePage",
    "SetFilePointer",
    "GetConsoleCP",
    "GetConsoleMode",
    "VirtualAlloc",
    "HeapReAlloc",
    "SetStdHandle",
    "FlushFileBuffers",
    "InitializeCriticalSection",
    "MultiByteToWideChar",
    "CreateFileA",
    "LoadLibraryA",
    "LCMapStringA",
    "LCMapStringW",
    "GetStringTypeA",
    "GetStringTypeW",
    "GetLocaleInfoA",
    "GetExitCodeProcess",
    "WaitForSingleObject",
    "CreateProcessA",
    "GetFileAttributesA",
    "WriteConsoleA",
    "GetConsoleOutputCP",
    "WriteConsoleW",
    "ReadFile",
    "SetEndOfFile",
    "HeapSize",
    "CompareStringA",
    "CompareStringW",
    "SetEnvironmentVariableA",
    "GetCurrentDirectoryA",
    "SetCurrentDirectoryA"
  ],
  "signatures_ttp": {},
  "signatures_full": [
    {
      "name": "console_output",
      "description": "Command line console output was observed",
      "severity": 1,
      "ttp": {},
      "markcount": 6,
      "marks": [
        {
          "call": {
            "category": "misc",
            "status": 1,
            "stacktrace": [],
            "api": "WriteConsoleA",
            "return_value": 1,
            "arguments": {
              "buffer": "\r\nXAMPP now starts as a console application.\r\n\r\n",
              "console_handle": "0x00000007"
            },
            "time": 1746153776.28175,
            "tid": 2256,
            "flags": {}
          },
          "pid": 2252,
          "type": "call",
          "cid": 68
        },
        {
          "call": {
            "category": "misc",
            "status": 1,
            "stacktrace": [],
            "api": "WriteConsoleA",
            "return_value": 1,
            "arguments": {
              "buffer": "Instead of pressing Control-C in this console window, please use xampp_stop.exe\r\n",
              "console_handle": "0x00000007"
            },
            "time": 1746153776.28175,
            "tid": 2256,
            "flags": {}
          },
          "pid": 2252,
          "type": "call",
          "cid": 69
        },
        {
          "call": {
            "category": "misc",
            "status": 1,
            "stacktrace": [],
            "api": "WriteConsoleA",
            "return_value": 1,
            "arguments": {
              "buffer": "to stop XAMPP, because it lets XAMPP end any current transactions and cleanup\r\n",
              "console_handle": "0x00000007"
            },
            "time": 1746153776.28175,
            "tid": 2256,
            "flags": {}
          },
          "pid": 2252,
          "type": "call",
          "cid": 70
        },
        {
          "call": {
            "category": "misc",
            "status": 1,
            "stacktrace": [],
            "api": "WriteConsoleA",
            "return_value": 1,
            "arguments": {
              "buffer": "gracefully.\r\n\r\n",
              "console_handle": "0x00000007"
            },
            "time": 1746153776.28175,
            "tid": 2256,
            "flags": {}
          },
          "pid": 2252,
          "type": "call",
          "cid": 71
        },
        {
          "call": {
            "category": "misc",
            "status": 1,
            "stacktrace": [],
            "api": "WriteConsoleA",
            "return_value": 1,
            "arguments": {
              "buffer": "Error while calling apache\\bin\\httpd.exe...\r\n",
              "console_handle": "0x00000007"
            },
            "time": 1746153776.28175,
            "tid": 2256,
            "flags": {}
          },
          "pid": 2252,
          "type": "call",
          "cid": 77
        },
        {
          "call": {
            "category": "misc",
            "status": 1,
            "stacktrace": [],
            "api": "WriteConsoleA",
            "return_value": 1,
            "arguments": {
              "buffer": "Error while calling mysql\\bin\\mysqld.exe...\r\n",
              "console_handle": "0x00000007"
            },
            "time": 1746153776.28175,
            "tid": 2256,
            "flags": {}
          },
          "pid": 2252,
          "type": "call",
          "cid": 83
        }
      ]
    }
  ],
  "processes": [
    {
      "name": "lsass.exe",
      "path": "C:\\Windows\\System32\\lsass.exe",
      "pid": 484,
      "cmdline": "C:\\Windows\\system32\\lsass.exe",
      "modules": [
        "lsass.exe",
        "ntdll.dll",
        "kernel32.dll",
        "KERNELBASE.dll",
        "msvcrt.dll",
        "RPCRT4.dll",
        "SspiSrv.dll",
        "lsasrv.dll",
        "sechost.dll",
        "SspiCli.dll",
        "ADVAPI32.dll",
        "USER32.dll",
        "GDI32.dll",
        "LPK.dll",
        "USP10.dll",
        "SAMSRV.dll",
        "cryptdll.dll",
        "MSASN1.dll",
        "wevtapi.dll",
        "IMM32.DLL",
        "MSCTF.dll",
        "cngaudit.dll",
        "AUTHZ.dll",
        "ncrypt.dll",
        "bcrypt.dll",
        "msprivs.DLL",
        "netjoin.dll",
        "negoexts.DLL",
        "Secur32.dll",
        "cryptbase.dll",
        "kerberos.DLL",
        "CRYPTSP.dll",
        "WS2_32.dll",
        "NSI.dll",
        "mswsock.dll",
        "wship6.dll",
        "msv1_0.DLL",
        "netlogon.DLL",
        "DNSAPI.dll",
        "logoncli.dll",
        "schannel.DLL",
        "CRYPT32.dll",
        "wdigest.DLL",
        "rsaenh.dll",
        "tspkg.DLL",
        "pku2u.DLL",
        "bcryptprimitives.dll",
        "RpcRtRemote.dll",
        "efslsaext.dll",
        "WINSTA.dll",
        "scecli.DLL",
        "credssp.dll",
        "IPHLPAPI.DLL",
        "WINNSI.DLL",
        "netutils.dll",
        "USERENV.dll",
        "profapi.dll",
        "wshtcpip.dll",
        "monitor-x64.dll"
      ]
    },
    {
      "name": "155375bf02e4cf36dbe0db6eec3e39f35958fb13283d09a20b758539f490a780.exe",
      "path": "C:\\Users\\Administrator\\AppData\\Local\\Temp\\155375bf02e4cf36dbe0db6eec3e39f35958fb13283d09a20b758539f490a780.exe",
      "pid": 2252,
      "cmdline": "\"C:\\Users\\Administrator\\AppData\\Local\\Temp\\155375bf02e4cf36dbe0db6eec3e39f35958fb13283d09a20b758539f490a780.exe\" ",
      "modules": [
        "155375bf02e4cf36dbe0db6eec3e39f35958fb13283d09a20b758539f490a780.exe",
        "ntdll.dll",
        "kernel32.dll",
        "KERNELBASE.dll",
        "monitor-x86.dll",
        "msvcrt.dll"
      ]
    }
  ]
}