{
  "behavior_summary": {
    "file_created": [],
    "file_deleted": [],
    "file_read": [],
    "file_recreated": [],
    "file_exists": [
      "C:\\Windows\\System32\\MSCOREE.DLL.local"
    ],
    "file_opened": [
      "C:\\Windows\\Microsoft.NET\\Framework64\\v2.0.50727\\",
      "C:\\Users\\Administrator\\AppData\\Local\\Temp\\716335ba5cd1e7186c40295b199190e2b6655e48f1c1cbe12139ba67faa5e1ac.exe"
    ],
    "regkey_opened": [
      "HKEY_LOCAL_MACHINE\\SOFTWARE\\Microsoft\\.NETFramework\\Policy\\Upgrades",
      "HKEY_LOCAL_MACHINE\\Software\\Microsoft\\.NETFramework\\Policy\\Upgrades",
      "HKEY_CURRENT_USER\\Software\\Microsoft\\.NETFramework\\Policy\\Standards",
      "HKEY_LOCAL_MACHINE\\Software\\Microsoft\\.NETFramework",
      "HKEY_LOCAL_MACHINE\\Software\\Microsoft\\.NETFramework\\Policy\\Standards",
      "HKEY_CURRENT_USER\\Software\\Microsoft\\.NETFramework\\Policy\\Upgrades",
      "HKEY_LOCAL_MACHINE\\Software\\Microsoft\\.NETFramework\\Policy\\",
      "HKEY_LOCAL_MACHINE\\SOFTWARE\\Microsoft\\.NETFramework\\Policy\\standards\\v4.0.30319",
      "HKEY_CURRENT_USER\\Software\\Microsoft\\.NETFramework",
      "HKEY_LOCAL_MACHINE\\SOFTWARE\\Microsoft\\.NETFramework\\Policy\\v2.0",
      "HKEY_LOCAL_MACHINE\\SOFTWARE\\Microsoft\\.NETFramework\\Policy\\standards",
      "HKEY_LOCAL_MACHINE\\SOFTWARE\\Microsoft\\.NETFramework\\Policy\\AppPatch"
    ],
    "regkey_read": [
      "HKEY_LOCAL_MACHINE\\SOFTWARE\\Microsoft\\.NETFramework\\OnlyUseLatestCLR",
      "HKEY_LOCAL_MACHINE\\SOFTWARE\\Microsoft\\Windows NT\\CurrentVersion\\Windows\\LoadAppInit_DLLs",
      "HKEY_LOCAL_MACHINE\\SOFTWARE\\Microsoft\\.NETFramework\\NoGuiFromShim",
      "HKEY_LOCAL_MACHINE\\SOFTWARE\\Microsoft\\.NETFramework\\CLRLoadLogDir",
      "HKEY_LOCAL_MACHINE\\SOFTWARE\\Microsoft\\.NETFramework\\InstallRoot",
      "HKEY_LOCAL_MACHINE\\SOFTWARE\\Microsoft\\Windows NT\\CurrentVersion\\GRE_Initialize\\DisableMetaFiles"
    ],
    "regkey_written": [],
    "dll_loaded": [
      "ADVAPI32.dll",
      "SHLWAPI.dll",
      "C:\\Windows\\system32\\IMM32.DLL",
      "gdi32.dll"
    ],
    "executed_commands": [],
    "directory_created": [],
    "mutex": [],
    "processes_created": [],
    "resolves_host": []
  },
  "dropped_files": [],
  "api_statistics": {
    "2280": {
      "LdrUnloadDll": 1,
      "RegCloseKey": 16,
      "NtQueryKey": 2,
      "GetSystemInfo": 2,
      "NtTerminateProcess": 3,
      "NtQueryValueKey": 3,
      "GetFileAttributesW": 1,
      "RegQueryValueExW": 15,
      "NtMapViewOfSection": 2,
      "GetFileSize": 2,
      "RegOpenKeyExW": 20,
      "SetErrorMode": 2,
      "LdrGetDllHandle": 4,
      "NtFreeVirtualMemory": 1,
      "NtQuerySystemInformation": 1,
      "NtOpenFile": 5,
      "NtUnmapViewOfSection": 2,
      "RegQueryInfoKeyW": 6,
      "GetSystemDirectoryW": 2,
      "RegEnumKeyExW": 4,
      "NtQueryDirectoryFile": 1,
      "NtCreateFile": 3,
      "GetSystemTimeAsFileTime": 8,
      "NtCreateMutant": 1,
      "NtProtectVirtualMemory": 1,
      "RegEnumValueW": 3,
      "NtCreateSection": 2,
      "NtOpenKey": 3,
      "LdrGetProcedureAddress": 12,
      "NtOpenKeyEx": 3,
      "LdrLoadDll": 4,
      "NtClose": 15
    }
  },
  "api_call_sequence": [
    {
      "time": 1746125576.971769,
      "api": "GetSystemTimeAsFileTime",
      "pid": 2280,
      "arguments": {},
      "category": "synchronisation"
    },
    {
      "time": 1746125576.971769,
      "api": "GetSystemTimeAsFileTime",
      "pid": 2280,
      "arguments": {},
      "category": "synchronisation"
    },
    {
      "time": 1746125576.971769,
      "api": "NtCreateMutant",
      "pid": 2280,
      "arguments": {
        "initial_owner": 0,
        "desired_access": "0x001f0001",
        "mutant_name": "",
        "mutant_handle": "0x000000000000002c"
      },
      "category": "synchronisation"
    },
    {
      "time": 1746125576.987769,
      "api": "GetSystemTimeAsFileTime",
      "pid": 2280,
      "arguments": {},
      "category": "synchronisation"
    },
    {
      "time": 1746125576.987769,
      "api": "NtOpenKeyEx",
      "pid": 2280,
      "arguments": {
        "key_handle": "0x0000000000000030",
        "desired_access": "0x02000000",
        "regkey": "HKEY_LOCAL_MACHINE",
        "options": 0
      },
      "category": "registry"
    },
    {
      "time": 1746125576.987769,
      "api": "NtQueryKey",
      "pid": 2280,
      "arguments": {
        "key_handle": "0x0000000000000030",
        "buffer": "\u0000\u0000\u0000\u0000",
        "information_class": 7,
        "regkey": "HKEY_LOCAL_MACHINE"
      },
      "category": "registry"
    },
    {
      "time": 1746125576.987769,
      "api": "NtOpenKeyEx",
      "pid": 2280,
      "arguments": {
        "key_handle": "0x0000000000000000",
        "desired_access": "0x00020019",
        "regkey": "HKEY_LOCAL_MACHINE\\Software\\Microsoft\\Windows NT\\CurrentVersion\\Diagnostics",
        "options": 0
      },
      "category": "registry"
    },
    {
      "time": 1746125576.987769,
      "api": "LdrLoadDll",
      "pid": 2280,
      "arguments": {
        "basename": "ADVAPI32",
        "module_address": "0x000007feffd90000",
        "flags": 0,
        "module_name": "ADVAPI32.dll",
        "stack_pivoted": 0
      },
      "category": "system"
    },
    {
      "time": 1746125576.987769,
      "api": "LdrGetProcedureAddress",
      "pid": 2280,
      "arguments": {
        "ordinal": 0,
        "module": "ADVAPI32",
        "module_address": "0x000007feffd90000",
        "function_address": "0x000007feffdb06f0",
        "function_name": "RegOpenKeyExW"
      },
      "category": "system"
    },
    {
      "time": 1746125576.987769,
      "api": "RegOpenKeyExW",
      "pid": 2280,
      "arguments": {
        "access": "0x00020019",
        "base_handle": "0xffffffff80000002",
        "key_handle": "0x0000000000000038",
        "regkey": "HKEY_LOCAL_MACHINE\\Software\\Microsoft\\.NETFramework\\Policy\\",
        "regkey_r": "Software\\Microsoft\\.NETFramework\\Policy\\",
        "options": 0
      },
      "category": "registry"
    },
    {
      "time": 1746125576.987769,
      "api": "LdrGetProcedureAddress",
      "pid": 2280,
      "arguments": {
        "ordinal": 0,
        "module": "ADVAPI32",
        "module_address": "0x000007feffd90000",
        "function_address": "0x000007feffdac360",
        "function_name": "RegQueryInfoKeyW"
      },
      "category": "system"
    },
    {
      "time": 1746125576.987769,
      "api": "RegQueryInfoKeyW",
      "pid": 2280,
      "arguments": {
        "key_handle": "0x0000000000000038",
        "value_max_length": 0,
        "class_max_length": 0,
        "value_name_max_length": 0,
        "regkey": "HKEY_LOCAL_MACHINE\\SOFTWARE\\Microsoft\\.NETFramework\\Policy",
        "value_count": 0,
        "subkey_max_length": 9,
        "class": "",
        "subkey_count": 4
      },
      "category": "registry"
    },
    {
      "time": 1746125576.987769,
      "api": "LdrGetProcedureAddress",
      "pid": 2280,
      "arguments": {
        "ordinal": 0,
        "module": "ADVAPI32",
        "module_address": "0x000007feffd90000",
        "function_address": "0x000007feffdac310",
        "function_name": "RegEnumKeyExW"
      },
      "category": "system"
    },
    {
      "time": 1746125576.987769,
      "api": "RegEnumKeyExW",
      "pid": 2280,
      "arguments": {
        "index": 3,
        "key_handle": "0x0000000000000038",
        "key_name": "v2.0",
        "regkey": "HKEY_LOCAL_MACHINE\\SOFTWARE\\Microsoft\\.NETFramework\\Policy",
        "class": ""
      },
      "category": "registry"
    },
    {
      "time": 1746125576.987769,
      "api": "RegEnumKeyExW",
      "pid": 2280,
      "arguments": {
        "index": 2,
        "key_handle": "0x0000000000000038",
        "key_name": "Upgrades",
        "regkey": "HKEY_LOCAL_MACHINE\\SOFTWARE\\Microsoft\\.NETFramework\\Policy",
        "class": ""
      },
      "category": "registry"
    },
    {
      "time": 1746125576.987769,
      "api": "RegEnumKeyExW",
      "pid": 2280,
      "arguments": {
        "index": 1,
        "key_handle": "0x0000000000000038",
        "key_name": "standards",
        "regkey": "HKEY_LOCAL_MACHINE\\SOFTWARE\\Microsoft\\.NETFramework\\Policy",
        "class": ""
      },
      "category": "registry"
    },
    {
      "time": 1746125576.987769,
      "api": "RegEnumKeyExW",
      "pid": 2280,
      "arguments": {
        "index": 0,
        "key_handle": "0x0000000000000038",
        "key_name": "AppPatch",
        "regkey": "HKEY_LOCAL_MACHINE\\SOFTWARE\\Microsoft\\.NETFramework\\Policy",
        "class": ""
      },
      "category": "registry"
    },
    {
      "time": 1746125576.987769,
      "api": "RegOpenKeyExW",
      "pid": 2280,
      "arguments": {
        "access": "0x00020019",
        "base_handle": "0x0000000000000038",
        "key_handle": "0x000000000000003c",
        "regkey": "HKEY_LOCAL_MACHINE\\SOFTWARE\\Microsoft\\.NETFramework\\Policy\\v2.0",
        "regkey_r": "v2.0",
        "options": 0
      },
      "category": "registry"
    },
    {
      "time": 1746125576.987769,
      "api": "RegQueryInfoKeyW",
      "pid": 2280,
      "arguments": {
        "key_handle": "0x000000000000003c",
        "value_max_length": 24,
        "class_max_length": 0,
        "value_name_max_length": 5,
        "regkey": "HKEY_LOCAL_MACHINE\\SOFTWARE\\Microsoft\\.NETFramework\\Policy\\v2.0",
        "value_count": 1,
        "subkey_max_length": 0,
        "class": "",
        "subkey_count": 0
      },
      "category": "registry"
    },
    {
      "time": 1746125576.987769,
      "api": "LdrGetProcedureAddress",
      "pid": 2280,
      "arguments": {
        "ordinal": 0,
        "module": "ADVAPI32",
        "module_address": "0x000007feffd90000",
        "function_address": "0x000007feffdac420",
        "function_name": "RegEnumValueW"
      },
      "category": "system"
    },
    {
      "time": 1746125576.987769,
      "api": "RegEnumValueW",
      "pid": 2280,
      "arguments": {
        "index": 0,
        "key_handle": "0x000000000000003c",
        "value": "50727-50727",
        "regkey_r": "50727",
        "reg_type": 1,
        "regkey": "HKEY_LOCAL_MACHINE\\SOFTWARE\\Microsoft\\.NETFramework\\Policy\\v2.0\\(Default)"
      },
      "category": "registry"
    },
    {
      "time": 1746125576.987769,
      "api": "LdrGetProcedureAddress",
      "pid": 2280,
      "arguments": {
        "ordinal": 0,
        "module": "ADVAPI32",
        "module_address": "0x000007feffd90000",
        "function_address": "0x000007feffdb0710",
        "function_name": "RegCloseKey"
      },
      "category": "system"
    },
    {
      "time": 1746125576.987769,
      "api": "RegCloseKey",
      "pid": 2280,
      "arguments": {
        "key_handle": "0x000000000000003c"
      },
      "category": "registry"
    },
    {
      "time": 1746125576.987769,
      "api": "GetFileAttributesW",
      "pid": 2280,
      "arguments": {
        "file_attributes": -1,
        "filepath_r": "C:\\Windows\\SYSTEM32\\MSCOREE.DLL.local",
        "filepath": "C:\\Windows\\System32\\MSCOREE.DLL.local"
      },
      "category": "file"
    },
    {
      "time": 1746125576.987769,
      "api": "RegOpenKeyExW",
      "pid": 2280,
      "arguments": {
        "access": "0x00020019",
        "base_handle": "0xffffffff80000002",
        "key_handle": "0x000000000000003c",
        "regkey": "HKEY_LOCAL_MACHINE\\Software\\Microsoft\\.NETFramework",
        "regkey_r": "Software\\Microsoft\\.NETFramework",
        "options": 0
      },
      "category": "registry"
    },
    {
      "time": 1746125576.987769,
      "api": "LdrGetProcedureAddress",
      "pid": 2280,
      "arguments": {
        "ordinal": 0,
        "module": "ADVAPI32",
        "module_address": "0x000007feffd90000",
        "function_address": "0x000007feffdac2d0",
        "function_name": "RegQueryValueExW"
      },
      "category": "system"
    },
    {
      "time": 1746125576.987769,
      "api": "RegQueryValueExW",
      "pid": 2280,
      "arguments": {
        "key_handle": "0x000000000000003c",
        "value": "",
        "regkey_r": "InstallRoot",
        "reg_type": 1,
        "regkey": "HKEY_LOCAL_MACHINE\\SOFTWARE\\Microsoft\\.NETFramework\\InstallRoot"
      },
      "category": "registry"
    },
    {
      "time": 1746125576.987769,
      "api": "RegQueryValueExW",
      "pid": 2280,
      "arguments": {
        "key_handle": "0x000000000000003c",
        "value": "C:\\Windows\\Microsoft.NET\\Framework64\\",
        "regkey_r": "InstallRoot",
        "reg_type": 1,
        "regkey": "HKEY_LOCAL_MACHINE\\SOFTWARE\\Microsoft\\.NETFramework\\InstallRoot"
      },
      "category": "registry"
    },
    {
      "time": 1746125576.987769,
      "api": "RegCloseKey",
      "pid": 2280,
      "arguments": {
        "key_handle": "0x000000000000003c"
      },
      "category": "registry"
    },
    {
      "time": 1746125576.987769,
      "api": "NtOpenFile",
      "pid": 2280,
      "arguments": {
        "file_handle": "0x000000000000003c",
        "filepath": "C:\\Windows\\Microsoft.NET\\Framework64\\v2.0.50727\\",
        "desired_access": "0x00100001",
        "filepath_r": "\\??\\C:\\Windows\\Microsoft.NET\\Framework64\\v2.0.50727\\",
        "open_options": 16417,
        "status_info": 1,
        "share_access": 7
      },
      "category": "file"
    },
    {
      "time": 1746125577.002769,
      "api": "NtQueryDirectoryFile",
      "pid": 2280,
      "arguments": {
        "file_handle": "0x000000000000003c",
        "information_class": 3,
        "dirpath": "C:\\Windows\\Microsoft.NET\\Framework64\\v2.0.50727\\mscoreei.dll"
      },
      "category": "file"
    },
    {
      "time": 1746125577.002769,
      "api": "NtClose",
      "pid": 2280,
      "arguments": {
        "handle": "0x000000000000003c"
      },
      "category": "system"
    },
    {
      "time": 1746125577.002769,
      "api": "RegOpenKeyExW",
      "pid": 2280,
      "arguments": {
        "access": "0x00020019",
        "base_handle": "0x0000000000000038",
        "key_handle": "0x000000000000003c",
        "regkey": "HKEY_LOCAL_MACHINE\\SOFTWARE\\Microsoft\\.NETFramework\\Policy\\standards",
        "regkey_r": "standards",
        "options": 0
      },
      "category": "registry"
    },
    {
      "time": 1746125577.002769,
      "api": "RegQueryInfoKeyW",
      "pid": 2280,
      "arguments": {
        "key_handle": "0x000000000000003c",
        "value_max_length": 0,
        "class_max_length": 0,
        "value_name_max_length": 0,
        "regkey": "HKEY_LOCAL_MACHINE\\SOFTWARE\\Microsoft\\.NETFramework\\Policy\\standards",
        "value_count": 0,
        "subkey_max_length": 17,
        "class": "",
        "subkey_count": 3
      },
      "category": "registry"
    },
    {
      "time": 1746125577.002769,
      "api": "RegCloseKey",
      "pid": 2280,
      "arguments": {
        "key_handle": "0x000000000000003c"
      },
      "category": "registry"
    },
    {
      "time": 1746125577.002769,
      "api": "RegOpenKeyExW",
      "pid": 2280,
      "arguments": {
        "access": "0x00020019",
        "base_handle": "0x0000000000000038",
        "key_handle": "0x000000000000003c",
        "regkey": "HKEY_LOCAL_MACHINE\\SOFTWARE\\Microsoft\\.NETFramework\\Policy\\Upgrades",
        "regkey_r": "Upgrades",
        "options": 0
      },
      "category": "registry"
    },
    {
      "time": 1746125577.002769,
      "api": "RegQueryInfoKeyW",
      "pid": 2280,
      "arguments": {
        "key_handle": "0x000000000000003c",
        "value_max_length": 32,
        "class_max_length": 0,
        "value_name_max_length": 9,
        "regkey": "HKEY_LOCAL_MACHINE\\SOFTWARE\\Microsoft\\.NETFramework\\Policy\\Upgrades",
        "value_count": 1,
        "subkey_max_length": 0,
        "class": "",
        "subkey_count": 0
      },
      "category": "registry"
    },
    {
      "time": 1746125577.002769,
      "api": "RegEnumValueW",
      "pid": 2280,
      "arguments": {
        "index": 0,
        "key_handle": "0x000000000000003c",
        "value": "1.0.0-2.0.50727",
        "regkey_r": "2.0.50727",
        "reg_type": 1,
        "regkey": "HKEY_LOCAL_MACHINE\\SOFTWARE\\Microsoft\\.NETFramework\\Policy\\Upgrades\\\uf014I"
      },
      "category": "registry"
    },
    {
      "time": 1746125577.002769,
      "api": "RegCloseKey",
      "pid": 2280,
      "arguments": {
        "key_handle": "0x000000000000003c"
      },
      "category": "registry"
    },
    {
      "time": 1746125577.002769,
      "api": "RegOpenKeyExW",
      "pid": 2280,
      "arguments": {
        "access": "0x00020019",
        "base_handle": "0xffffffff80000002",
        "key_handle": "0x000000000000003c",
        "regkey": "HKEY_LOCAL_MACHINE\\Software\\Microsoft\\.NETFramework",
        "regkey_r": "Software\\Microsoft\\.NETFramework",
        "options": 0
      },
      "category": "registry"
    },
    {
      "time": 1746125577.002769,
      "api": "RegQueryValueExW",
      "pid": 2280,
      "arguments": {
        "key_handle": "0x000000000000003c",
        "value": "",
        "regkey_r": "InstallRoot",
        "reg_type": 1,
        "regkey": "HKEY_LOCAL_MACHINE\\SOFTWARE\\Microsoft\\.NETFramework\\InstallRoot"
      },
      "category": "registry"
    },
    {
      "time": 1746125577.002769,
      "api": "RegQueryValueExW",
      "pid": 2280,
      "arguments": {
        "key_handle": "0x000000000000003c",
        "value": "C:\\Windows\\Microsoft.NET\\Framework64\\",
        "regkey_r": "InstallRoot",
        "reg_type": 1,
        "regkey": "HKEY_LOCAL_MACHINE\\SOFTWARE\\Microsoft\\.NETFramework\\InstallRoot"
      },
      "category": "registry"
    },
    {
      "time": 1746125577.002769,
      "api": "RegCloseKey",
      "pid": 2280,
      "arguments": {
        "key_handle": "0x000000000000003c"
      },
      "category": "registry"
    },
    {
      "time": 1746125577.002769,
      "api": "NtOpenFile",
      "pid": 2280,
      "arguments": {
        "file_handle": "0x0000000000000000",
        "filepath": "C:\\Windows\\Microsoft.NET\\Framework64\\Upgrades.2.0.50727\\",
        "desired_access": "0x00100001",
        "filepath_r": "\\??\\C:\\Windows\\Microsoft.NET\\Framework64\\Upgrades.2.0.50727\\",
        "open_options": 16417,
        "status_info": 4294967295,
        "share_access": 7
      },
      "category": "file"
    },
    {
      "time": 1746125577.002769,
      "api": "RegOpenKeyExW",
      "pid": 2280,
      "arguments": {
        "access": "0x00020019",
        "base_handle": "0x0000000000000038",
        "key_handle": "0x000000000000003c",
        "regkey": "HKEY_LOCAL_MACHINE\\SOFTWARE\\Microsoft\\.NETFramework\\Policy\\AppPatch",
        "regkey_r": "AppPatch",
        "options": 0
      },
      "category": "registry"
    },
    {
      "time": 1746125577.002769,
      "api": "RegQueryInfoKeyW",
      "pid": 2280,
      "arguments": {
        "key_handle": "0x000000000000003c",
        "value_max_length": 0,
        "class_max_length": 0,
        "value_name_max_length": 0,
        "regkey": "HKEY_LOCAL_MACHINE\\SOFTWARE\\Microsoft\\.NETFramework\\Policy\\AppPatch",
        "value_count": 0,
        "subkey_max_length": 16,
        "class": "",
        "subkey_count": 1
      },
      "category": "registry"
    },
    {
      "time": 1746125577.002769,
      "api": "RegCloseKey",
      "pid": 2280,
      "arguments": {
        "key_handle": "0x000000000000003c"
      },
      "category": "registry"
    },
    {
      "time": 1746125577.002769,
      "api": "RegCloseKey",
      "pid": 2280,
      "arguments": {
        "key_handle": "0x0000000000000038"
      },
      "category": "registry"
    },
    {
      "time": 1746125577.002769,
      "api": "RegOpenKeyExW",
      "pid": 2280,
      "arguments": {
        "access": "0x00020019",
        "base_handle": "0xffffffff80000002",
        "key_handle": "0x0000000000000038",
        "regkey": "HKEY_LOCAL_MACHINE\\Software\\Microsoft\\.NETFramework",
        "regkey_r": "Software\\Microsoft\\.NETFramework",
        "options": 0
      },
      "category": "registry"
    },
    {
      "time": 1746125577.002769,
      "api": "RegQueryValueExW",
      "pid": 2280,
      "arguments": {
        "key_handle": "0x0000000000000038",
        "value": "",
        "regkey_r": "InstallRoot",
        "reg_type": 1,
        "regkey": "HKEY_LOCAL_MACHINE\\SOFTWARE\\Microsoft\\.NETFramework\\InstallRoot"
      },
      "category": "registry"
    },
    {
      "time": 1746125577.002769,
      "api": "RegQueryValueExW",
      "pid": 2280,
      "arguments": {
        "key_handle": "0x0000000000000038",
        "value": "C:\\Windows\\Microsoft.NET\\Framework64\\",
        "regkey_r": "InstallRoot",
        "reg_type": 1,
        "regkey": "HKEY_LOCAL_MACHINE\\SOFTWARE\\Microsoft\\.NETFramework\\InstallRoot"
      },
      "category": "registry"
    },
    {
      "time": 1746125577.002769,
      "api": "RegCloseKey",
      "pid": 2280,
      "arguments": {
        "key_handle": "0x0000000000000038"
      },
      "category": "registry"
    },
    {
      "time": 1746125577.002769,
      "api": "NtOpenFile",
      "pid": 2280,
      "arguments": {
        "file_handle": "0x0000000000000040",
        "filepath": "C:\\Windows\\Microsoft.NET\\Framework64\\Upgrades.2.0.50727\\",
        "desired_access": "0x00100001",
        "filepath_r": "\\??\\C:\\Windows\\Microsoft.NET\\Framework64\\Upgrades.2.0.50727\\",
        "open_options": 16417,
        "status_info": 4294967295,
        "share_access": 7
      },
      "category": "file"
    },
    {
      "time": 1746125577.018769,
      "api": "RegOpenKeyExW",
      "pid": 2280,
      "arguments": {
        "access": "0x00020019",
        "base_handle": "0xffffffff80000002",
        "key_handle": "0x0000000000000038",
        "regkey": "HKEY_LOCAL_MACHINE\\Software\\Microsoft\\.NETFramework",
        "regkey_r": "Software\\Microsoft\\.NETFramework",
        "options": 0
      },
      "category": "registry"
    },
    {
      "time": 1746125577.018769,
      "api": "RegQueryValueExW",
      "pid": 2280,
      "arguments": {
        "key_handle": "0x0000000000000038",
        "value": "",
        "regkey_r": "InstallRoot",
        "reg_type": 1,
        "regkey": "HKEY_LOCAL_MACHINE\\SOFTWARE\\Microsoft\\.NETFramework\\InstallRoot"
      },
      "category": "registry"
    },
    {
      "time": 1746125577.018769,
      "api": "RegQueryValueExW",
      "pid": 2280,
      "arguments": {
        "key_handle": "0x0000000000000038",
        "value": "C:\\Windows\\Microsoft.NET\\Framework64\\",
        "regkey_r": "InstallRoot",
        "reg_type": 1,
        "regkey": "HKEY_LOCAL_MACHINE\\SOFTWARE\\Microsoft\\.NETFramework\\InstallRoot"
      },
      "category": "registry"
    },
    {
      "time": 1746125577.018769,
      "api": "RegCloseKey",
      "pid": 2280,
      "arguments": {
        "key_handle": "0x0000000000000038"
      },
      "category": "registry"
    },
    {
      "time": 1746125577.018769,
      "api": "RegOpenKeyExW",
      "pid": 2280,
      "arguments": {
        "access": "0x00020019",
        "base_handle": "0xffffffff80000002",
        "key_handle": "0x0000000000000038",
        "regkey": "HKEY_LOCAL_MACHINE\\Software\\Microsoft\\.NETFramework",
        "regkey_r": "Software\\Microsoft\\.NETFramework",
        "options": 0
      },
      "category": "registry"
    },
    {
      "time": 1746125577.018769,
      "api": "RegQueryValueExW",
      "pid": 2280,
      "arguments": {
        "key_handle": "0x0000000000000038",
        "value": "",
        "regkey_r": "CLRLoadLogDir",
        "reg_type": 0,
        "regkey": "HKEY_LOCAL_MACHINE\\SOFTWARE\\Microsoft\\.NETFramework\\CLRLoadLogDir"
      },
      "category": "registry"
    },
    {
      "time": 1746125577.018769,
      "api": "RegCloseKey",
      "pid": 2280,
      "arguments": {
        "key_handle": "0x0000000000000038"
      },
      "category": "registry"
    },
    {
      "time": 1746125577.018769,
      "api": "RegOpenKeyExW",
      "pid": 2280,
      "arguments": {
        "access": "0x00020019",
        "base_handle": "0xffffffff80000002",
        "key_handle": "0x0000000000000038",
        "regkey": "HKEY_LOCAL_MACHINE\\Software\\Microsoft\\.NETFramework",
        "regkey_r": "Software\\Microsoft\\.NETFramework",
        "options": 0
      },
      "category": "registry"
    },
    {
      "time": 1746125577.018769,
      "api": "RegQueryValueExW",
      "pid": 2280,
      "arguments": {
        "key_handle": "0x0000000000000038",
        "value": "",
        "regkey_r": "OnlyUseLatestCLR",
        "reg_type": 0,
        "regkey": "HKEY_LOCAL_MACHINE\\SOFTWARE\\Microsoft\\.NETFramework\\OnlyUseLatestCLR"
      },
      "category": "registry"
    },
    {
      "time": 1746125577.018769,
      "api": "RegCloseKey",
      "pid": 2280,
      "arguments": {
        "key_handle": "0x0000000000000038"
      },
      "category": "registry"
    },
    {
      "time": 1746125577.049769,
      "api": "GetSystemTimeAsFileTime",
      "pid": 2280,
      "arguments": {},
      "category": "synchronisation"
    },
    {
      "time": 1746125577.049769,
      "api": "NtQuerySystemInformation",
      "pid": 2280,
      "arguments": {
        "information_class": 0
      },
      "category": "system"
    },
    {
      "time": 1746125577.049769,
      "api": "NtProtectVirtualMemory",
      "pid": 2280,
      "arguments": {
        "process_identifier": 2280,
        "stack_dep_bypass": 0,
        "stack_pivoted": 0,
        "heap_dep_bypass": 0,
        "length": 4096,
        "protection": 2,
        "process_handle": "0xffffffffffffffff",
        "base_address": "0x0000000077d33000"
      },
      "category": "process"
    },
    {
      "time": 1746125577.049769,
      "api": "GetSystemDirectoryW",
      "pid": 2280,
      "arguments": {
        "dirpath": "C:\\Windows\\system32"
      },
      "category": "file"
    },
    {
      "time": 1746125577.049769,
      "api": "LdrGetDllHandle",
      "pid": 2280,
      "arguments": {
        "module_name": "C:\\Windows\\system32\\IMM32.DLL",
        "stack_pivoted": 0,
        "module_address": "0x0000000000000000"
      },
      "category": "system"
    },
    {
      "time": 1746125577.049769,
      "api": "LdrGetDllHandle",
      "pid": 2280,
      "arguments": {
        "module_name": "C:\\Windows\\system32\\IMM32.DLL",
        "stack_pivoted": 0,
        "module_address": "0x0000000000000000"
      },
      "category": "system"
    },
    {
      "time": 1746125577.096769,
      "api": "LdrLoadDll",
      "pid": 2280,
      "arguments": {
        "basename": "IMM32",
        "module_address": "0x000007feff160000",
        "flags": 0,
        "module_name": "C:\\Windows\\system32\\IMM32.DLL",
        "stack_pivoted": 0
      },
      "category": "system"
    },
    {
      "time": 1746125577.096769,
      "api": "GetSystemDirectoryW",
      "pid": 2280,
      "arguments": {
        "dirpath": "C:\\Windows\\system32"
      },
      "category": "file"
    },
    {
      "time": 1746125577.096769,
      "api": "LdrGetDllHandle",
      "pid": 2280,
      "arguments": {
        "module_name": "C:\\Windows\\system32\\IMM32.DLL",
        "stack_pivoted": 0,
        "module_address": "0x000007feff160000"
      },
      "category": "system"
    },
    {
      "time": 1746125577.096769,
      "api": "NtOpenKey",
      "pid": 2280,
      "arguments": {
        "key_handle": "0x0000000000000000",
        "desired_access": "0x00020019",
        "regkey": "HKEY_LOCAL_MACHINE\\System\\CurrentControlSet\\Control\\Error Message Instrument\\"
      },
      "category": "registry"
    },
    {
      "time": 1746125577.096769,
      "api": "NtOpenKey",
      "pid": 2280,
      "arguments": {
        "key_handle": "0x000000000000003c",
        "desired_access": "0x00020019",
        "regkey": "HKEY_LOCAL_MACHINE\\Software\\Microsoft\\Windows NT\\CurrentVersion\\GRE_Initialize"
      },
      "category": "registry"
    },
    {
      "time": 1746125577.096769,
      "api": "NtQueryValueKey",
      "pid": 2280,
      "arguments": {
        "key_handle": "0x000000000000003c",
        "key_name": "",
        "value": "",
        "reg_type": 0,
        "information_class": 2,
        "regkey": "HKEY_LOCAL_MACHINE\\SOFTWARE\\Microsoft\\Windows NT\\CurrentVersion\\GRE_Initialize\\DisableMetaFiles"
      },
      "category": "registry"
    },
    {
      "time": 1746125577.096769,
      "api": "NtClose",
      "pid": 2280,
      "arguments": {
        "handle": "0x000000000000003c"
      },
      "category": "system"
    },
    {
      "time": 1746125577.096769,
      "api": "LdrGetDllHandle",
      "pid": 2280,
      "arguments": {
        "module_name": "LPK.DLL",
        "stack_pivoted": 0,
        "module_address": "0x000007feff900000"
      },
      "category": "system"
    },
    {
      "time": 1746125577.096769,
      "api": "LdrGetProcedureAddress",
      "pid": 2280,
      "arguments": {
        "ordinal": 0,
        "module": "LPK",
        "module_address": "0x000007feff900000",
        "function_address": "0x000007feff906ab0",
        "function_name": "LpkTabbedTextOut"
      },
      "category": "system"
    },
    {
      "time": 1746125577.096769,
      "api": "LdrGetProcedureAddress",
      "pid": 2280,
      "arguments": {
        "ordinal": 0,
        "module": "LPK",
        "module_address": "0x000007feff900000",
        "function_address": "0x000007feff905300",
        "function_name": "LpkPSMTextOut"
      },
      "category": "system"
    },
    {
      "time": 1746125577.096769,
      "api": "LdrGetProcedureAddress",
      "pid": 2280,
      "arguments": {
        "ordinal": 0,
        "module": "LPK",
        "module_address": "0x000007feff900000",
        "function_address": "0x000007feff901460",
        "function_name": "LpkDrawTextEx"
      },
      "category": "system"
    },
    {
      "time": 1746125577.096769,
      "api": "LdrGetProcedureAddress",
      "pid": 2280,
      "arguments": {
        "ordinal": 0,
        "module": "LPK",
        "module_address": "0x000007feff900000",
        "function_address": "0x000007feff90a050",
        "function_name": "LpkEditControl"
      },
      "category": "system"
    },
    {
      "time": 1746125577.096769,
      "api": "NtClose",
      "pid": 2280,
      "arguments": {
        "handle": "0x0000000000000050"
      },
      "category": "system"
    },
    {
      "time": 1746125577.096769,
      "api": "NtClose",
      "pid": 2280,
      "arguments": {
        "handle": "0x000000000000004c"
      },
      "category": "system"
    },
    {
      "time": 1746125577.096769,
      "api": "NtQueryKey",
      "pid": 2280,
      "arguments": {
        "key_handle": "0x0000000000000030",
        "buffer": "\u0000\u0000\u0000\u0000",
        "information_class": 7,
        "regkey": "HKEY_LOCAL_MACHINE"
      },
      "category": "registry"
    },
    {
      "time": 1746125577.096769,
      "api": "NtOpenKeyEx",
      "pid": 2280,
      "arguments": {
        "key_handle": "0x000000000000004c",
        "desired_access": "0x00020019",
        "regkey": "HKEY_LOCAL_MACHINE\\Software\\Microsoft\\Windows NT\\CurrentVersion\\Windows",
        "options": 0
      },
      "category": "registry"
    },
    {
      "time": 1746125577.096769,
      "api": "NtQueryValueKey",
      "pid": 2280,
      "arguments": {
        "key_handle": "0x000000000000004c",
        "key_name": "",
        "value": 0,
        "reg_type": 4,
        "information_class": 2,
        "regkey": "HKEY_LOCAL_MACHINE\\SOFTWARE\\Microsoft\\Windows NT\\CurrentVersion\\Windows\\LoadAppInit_DLLs"
      },
      "category": "registry"
    },
    {
      "time": 1746125577.112769,
      "api": "NtClose",
      "pid": 2280,
      "arguments": {
        "handle": "0x000000000000004c"
      },
      "category": "system"
    },
    {
      "time": 1746125577.112769,
      "api": "GetSystemTimeAsFileTime",
      "pid": 2280,
      "arguments": {},
      "category": "synchronisation"
    },
    {
      "time": 1746125577.112769,
      "api": "LdrLoadDll",
      "pid": 2280,
      "arguments": {
        "basename": "gdi32",
        "module_address": "0x000007feff330000",
        "flags": 0,
        "module_name": "gdi32.dll",
        "stack_pivoted": 0
      },
      "category": "system"
    },
    {
      "time": 1746125577.112769,
      "api": "LdrGetProcedureAddress",
      "pid": 2280,
      "arguments": {
        "ordinal": 0,
        "module": "GDI32",
        "module_address": "0x000007feff330000",
        "function_address": "0x000007feff335964",
        "function_name": "GetCharABCWidthsI"
      },
      "category": "system"
    },
    {
      "time": 1746125577.112769,
      "api": "GetSystemTimeAsFileTime",
      "pid": 2280,
      "arguments": {},
      "category": "synchronisation"
    },
    {
      "time": 1746125577.112769,
      "api": "GetSystemTimeAsFileTime",
      "pid": 2280,
      "arguments": {},
      "category": "synchronisation"
    },
    {
      "time": 1746125577.127769,
      "api": "GetSystemTimeAsFileTime",
      "pid": 2280,
      "arguments": {},
      "category": "synchronisation"
    },
    {
      "time": 1746125577.127769,
      "api": "LdrLoadDll",
      "pid": 2280,
      "arguments": {
        "basename": "SHLWAPI",
        "module_address": "0x000007feffcc0000",
        "flags": 0,
        "module_name": "SHLWAPI.dll",
        "stack_pivoted": 0
      },
      "category": "system"
    },
    {
      "time": 1746125577.127769,
      "api": "LdrGetProcedureAddress",
      "pid": 2280,
      "arguments": {
        "ordinal": 0,
        "module": "SHLWAPI",
        "module_address": "0x000007feffcc0000",
        "function_address": "0x000007feffcccee4",
        "function_name": "UrlIsW"
      },
      "category": "system"
    },
    {
      "time": 1746125577.127769,
      "api": "NtCreateFile",
      "pid": 2280,
      "arguments": {
        "create_disposition": 1,
        "file_handle": "0x000000000049e1e8",
        "filepath": "C:\\Users\\Administrator\\AppData\\Local\\Temp\\716335ba5cd1e7186c40295b199190e2b6655e48f1c1cbe12139ba67faa5e1ac.exe.config",
        "desired_access": "0x80100080",
        "file_attributes": 128,
        "filepath_r": "\\??\\C:\\Users\\Administrator\\AppData\\Local\\Temp\\716335ba5cd1e7186c40295b199190e2b6655e48f1c1cbe12139ba67faa5e1ac.exe.config",
        "create_options": 96,
        "status_info": 4294967295,
        "share_access": 1
      },
      "category": "file"
    },
    {
      "time": 1746125577.127769,
      "api": "NtCreateFile",
      "pid": 2280,
      "arguments": {
        "create_disposition": 1,
        "file_handle": "0x0000000000000054",
        "filepath": "C:\\Users\\Administrator\\AppData\\Local\\Temp\\716335ba5cd1e7186c40295b199190e2b6655e48f1c1cbe12139ba67faa5e1ac.exe",
        "desired_access": "0x80100080",
        "file_attributes": 0,
        "filepath_r": "\\??\\C:\\Users\\Administrator\\AppData\\Local\\Temp\\716335ba5cd1e7186c40295b199190e2b6655e48f1c1cbe12139ba67faa5e1ac.exe",
        "create_options": 100,
        "status_info": 1,
        "share_access": 1
      },
      "category": "file"
    },
    {
      "time": 1746125577.127769,
      "api": "GetFileSize",
      "pid": 2280,
      "arguments": {
        "file_size_low": 16712192,
        "file_handle": "0x0000000000000054"
      },
      "category": "file"
    },
    {
      "time": 1746125577.127769,
      "api": "NtCreateSection",
      "pid": 2280,
      "arguments": {
        "section_handle": "0x0000000000000058",
        "object_handle": "0x0000000000000000",
        "desired_access": "0x000f0005",
        "protection": 2,
        "section_name": "",
        "file_handle": "0x0000000000000054"
      },
      "category": "process"
    },
    {
      "time": 1746125577.127769,
      "api": "NtMapViewOfSection",
      "pid": 2280,
      "arguments": {
        "section_handle": "0x0000000000000058",
        "process_identifier": 2280,
        "commit_size": 0,
        "win32_protect": 2,
        "buffer": "",
        "process_handle": "0xffffffffffffffff",
        "allocation_type": 0,
        "section_offset": 0,
        "view_size": 16715776,
        "base_address": "0x00000000020d0000"
      },
      "category": "process"
    },
    {
      "time": 1746125577.143769,
      "api": "GetSystemInfo",
      "pid": 2280,
      "arguments": {
        "processor_count": 2
      },
      "category": "system"
    },
    {
      "time": 1746125577.143769,
      "api": "NtClose",
      "pid": 2280,
      "arguments": {
        "handle": "0x0000000000000054"
      },
      "category": "system"
    },
    {
      "time": 1746125577.143769,
      "api": "NtUnmapViewOfSection",
      "pid": 2280,
      "arguments": {
        "process_identifier": 2280,
        "region_size": 16715776,
        "process_handle": "0xffffffffffffffff",
        "base_address": "0x00000000020d0000"
      },
      "category": "process"
    },
    {
      "time": 1746125577.143769,
      "api": "NtClose",
      "pid": 2280,
      "arguments": {
        "handle": "0x0000000000000058"
      },
      "category": "system"
    },
    {
      "time": 1746125577.143769,
      "api": "NtCreateFile",
      "pid": 2280,
      "arguments": {
        "create_disposition": 1,
        "file_handle": "0x0000000000000058",
        "filepath": "C:\\Users\\Administrator\\AppData\\Local\\Temp\\716335ba5cd1e7186c40295b199190e2b6655e48f1c1cbe12139ba67faa5e1ac.exe",
        "desired_access": "0x80100080",
        "file_attributes": 0,
        "filepath_r": "\\??\\C:\\Users\\Administrator\\AppData\\Local\\Temp\\716335ba5cd1e7186c40295b199190e2b6655e48f1c1cbe12139ba67faa5e1ac.exe",
        "create_options": 100,
        "status_info": 1,
        "share_access": 1
      },
      "category": "file"
    },
    {
      "time": 1746125577.143769,
      "api": "GetFileSize",
      "pid": 2280,
      "arguments": {
        "file_size_low": 16712192,
        "file_handle": "0x0000000000000058"
      },
      "category": "file"
    },
    {
      "time": 1746125577.143769,
      "api": "NtCreateSection",
      "pid": 2280,
      "arguments": {
        "section_handle": "0x0000000000000054",
        "object_handle": "0x0000000000000000",
        "desired_access": "0x000f0005",
        "protection": 2,
        "section_name": "",
        "file_handle": "0x0000000000000058"
      },
      "category": "process"
    },
    {
      "time": 1746125577.143769,
      "api": "NtMapViewOfSection",
      "pid": 2280,
      "arguments": {
        "section_handle": "0x0000000000000054",
        "process_identifier": 2280,
        "commit_size": 0,
        "win32_protect": 2,
        "buffer": "",
        "process_handle": "0xffffffffffffffff",
        "allocation_type": 0,
        "section_offset": 0,
        "view_size": 16715776,
        "base_address": "0x00000000020d0000"
      },
      "category": "process"
    },
    {
      "time": 1746125577.143769,
      "api": "GetSystemInfo",
      "pid": 2280,
      "arguments": {
        "processor_count": 2
      },
      "category": "system"
    },
    {
      "time": 1746125577.143769,
      "api": "NtClose",
      "pid": 2280,
      "arguments": {
        "handle": "0x0000000000000058"
      },
      "category": "system"
    },
    {
      "time": 1746125577.143769,
      "api": "NtUnmapViewOfSection",
      "pid": 2280,
      "arguments": {
        "process_identifier": 2280,
        "region_size": 16715776,
        "process_handle": "0xffffffffffffffff",
        "base_address": "0x00000000020d0000"
      },
      "category": "process"
    },
    {
      "time": 1746125577.143769,
      "api": "NtClose",
      "pid": 2280,
      "arguments": {
        "handle": "0x0000000000000054"
      },
      "category": "system"
    },
    {
      "time": 1746125577.143769,
      "api": "RegOpenKeyExW",
      "pid": 2280,
      "arguments": {
        "access": "0x00020019",
        "base_handle": "0xffffffff80000001",
        "key_handle": "0x0000000000000000",
        "regkey": "HKEY_CURRENT_USER\\Software\\Microsoft\\.NETFramework\\Policy\\Standards",
        "regkey_r": "Software\\Microsoft\\.NETFramework\\Policy\\Standards",
        "options": 0
      },
      "category": "registry"
    },
    {
      "time": 1746125577.143769,
      "api": "RegOpenKeyExW",
      "pid": 2280,
      "arguments": {
        "access": "0x00020019",
        "base_handle": "0xffffffff80000002",
        "key_handle": "0x0000000000000058",
        "regkey": "HKEY_LOCAL_MACHINE\\Software\\Microsoft\\.NETFramework\\Policy\\Standards",
        "regkey_r": "Software\\Microsoft\\.NETFramework\\Policy\\Standards",
        "options": 0
      },
      "category": "registry"
    },
    {
      "time": 1746125577.143769,
      "api": "RegOpenKeyExW",
      "pid": 2280,
      "arguments": {
        "access": "0x00020019",
        "base_handle": "0x0000000000000058",
        "key_handle": "0x0000000000000000",
        "regkey": "HKEY_LOCAL_MACHINE\\SOFTWARE\\Microsoft\\.NETFramework\\Policy\\standards\\v4.0.30319",
        "regkey_r": "v4.0.30319",
        "options": 0
      },
      "category": "registry"
    },
    {
      "time": 1746125577.143769,
      "api": "RegCloseKey",
      "pid": 2280,
      "arguments": {
        "key_handle": "0x0000000000000058"
      },
      "category": "registry"
    },
    {
      "time": 1746125577.143769,
      "api": "RegOpenKeyExW",
      "pid": 2280,
      "arguments": {
        "access": "0x00020019",
        "base_handle": "0xffffffff80000002",
        "key_handle": "0x0000000000000058",
        "regkey": "HKEY_LOCAL_MACHINE\\Software\\Microsoft\\.NETFramework",
        "regkey_r": "Software\\Microsoft\\.NETFramework",
        "options": 0
      },
      "category": "registry"
    },
    {
      "time": 1746125577.143769,
      "api": "RegQueryValueExW",
      "pid": 2280,
      "arguments": {
        "key_handle": "0x0000000000000058",
        "value": "",
        "regkey_r": "InstallRoot",
        "reg_type": 1,
        "regkey": "HKEY_LOCAL_MACHINE\\SOFTWARE\\Microsoft\\.NETFramework\\InstallRoot"
      },
      "category": "registry"
    },
    {
      "time": 1746125577.143769,
      "api": "RegQueryValueExW",
      "pid": 2280,
      "arguments": {
        "key_handle": "0x0000000000000058",
        "value": "C:\\Windows\\Microsoft.NET\\Framework64\\",
        "regkey_r": "InstallRoot",
        "reg_type": 1,
        "regkey": "HKEY_LOCAL_MACHINE\\SOFTWARE\\Microsoft\\.NETFramework\\InstallRoot"
      },
      "category": "registry"
    },
    {
      "time": 1746125577.143769,
      "api": "RegCloseKey",
      "pid": 2280,
      "arguments": {
        "key_handle": "0x0000000000000058"
      },
      "category": "registry"
    },
    {
      "time": 1746125577.143769,
      "api": "NtOpenFile",
      "pid": 2280,
      "arguments": {
        "file_handle": "0xffffffffffffffff",
        "filepath": "C:\\Windows\\Microsoft.NET\\Framework64\\v4.0.30319\\",
        "desired_access": "0x00100001",
        "filepath_r": "\\??\\C:\\Windows\\Microsoft.NET\\Framework64\\v4.0.30319\\",
        "open_options": 16417,
        "status_info": 4294967295,
        "share_access": 7
      },
      "category": "file"
    },
    {
      "time": 1746125577.143769,
      "api": "RegOpenKeyExW",
      "pid": 2280,
      "arguments": {
        "access": "0x00020019",
        "base_handle": "0xffffffff80000001",
        "key_handle": "0x0000000000000000",
        "regkey": "HKEY_CURRENT_USER\\Software\\Microsoft\\.NETFramework\\Policy\\Upgrades",
        "regkey_r": "Software\\Microsoft\\.NETFramework\\Policy\\Upgrades",
        "options": 0
      },
      "category": "registry"
    },
    {
      "time": 1746125577.143769,
      "api": "RegOpenKeyExW",
      "pid": 2280,
      "arguments": {
        "access": "0x00020019",
        "base_handle": "0xffffffff80000002",
        "key_handle": "0x0000000000000058",
        "regkey": "HKEY_LOCAL_MACHINE\\Software\\Microsoft\\.NETFramework\\Policy\\Upgrades",
        "regkey_r": "Software\\Microsoft\\.NETFramework\\Policy\\Upgrades",
        "options": 0
      },
      "category": "registry"
    },
    {
      "time": 1746125577.158769,
      "api": "RegQueryInfoKeyW",
      "pid": 2280,
      "arguments": {
        "key_handle": "0x0000000000000058",
        "value_max_length": 32,
        "class_max_length": 0,
        "value_name_max_length": 9,
        "regkey": "HKEY_LOCAL_MACHINE\\SOFTWARE\\Microsoft\\.NETFramework\\Policy\\Upgrades",
        "value_count": 1,
        "subkey_max_length": 0,
        "class": "",
        "subkey_count": 0
      },
      "category": "registry"
    },
    {
      "time": 1746125577.158769,
      "api": "RegEnumValueW",
      "pid": 2280,
      "arguments": {
        "index": 0,
        "key_handle": "0x0000000000000058",
        "value": "1.0.0-2.0.50727",
        "regkey_r": "2.0.50727",
        "reg_type": 1,
        "regkey": "HKEY_LOCAL_MACHINE\\SOFTWARE\\Microsoft\\.NETFramework\\Policy\\Upgrades\\\ue304I"
      },
      "category": "registry"
    },
    {
      "time": 1746125577.158769,
      "api": "RegCloseKey",
      "pid": 2280,
      "arguments": {
        "key_handle": "0x0000000000000058"
      },
      "category": "registry"
    },
    {
      "time": 1746125577.158769,
      "api": "RegOpenKeyExW",
      "pid": 2280,
      "arguments": {
        "access": "0x00020019",
        "base_handle": "0xffffffff80000002",
        "key_handle": "0x0000000000000058",
        "regkey": "HKEY_LOCAL_MACHINE\\Software\\Microsoft\\.NETFramework",
        "regkey_r": "Software\\Microsoft\\.NETFramework",
        "options": 0
      },
      "category": "registry"
    },
    {
      "time": 1746125577.158769,
      "api": "RegQueryValueExW",
      "pid": 2280,
      "arguments": {
        "key_handle": "0x0000000000000058",
        "value": "",
        "regkey_r": "InstallRoot",
        "reg_type": 1,
        "regkey": "HKEY_LOCAL_MACHINE\\SOFTWARE\\Microsoft\\.NETFramework\\InstallRoot"
      },
      "category": "registry"
    },
    {
      "time": 1746125577.158769,
      "api": "RegQueryValueExW",
      "pid": 2280,
      "arguments": {
        "key_handle": "0x0000000000000058",
        "value": "C:\\Windows\\Microsoft.NET\\Framework64\\",
        "regkey_r": "InstallRoot",
        "reg_type": 1,
        "regkey": "HKEY_LOCAL_MACHINE\\SOFTWARE\\Microsoft\\.NETFramework\\InstallRoot"
      },
      "category": "registry"
    },
    {
      "time": 1746125577.158769,
      "api": "RegCloseKey",
      "pid": 2280,
      "arguments": {
        "key_handle": "0x0000000000000058"
      },
      "category": "registry"
    },
    {
      "time": 1746125577.158769,
      "api": "NtOpenFile",
      "pid": 2280,
      "arguments": {
        "file_handle": "0x0000000000000000",
        "filepath": "C:\\Windows\\Microsoft.NET\\Framework64\\v4.0.30319\\",
        "desired_access": "0x00100001",
        "filepath_r": "\\??\\C:\\Windows\\Microsoft.NET\\Framework64\\v4.0.30319\\",
        "open_options": 16417,
        "status_info": 4294967295,
        "share_access": 7
      },
      "category": "file"
    },
    {
      "time": 1746125577.158769,
      "api": "RegOpenKeyExW",
      "pid": 2280,
      "arguments": {
        "access": "0x00020019",
        "base_handle": "0xffffffff80000001",
        "key_handle": "0x0000000000000000",
        "regkey": "HKEY_CURRENT_USER\\Software\\Microsoft\\.NETFramework",
        "regkey_r": "Software\\Microsoft\\.NETFramework",
        "options": 0
      },
      "category": "registry"
    },
    {
      "time": 1746125577.158769,
      "api": "RegOpenKeyExW",
      "pid": 2280,
      "arguments": {
        "access": "0x00020019",
        "base_handle": "0xffffffff80000002",
        "key_handle": "0x0000000000000058",
        "regkey": "HKEY_LOCAL_MACHINE\\Software\\Microsoft\\.NETFramework",
        "regkey_r": "Software\\Microsoft\\.NETFramework",
        "options": 0
      },
      "category": "registry"
    },
    {
      "time": 1746125577.158769,
      "api": "RegQueryValueExW",
      "pid": 2280,
      "arguments": {
        "key_handle": "0x0000000000000058",
        "value": "",
        "regkey_r": "NoGuiFromShim",
        "reg_type": 0,
        "regkey": "HKEY_LOCAL_MACHINE\\SOFTWARE\\Microsoft\\.NETFramework\\NoGuiFromShim"
      },
      "category": "registry"
    },
    {
      "time": 1746125577.158769,
      "api": "RegCloseKey",
      "pid": 2280,
      "arguments": {
        "key_handle": "0x0000000000000058"
      },
      "category": "registry"
    },
    {
      "time": 1746125577.158769,
      "api": "SetErrorMode",
      "pid": 2280,
      "arguments": {
        "mode": 0
      },
      "category": "system"
    },
    {
      "time": 1746125577.158769,
      "api": "SetErrorMode",
      "pid": 2280,
      "arguments": {
        "mode": 32775
      },
      "category": "system"
    },
    {
      "time": 1746125577.158769,
      "api": "NtTerminateProcess",
      "pid": 2280,
      "arguments": {
        "status_code": "0x80131700",
        "process_identifier": 0,
        "process_handle": "0x0000000000000000"
      },
      "category": "process"
    },
    {
      "time": 1746125577.158769,
      "api": "NtTerminateProcess",
      "pid": 2280,
      "arguments": {
        "status_code": "0x80131700",
        "process_identifier": 0,
        "process_handle": "0x0000000000000000"
      },
      "category": "process"
    },
    {
      "time": 1746125577.158769,
      "api": "NtClose",
      "pid": 2280,
      "arguments": {
        "handle": "0x0000000000000038"
      },
      "category": "system"
    },
    {
      "time": 1746125577.158769,
      "api": "NtClose",
      "pid": 2280,
      "arguments": {
        "handle": "0x0000000000000050"
      },
      "category": "system"
    },
    {
      "time": 1746125577.158769,
      "api": "NtClose",
      "pid": 2280,
      "arguments": {
        "handle": "0x000000000000004c"
      },
      "category": "system"
    },
    {
      "time": 1746125577.158769,
      "api": "LdrUnloadDll",
      "pid": 2280,
      "arguments": {
        "library": "IMM32",
        "module_address": "0x000007feff160000"
      },
      "category": "system"
    },
    {
      "time": 1746125577.158769,
      "api": "NtOpenKey",
      "pid": 2280,
      "arguments": {
        "key_handle": "0x000000000000004c",
        "desired_access": "0x00020019",
        "regkey": "HKEY_LOCAL_MACHINE\\Software\\Microsoft\\Windows NT\\CurrentVersion\\GRE_Initialize"
      },
      "category": "registry"
    },
    {
      "time": 1746125577.158769,
      "api": "NtQueryValueKey",
      "pid": 2280,
      "arguments": {
        "key_handle": "0x000000000000004c",
        "key_name": "",
        "value": "",
        "reg_type": 0,
        "information_class": 2,
        "regkey": "HKEY_LOCAL_MACHINE\\SOFTWARE\\Microsoft\\Windows NT\\CurrentVersion\\GRE_Initialize\\DisableMetaFiles"
      },
      "category": "registry"
    },
    {
      "time": 1746125577.158769,
      "api": "NtClose",
      "pid": 2280,
      "arguments": {
        "handle": "0x000000000000004c"
      },
      "category": "system"
    },
    {
      "time": 1746125577.158769,
      "api": "NtClose",
      "pid": 2280,
      "arguments": {
        "handle": "0x000000000000002c"
      },
      "category": "system"
    },
    {
      "time": 1746125577.158769,
      "api": "NtClose",
      "pid": 2280,
      "arguments": {
        "handle": "0x0000000000000014"
      },
      "category": "system"
    },
    {
      "time": 1746125577.158769,
      "api": "NtFreeVirtualMemory",
      "pid": 2280,
      "arguments": {
        "free_type": 32768,
        "process_identifier": 2280,
        "process_handle": "0xffffffffffffffff",
        "base_address": "0x0000000000820000",
        "size": 524288
      },
      "category": "process"
    },
    {
      "time": 1746125577.158769,
      "api": "NtTerminateProcess",
      "pid": 2280,
      "arguments": {
        "status_code": "0x80131700",
        "process_identifier": 2280,
        "process_handle": "0xffffffffffffffff"
      },
      "category": "process"
    }
  ],
  "network": {
    "http": [],
    "tcp": [],
    "udp": [
      {
        "src": "192.168.56.101",
        "dst": "192.168.56.255",
        "offset": 1308,
        "time": 6.0479700565338135,
        "dport": 137,
        "sport": 137
      },
      {
        "src": "192.168.56.101",
        "dst": "224.0.0.252",
        "offset": 4924,
        "time": 3.981123924255371,
        "dport": 5355,
        "sport": 50233
      },
      {
        "src": "192.168.56.101",
        "dst": "224.0.0.252",
        "offset": 5244,
        "time": 4.526387929916382,
        "dport": 5355,
        "sport": 52790
      },
      {
        "src": "192.168.56.101",
        "dst": "224.0.0.252",
        "offset": 5572,
        "time": 3.020753860473633,
        "dport": 5355,
        "sport": 53526
      },
      {
        "src": "192.168.56.101",
        "dst": "224.0.0.252",
        "offset": 5900,
        "time": 5.987186908721924,
        "dport": 5355,
        "sport": 57168
      },
      {
        "src": "192.168.56.101",
        "dst": "224.0.0.252",
        "offset": 6220,
        "time": 5.410218000411987,
        "dport": 5355,
        "sport": 58224
      },
      {
        "src": "192.168.56.101",
        "dst": "224.0.0.252",
        "offset": 6540,
        "time": 5.9864678382873535,
        "dport": 5355,
        "sport": 64762
      },
      {
        "src": "192.168.56.101",
        "dst": "8.8.8.8",
        "offset": 6868,
        "time": 5.102479934692383,
        "dport": 53,
        "sport": 55116
      },
      {
        "src": "192.168.56.101",
        "dst": "8.8.8.8",
        "offset": 7144,
        "time": 5.986615896224976,
        "dport": 53,
        "sport": 60897
      },
      {
        "src": "192.168.56.101",
        "dst": "8.8.8.8",
        "offset": 7346,
        "time": 5.740560054779053,
        "dport": 53,
        "sport": 62139
      }
    ],
    "dns": [
      {
        "type": "A",
        "request": "www.msftncsi.com",
        "answers": []
      },
      {
        "type": "A",
        "request": "dns.msftncsi.com",
        "answers": []
      },
      {
        "type": "A",
        "request": "teredo.ipv6.microsoft.com",
        "answers": []
      }
    ],
    "hosts": [
      "8.8.8.8"
    ],
    "icmp": [],
    "smtp": []
  },
  "static_imports": [],
  "signatures_ttp": {
    "T1045": "Software Packing"
  },
  "signatures_full": [
    {
      "name": "packer_entropy",
      "description": "The binary likely contains encrypted or compressed data indicative of a packer",
      "severity": 2,
      "ttp": {
        "T1045": {
          "short": "Software Packing",
          "long": "Software packing is a method of compressing or encrypting an executable. Packing an executable changes the file signature in an attempt to avoid signature-based detection. Most decompression techniques decompress the executable code in memory."
        }
      },
      "markcount": 2,
      "marks": [
        {
          "entropy": 7.998336699693823,
          "section": {
            "size_of_data": "0x00fad000",
            "virtual_address": "0x00002000",
            "entropy": 7.998336699693823,
            "name": ".text",
            "virtual_size": "0x00face8c"
          },
          "type": "generic",
          "description": "A section with a high entropy has been found"
        },
        {
          "entropy": 0.983578431372549,
          "type": "generic",
          "description": "Overall entropy of this PE file is high"
        }
      ]
    }
  ],
  "processes": [
    {
      "name": "lsass.exe",
      "path": "C:\\Windows\\System32\\lsass.exe",
      "pid": 484,
      "cmdline": "C:\\Windows\\system32\\lsass.exe",
      "modules": [
        "lsass.exe",
        "ntdll.dll",
        "kernel32.dll",
        "KERNELBASE.dll",
        "msvcrt.dll",
        "RPCRT4.dll",
        "SspiSrv.dll",
        "lsasrv.dll",
        "sechost.dll",
        "SspiCli.dll",
        "ADVAPI32.dll",
        "USER32.dll",
        "GDI32.dll",
        "LPK.dll",
        "USP10.dll",
        "SAMSRV.dll",
        "cryptdll.dll",
        "MSASN1.dll",
        "wevtapi.dll",
        "IMM32.DLL",
        "MSCTF.dll",
        "cngaudit.dll",
        "AUTHZ.dll",
        "ncrypt.dll",
        "bcrypt.dll",
        "msprivs.DLL",
        "netjoin.dll",
        "negoexts.DLL",
        "Secur32.dll",
        "cryptbase.dll",
        "kerberos.DLL",
        "CRYPTSP.dll",
        "WS2_32.dll",
        "NSI.dll",
        "mswsock.dll",
        "wship6.dll",
        "msv1_0.DLL",
        "netlogon.DLL",
        "DNSAPI.dll",
        "logoncli.dll",
        "schannel.DLL",
        "CRYPT32.dll",
        "wdigest.DLL",
        "rsaenh.dll",
        "tspkg.DLL",
        "pku2u.DLL",
        "bcryptprimitives.dll",
        "RpcRtRemote.dll",
        "efslsaext.dll",
        "WINSTA.dll",
        "scecli.DLL",
        "credssp.dll",
        "IPHLPAPI.DLL",
        "WINNSI.DLL",
        "netutils.dll",
        "USERENV.dll",
        "profapi.dll",
        "wshtcpip.dll",
        "monitor-x64.dll"
      ]
    },
    {
      "name": "716335ba5cd1e7186c40295b199190e2b6655e48f1c1cbe12139ba67faa5e1ac.exe",
      "path": "C:\\Users\\Administrator\\AppData\\Local\\Temp\\716335ba5cd1e7186c40295b199190e2b6655e48f1c1cbe12139ba67faa5e1ac.exe",
      "pid": 2280,
      "cmdline": "\"C:\\Users\\Administrator\\AppData\\Local\\Temp\\716335ba5cd1e7186c40295b199190e2b6655e48f1c1cbe12139ba67faa5e1ac.exe\" ",
      "modules": [
        "716335ba5cd1e7186c40295b199190e2b6655e48f1c1cbe12139ba67faa5e1ac.exe",
        "ntdll.dll",
        "MSCOREE.DLL",
        "KERNEL32.dll",
        "KERNELBASE.dll",
        "monitor-x64.dll",
        "msvcrt.dll"
      ]
    }
  ]
}