{
  "behavior_summary": {
    "file_created": [],
    "file_deleted": [],
    "file_read": [],
    "file_recreated": [],
    "file_exists": [],
    "file_opened": [],
    "regkey_opened": [],
    "regkey_read": [],
    "regkey_written": [],
    "dll_loaded": [],
    "executed_commands": [],
    "directory_created": [],
    "mutex": [],
    "processes_created": [],
    "resolves_host": []
  },
  "dropped_files": [],
  "api_statistics": {},
  "api_call_sequence": [],
  "network": {
    "http": [
      {
        "count": 1,
        "body": "",
        "uri": "http://www.msftncsi.com/ncsi.txt",
        "user-agent": "Microsoft NCSI",
        "method": "GET",
        "host": "www.msftncsi.com",
        "version": "1.1",
        "path": "/ncsi.txt",
        "data": "GET /ncsi.txt HTTP/1.1\r\nConnection: Close\r\nUser-Agent: Microsoft NCSI\r\nHost: www.msftncsi.com\r\n\r\n",
        "port": 80
      }
    ],
    "tcp": [
      {
        "src": "192.168.56.101",
        "dst": "113.171.230.17",
        "offset": 1468,
        "time": 2.814971923828125,
        "dport": 80,
        "sport": 49161
      }
    ],
    "udp": [
      {
        "src": "192.168.56.101",
        "dst": "192.168.56.255",
        "offset": 2164,
        "time": 3.0803349018096924,
        "dport": 137,
        "sport": 137
      },
      {
        "src": "192.168.56.101",
        "dst": "224.0.0.252",
        "offset": 6788,
        "time": 1.0353260040283203,
        "dport": 5355,
        "sport": 50233
      },
      {
        "src": "192.168.56.101",
        "dst": "224.0.0.252",
        "offset": 7108,
        "time": 1.555717945098877,
        "dport": 5355,
        "sport": 52790
      },
      {
        "src": "192.168.56.101",
        "dst": "224.0.0.252",
        "offset": 7436,
        "time": 0.04402804374694824,
        "dport": 5355,
        "sport": 53526
      },
      {
        "src": "192.168.56.101",
        "dst": "224.0.0.252",
        "offset": 7764,
        "time": 3.00846004486084,
        "dport": 5355,
        "sport": 58709
      },
      {
        "src": "192.168.56.101",
        "dst": "224.0.0.252",
        "offset": 8084,
        "time": 3.009542942047119,
        "dport": 5355,
        "sport": 59798
      },
      {
        "src": "192.168.56.101",
        "dst": "224.0.0.252",
        "offset": 8412,
        "time": 2.4287359714508057,
        "dport": 5355,
        "sport": 62139
      },
      {
        "src": "192.168.56.101",
        "dst": "8.8.8.8",
        "offset": 8732,
        "time": 2.0749599933624268,
        "dport": 53,
        "sport": 54506
      },
      {
        "src": "192.168.56.101",
        "dst": "8.8.8.8",
        "offset": 8944,
        "time": 2.0458829402923584,
        "dport": 53,
        "sport": 55116
      },
      {
        "src": "192.168.56.101",
        "dst": "8.8.8.8",
        "offset": 9144,
        "time": 3.0078630447387695,
        "dport": 53,
        "sport": 64762
      },
      {
        "src": "192.168.56.101",
        "dst": "8.8.8.8",
        "offset": 9419,
        "time": 2.752716064453125,
        "dport": 53,
        "sport": 65068
      }
    ],
    "dns": [
      {
        "type": "A",
        "request": "www.msftncsi.com",
        "answers": [
          {
            "data": "113.171.230.17",
            "type": "A"
          },
          {
            "data": "www.msftncsi.com.edgesuite.net",
            "type": "CNAME"
          },
          {
            "data": "a1961.g2.akamai.net",
            "type": "CNAME"
          }
        ]
      },
      {
        "type": "A",
        "request": "dns.msftncsi.com",
        "answers": [
          {
            "data": "131.107.255.255",
            "type": "A"
          }
        ]
      },
      {
        "type": "AAAA",
        "request": "dns.msftncsi.com",
        "answers": [
          {
            "data": "fd3e:4f5a:5b81::1",
            "type": "AAAA"
          }
        ]
      },
      {
        "type": "A",
        "request": "teredo.ipv6.microsoft.com",
        "answers": []
      }
    ],
    "hosts": [
      "113.171.230.17",
      "8.8.8.8"
    ],
    "icmp": [],
    "smtp": []
  },
  "static_imports": [
    "RegQueryValueExW",
    "RegOpenKeyExW",
    "RegCloseKey",
    "CryptGetHashParam",
    "CryptReleaseContext",
    "CryptAcquireContextA",
    "CryptCreateHash",
    "CryptDestroyHash",
    "CryptHashData",
    "CreateMutexW",
    "MapViewOfFile",
    "UnmapViewOfFile",
    "CreateProcessW",
    "SetUnhandledExceptionFilter",
    "GetCurrentProcess",
    "WaitForSingleObject",
    "SetEvent",
    "CreateFileMappingW",
    "CreateEventW",
    "GetCurrentThreadId",
    "DuplicateHandle",
    "ReleaseMutex",
    "CloseHandle",
    "GetVersion",
    "GetCurrentProcessId",
    "ExpandEnvironmentStringsW",
    "GetFullPathNameA",
    "WideCharToMultiByte",
    "MultiByteToWideChar",
    "GetLastError",
    "FormatMessageA",
    "GetModuleHandleA",
    "LocalFree",
    "RaiseException",
    "GetCommandLineA",
    "GetModuleHandleW",
    "GetProcAddress",
    "QueryPerformanceCounter",
    "IsProcessorFeaturePresent",
    "IsDebuggerPresent",
    "DecodePointer",
    "EncodePointer",
    "GetTickCount64",
    "GetSystemTimeAsFileTime",
    "vfprintf",
    "_time64",
    "_strlwr",
    "_strtoui64",
    "_strupr",
    "strncat_s",
    "_XcptFilter",
    "_amsg_exit",
    "__getmainargs",
    "__set_app_type",
    "_exit",
    "_cexit",
    "_configthreadlocale",
    "__setusermatherr",
    "_initterm_e",
    "_initterm",
    "__initenv",
    "_purecall",
    "_commode",
    "_lock",
    "_unlock",
    "_calloc_crt",
    "__dllonexit",
    "_onexit",
    "_crt_debugger_hook",
    "__crtUnhandledException",
    "__crtTerminateProcess",
    "??1type_info@@UAE@XZ",
    "__CxxFrameHandler3",
    "?terminate@@YAXXZ",
    "__crtSetUnhandledExceptionFilter",
    "_invoke_watson",
    "_controlfp_s",
    "_except_handler4_common",
    "remove",
    "_itoa_s",
    "_set_invalid_parameter_handler",
    "_searchenv",
    "strncpy_s",
    "_putenv",
    "isxdigit",
    "getenv",
    "fseek",
    "ftell",
    "toupper",
    "isalpha",
    "isalnum",
    "_errno",
    "strtod",
    "fprintf",
    "vsprintf_s",
    "_finite",
    "ferror",
    "fread",
    "sprintf_s",
    "_strnicmp",
    "_ftelli64",
    "fwrite",
    "_lock_file",
    "setvbuf",
    "fsetpos",
    "fflush",
    "_fseeki64",
    "fgetpos",
    "_unlock_file",
    "??0exception@std@@QAE@ABV01@@Z",
    "??0bad_cast@std@@QAE@ABV01@@Z",
    "??0bad_cast@std@@QAE@PBD@Z",
    "??1bad_cast@std@@UAE@XZ",
    "fputc",
    "exit",
    "fclose",
    "_splitpath_s",
    "strcat_s",
    "realloc",
    "mbstowcs_s",
    "memcpy_s",
    "_fullpath",
    "strcpy_s",
    "fopen",
    "printf",
    "fgetc",
    "__iob_func",
    "ungetc",
    "malloc",
    "_makepath_s",
    "_wpgmptr",
    "??_U@YAPAXI@Z",
    "_pgmptr",
    "wcsncpy_s",
    "swprintf_s",
    "??2@YAPAXI@Z",
    "_fmode",
    "??3@YAXPAX@Z",
    "memcpy",
    "memcmp",
    "_CxxThrowException",
    "isdigit",
    "??_V@YAXPAX@Z",
    "tolower",
    "atoi",
    "memmove",
    "_stricmp",
    "strncpy",
    "memset",
    "?sgetc@?$basic_streambuf@DU?$char_traits@D@std@@@std@@QAEHXZ",
    "?snextc@?$basic_streambuf@DU?$char_traits@D@std@@@std@@QAEHXZ",
    "?sbumpc@?$basic_streambuf@DU?$char_traits@D@std@@@std@@QAEHXZ",
    "?_Ipfx@?$basic_istream@DU?$char_traits@D@std@@@std@@QAE_N_N@Z",
    "?widen@?$basic_ios@DU?$char_traits@D@std@@@std@@QBEDD@Z",
    "??Bid@locale@std@@QAEIXZ",
    "?always_noconv@codecvt_base@std@@QBE_NXZ",
    "??1?$basic_streambuf@DU?$char_traits@D@std@@@std@@UAE@XZ",
    "?showmanyc@?$basic_streambuf@DU?$char_traits@D@std@@@std@@MAE_JXZ",
    "?xsgetn@?$basic_streambuf@DU?$char_traits@D@std@@@std@@MAE_JPAD_J@Z",
    "?xsputn@?$basic_streambuf@DU?$char_traits@D@std@@@std@@MAE_JPBD_J@Z",
    "??1?$basic_ios@DU?$char_traits@D@std@@@std@@UAE@XZ",
    "?_Add_vtordisp2@?$basic_ios@DU?$char_traits@D@std@@@std@@UAEXXZ",
    "?setstate@?$basic_ios@DU?$char_traits@D@std@@@std@@QAEXH_N@Z",
    "??1?$basic_istream@DU?$char_traits@D@std@@@std@@UAE@XZ",
    "?_Add_vtordisp1@?$basic_istream@DU?$char_traits@D@std@@@std@@UAEXXZ",
    "?read@?$basic_istream@DU?$char_traits@D@std@@@std@@QAEAAV12@PAD_J@Z",
    "?in@?$codecvt@DDH@std@@QBEHAAHPBD1AAPBDPAD3AAPAD@Z",
    "?out@?$codecvt@DDH@std@@QBEHAAHPBD1AAPBDPAD3AAPAD@Z",
    "?_Gndec@?$basic_streambuf@DU?$char_traits@D@std@@@std@@IAEPADXZ",
    "??0?$basic_ios@DU?$char_traits@D@std@@@std@@IAE@XZ",
    "??0?$basic_istream@DU?$char_traits@D@std@@@std@@QAE@PAV?$basic_streambuf@DU?$char_traits@D@std@@@1@_N@Z",
    "?unshift@?$codecvt@DDH@std@@QBEHAAHPAD1AAPAD@Z",
    "??0?$basic_streambuf@DU?$char_traits@D@std@@@std@@IAE@XZ",
    "?getloc@?$basic_streambuf@DU?$char_traits@D@std@@@std@@QBE?AVlocale@2@XZ",
    "?_Init@?$basic_streambuf@DU?$char_traits@D@std@@@std@@IAEXXZ",
    "?_Getcat@?$codecvt@DDH@std@@SAIPAPBVfacet@locale@2@PBV42@@Z",
    "?id@?$codecvt@DDH@std@@2V0locale@2@A",
    "?_Fiopen@std@@YAPAU_iobuf@@PBDHH@Z",
    "?_Getgloballocale@locale@std@@CAPAV_Locimp@12@XZ",
    "??0_Lockit@std@@QAE@H@Z",
    "??1_Lockit@std@@QAE@XZ",
    "?_BADOFF@std@@3_JB",
    "?_Xlength_error@std@@YAXPBD@Z",
    "?_Xout_of_range@std@@YAXPBD@Z",
    "?_Xbad_alloc@std@@YAXXZ",
    "?_Syserror_map@std@@YAPBDH@Z",
    "?_Winerror_map@std@@YAPBDH@Z",
    "?_Xbad_function_call@std@@YAXXZ",
    "LoadStringA",
    "?PdisNew@DIS@@SGPAV1@W4DIST@1@@Z"
  ],
  "signatures_ttp": {},
  "signatures_full": [
    {
      "name": "has_pdb",
      "description": "This executable has a PDB path",
      "severity": 1,
      "ttp": {},
      "markcount": 1,
      "marks": [
        {
          "category": "pdb_path",
          "ioc": "armasm.x86_arm.pdb",
          "type": "ioc",
          "description": null
        }
      ]
    }
  ],
  "processes": [
    {
      "name": "lsass.exe",
      "path": "C:\\Windows\\System32\\lsass.exe",
      "pid": 484,
      "cmdline": "C:\\Windows\\system32\\lsass.exe",
      "modules": [
        "lsass.exe",
        "ntdll.dll",
        "kernel32.dll",
        "KERNELBASE.dll",
        "msvcrt.dll",
        "RPCRT4.dll",
        "SspiSrv.dll",
        "lsasrv.dll",
        "sechost.dll",
        "SspiCli.dll",
        "ADVAPI32.dll",
        "USER32.dll",
        "GDI32.dll",
        "LPK.dll",
        "USP10.dll",
        "SAMSRV.dll",
        "cryptdll.dll",
        "MSASN1.dll",
        "wevtapi.dll",
        "IMM32.DLL",
        "MSCTF.dll",
        "cngaudit.dll",
        "AUTHZ.dll",
        "ncrypt.dll",
        "bcrypt.dll",
        "msprivs.DLL",
        "netjoin.dll",
        "negoexts.DLL",
        "Secur32.dll",
        "cryptbase.dll",
        "kerberos.DLL",
        "CRYPTSP.dll",
        "WS2_32.dll",
        "NSI.dll",
        "mswsock.dll",
        "wship6.dll",
        "msv1_0.DLL",
        "netlogon.DLL",
        "DNSAPI.dll",
        "logoncli.dll",
        "schannel.DLL",
        "CRYPT32.dll",
        "wdigest.DLL",
        "rsaenh.dll",
        "tspkg.DLL",
        "pku2u.DLL",
        "bcryptprimitives.dll",
        "RpcRtRemote.dll",
        "efslsaext.dll",
        "WINSTA.dll",
        "scecli.DLL",
        "credssp.dll",
        "IPHLPAPI.DLL",
        "WINNSI.DLL",
        "netutils.dll",
        "USERENV.dll",
        "profapi.dll",
        "wshtcpip.dll",
        "monitor-x64.dll"
      ]
    }
  ]
}