{
  "behavior_summary": {
    "file_created": [],
    "file_deleted": [],
    "file_read": [],
    "file_recreated": [],
    "file_exists": [],
    "file_opened": [],
    "regkey_opened": [],
    "regkey_read": [],
    "regkey_written": [],
    "dll_loaded": [],
    "executed_commands": [],
    "directory_created": [],
    "mutex": [],
    "processes_created": [],
    "resolves_host": []
  },
  "dropped_files": [],
  "api_statistics": {},
  "api_call_sequence": [],
  "network": {
    "http": [],
    "tcp": [],
    "udp": [
      {
        "src": "192.168.56.101",
        "dst": "224.0.0.252",
        "offset": 1058,
        "time": 4.023281097412109,
        "dport": 5355,
        "sport": 53526
      },
      {
        "src": "192.168.56.101",
        "dst": "224.0.0.252",
        "offset": 1378,
        "time": 3.0378761291503906,
        "dport": 5355,
        "sport": 54795
      }
    ],
    "dns": [],
    "hosts": [],
    "icmp": [],
    "smtp": []
  },
  "static_imports": [
    "MessageBoxW",
    "CharNextW",
    "GetForegroundWindow",
    "GetAncestor",
    "RealGetWindowClassW",
    "GetUserObjectInformationW",
    "OpenInputDesktop",
    "CloseDesktop",
    "SetProcessDPIAware",
    "GetSystemMetrics",
    "FindWindowW",
    "SetThreadDesktop",
    "SetWinEventHook",
    "UnhookWinEvent",
    "GetClassNameW",
    "SendInput",
    "GetWindowThreadProcessId",
    "GetKeyboardLayout",
    "MapVirtualKeyExW",
    "KillTimer",
    "WaitForInputIdle",
    "GetDlgCtrlID",
    "GetWindow",
    "GetThreadDesktop",
    "UnregisterClassA",
    "SetTimer",
    "PostMessageW",
    "PostThreadMessageW",
    "DispatchMessageW",
    "TranslateMessage",
    "GetMessageW",
    "MapVirtualKeyW",
    "CharUpperW",
    "__dllonexit",
    "_unlock",
    "_lock",
    "realloc",
    "??1type_info@@UEAA@XZ",
    "?terminate@@YAXXZ",
    "memcpy",
    "_XcptFilter",
    "_fmode",
    "_wcmdln",
    "__C_specific_handler",
    "memcmp",
    "__CxxFrameHandler3",
    "_CxxThrowException",
    "_initterm",
    "__setusermatherr",
    "_commode",
    "__wgetmainargs",
    "memset",
    "_callnewh",
    "wcsncmp",
    "vswprintf_s",
    "_vscwprintf",
    "_wtoi",
    "iswspace",
    "wcsrchr",
    "towupper",
    "_purecall",
    "calloc",
    "wcstol",
    "_wcsnicmp",
    "_vsnwprintf",
    "_beginthreadex",
    "memmove_s",
    "wcsstr",
    "_wcsicmp",
    "memcpy_s",
    "free",
    "malloc",
    "strchr",
    "wcschr",
    "qsort",
    "_itow",
    "_cexit",
    "_onexit",
    "_amsg_exit",
    "_exit",
    "exit",
    "__set_app_type",
    "_errno",
    "wcscmp",
    "NtQuerySystemInformation",
    "RtlVirtualUnwind",
    "RtlLookupFunctionEntry",
    "RtlCaptureContext",
    "WinSqmAddToStream",
    "EtwEventWrite",
    "EtwEventActivityIdControl",
    "EtwEventWriteTransfer",
    "EtwEventSetInformation",
    "EtwEventRegister",
    "EtwEventUnregister",
    "RtlPublishWnfStateData",
    "InitializeCriticalSection",
    "ReleaseSRWLockExclusive",
    "InitOnceComplete",
    "OpenEventW",
    "AcquireSRWLockExclusive",
    "Sleep",
    "DeleteCriticalSection",
    "InitOnceBeginInitialize",
    "EnterCriticalSection",
    "WaitForMultipleObjectsEx",
    "LeaveCriticalSection",
    "CreateEventW",
    "SetEvent",
    "OpenMutexW",
    "WaitForSingleObject",
    "CreateMutexW",
    "CloseHandle",
    "SetUnhandledExceptionFilter",
    "UnhandledExceptionFilter",
    "GetLastError",
    "SetLastError",
    "RaiseException",
    "GetProcAddress",
    "GetModuleHandleW",
    "LoadLibraryExW",
    "GetModuleHandleExW",
    "GetModuleFileNameW",
    "GetModuleFileNameA",
    "FreeLibrary",
    "FormatMessageW",
    "GetAclInformation",
    "DuplicateTokenEx",
    "GetSecurityDescriptorOwner",
    "IsValidSid",
    "SetSecurityDescriptorOwner",
    "AddAce",
    "SetSecurityDescriptorGroup",
    "GetSecurityDescriptorDacl",
    "SetSecurityDescriptorDacl",
    "GetSidSubAuthority",
    "InitializeAcl",
    "EqualSid",
    "GetSecurityDescriptorSacl",
    "GetSidLengthRequired",
    "InitializeSid",
    "CopySid",
    "GetSecurityDescriptorControl",
    "MakeAbsoluteSD",
    "GetSecurityDescriptorGroup",
    "InitializeSecurityDescriptor",
    "GetLengthSid",
    "GetTokenInformation",
    "TerminateProcess",
    "GetCurrentThread",
    "GetExitCodeProcess",
    "OpenProcessToken",
    "CreateProcessAsUserW",
    "CreateThread",
    "GetCurrentProcessId",
    "ProcessIdToSessionId",
    "OpenProcess",
    "GetCurrentProcess",
    "SetProcessShutdownParameters",
    "GetStartupInfoW",
    "GetCurrentThreadId",
    "OpenThreadToken",
    "OutputDebugStringA",
    "OutputDebugStringW",
    "RegOpenKeyExW",
    "RegQueryValueExW",
    "RegGetValueW",
    "RegCloseKey",
    "HeapDestroy",
    "GetProcessHeap",
    "HeapSetInformation",
    "HeapSize",
    "HeapAlloc",
    "HeapFree",
    "HeapReAlloc",
    "GetCommandLineW",
    "GetSystemTimeAsFileTime",
    "GetTickCount",
    "CompareStringW",
    "CreateFileW",
    "GetFileTime",
    "CompareFileTime",
    "K32EnumProcessModules",
    "K32GetModuleBaseNameW",
    "K32GetModuleFileNameExW",
    "VerQueryValueW",
    "GetFileVersionInfoExW",
    "GetFileVersionInfoSizeExW",
    "LoadLibraryW",
    "QueryPerformanceCounter",
    "UnregisterWait",
    "RegisterWaitForSingleObject",
    "DeleteTimerQueueTimer",
    "QueueUserWorkItem",
    "CreateTimerQueueTimer",
    "PathFileExistsW",
    "RegisterApplicationRestart",
    "UnregisterApplicationRestart",
    "LocalAlloc",
    "LocalFree",
    "DelayLoadFailureHook",
    "ResolveDelayLoadedAPI"
  ],
  "signatures_ttp": {
    "T1045": "Software Packing"
  },
  "signatures_full": [
    {
      "name": "has_pdb",
      "description": "This executable has a PDB path",
      "severity": 1,
      "ttp": {},
      "markcount": 1,
      "marks": [
        {
          "category": "pdb_path",
          "ioc": "TabTip.pdb",
          "type": "ioc",
          "description": null
        }
      ]
    },
    {
      "name": "pe_features",
      "description": "The executable contains unknown PE section names indicative of a packer (could be a false positive)",
      "severity": 1,
      "ttp": {
        "T1045": {
          "short": "Software Packing",
          "long": "Software packing is a method of compressing or encrypting an executable. Packing an executable changes the file signature in an attempt to avoid signature-based detection. Most decompression techniques decompress the executable code in memory."
        }
      },
      "markcount": 2,
      "marks": [
        {
          "category": "section",
          "ioc": ".imrsiv",
          "type": "ioc",
          "description": null
        },
        {
          "category": "section",
          "ioc": ".didat",
          "type": "ioc",
          "description": null
        }
      ]
    },
    {
      "name": "pe_unknown_resource_name",
      "description": "The file contains an unknown PE resource name possibly indicative of a packer",
      "severity": 1,
      "ttp": {
        "T1045": {
          "short": "Software Packing",
          "long": "Software packing is a method of compressing or encrypting an executable. Packing an executable changes the file signature in an attempt to avoid signature-based detection. Most decompression techniques decompress the executable code in memory."
        }
      },
      "markcount": 1,
      "marks": [
        {
          "category": "resource name",
          "ioc": "MUI",
          "type": "ioc",
          "description": null
        }
      ]
    }
  ],
  "processes": [
    {
      "name": "lsass.exe",
      "path": "C:\\Windows\\System32\\lsass.exe",
      "pid": 484,
      "cmdline": "C:\\Windows\\system32\\lsass.exe",
      "modules": [
        "lsass.exe",
        "ntdll.dll",
        "kernel32.dll",
        "KERNELBASE.dll",
        "msvcrt.dll",
        "RPCRT4.dll",
        "SspiSrv.dll",
        "lsasrv.dll",
        "sechost.dll",
        "SspiCli.dll",
        "ADVAPI32.dll",
        "USER32.dll",
        "GDI32.dll",
        "LPK.dll",
        "USP10.dll",
        "SAMSRV.dll",
        "cryptdll.dll",
        "MSASN1.dll",
        "wevtapi.dll",
        "IMM32.DLL",
        "MSCTF.dll",
        "cngaudit.dll",
        "AUTHZ.dll",
        "ncrypt.dll",
        "bcrypt.dll",
        "msprivs.DLL",
        "netjoin.dll",
        "negoexts.DLL",
        "Secur32.dll",
        "cryptbase.dll",
        "kerberos.DLL",
        "CRYPTSP.dll",
        "WS2_32.dll",
        "NSI.dll",
        "mswsock.dll",
        "wship6.dll",
        "msv1_0.DLL",
        "netlogon.DLL",
        "DNSAPI.dll",
        "logoncli.dll",
        "schannel.DLL",
        "CRYPT32.dll",
        "wdigest.DLL",
        "rsaenh.dll",
        "tspkg.DLL",
        "pku2u.DLL",
        "bcryptprimitives.dll",
        "RpcRtRemote.dll",
        "efslsaext.dll",
        "WINSTA.dll",
        "scecli.DLL",
        "credssp.dll",
        "IPHLPAPI.DLL",
        "WINNSI.DLL",
        "netutils.dll",
        "USERENV.dll",
        "profapi.dll",
        "wshtcpip.dll",
        "monitor-x64.dll"
      ]
    }
  ]
}