{
  "behavior_summary": {
    "file_created": [],
    "file_deleted": [],
    "file_read": [],
    "file_recreated": [],
    "file_exists": [],
    "file_opened": [],
    "regkey_opened": [],
    "regkey_read": [
      "HKEY_LOCAL_MACHINE\\SOFTWARE\\Microsoft\\Windows NT\\CurrentVersion\\GRE_Initialize\\DisableMetaFiles"
    ],
    "regkey_written": [],
    "dll_loaded": [],
    "executed_commands": [],
    "directory_created": [],
    "mutex": [],
    "processes_created": [],
    "resolves_host": []
  },
  "dropped_files": [],
  "api_statistics": {
    "2252": {
      "NtQueryValueKey": 1,
      "LdrUnloadDll": 1,
      "NtAllocateVirtualMemory": 6,
      "WriteConsoleA": 3,
      "NtOpenKey": 1,
      "LdrGetProcedureAddress": 1,
      "NtCreateFile": 1,
      "GetFileType": 3,
      "GetSystemTimeAsFileTime": 2,
      "NtTerminateProcess": 3,
      "LdrGetDllHandle": 1,
      "NtClose": 5
    }
  },
  "api_call_sequence": [
    {
      "time": 1746153700.281125,
      "api": "NtAllocateVirtualMemory",
      "pid": 2252,
      "arguments": {
        "process_identifier": 2252,
        "region_size": 65536,
        "stack_dep_bypass": 0,
        "stack_pivoted": 0,
        "heap_dep_bypass": 0,
        "protection": 4,
        "process_handle": "0xffffffff",
        "allocation_type": 8192,
        "base_address": "0x003b0000"
      },
      "category": "process"
    },
    {
      "time": 1746153700.281125,
      "api": "NtAllocateVirtualMemory",
      "pid": 2252,
      "arguments": {
        "process_identifier": 2252,
        "region_size": 4096,
        "stack_dep_bypass": 0,
        "stack_pivoted": 0,
        "heap_dep_bypass": 0,
        "protection": 4,
        "process_handle": "0xffffffff",
        "allocation_type": 4096,
        "base_address": "0x003b0000"
      },
      "category": "process"
    },
    {
      "time": 1746153700.281125,
      "api": "NtAllocateVirtualMemory",
      "pid": 2252,
      "arguments": {
        "process_identifier": 2252,
        "region_size": 20480,
        "stack_dep_bypass": 0,
        "stack_pivoted": 0,
        "heap_dep_bypass": 0,
        "protection": 4,
        "process_handle": "0xffffffff",
        "allocation_type": 4096,
        "base_address": "0x003b1000"
      },
      "category": "process"
    },
    {
      "time": 1746153700.281125,
      "api": "NtAllocateVirtualMemory",
      "pid": 2252,
      "arguments": {
        "process_identifier": 2252,
        "region_size": 1048576,
        "stack_dep_bypass": 0,
        "stack_pivoted": 0,
        "heap_dep_bypass": 0,
        "protection": 4,
        "process_handle": "0xffffffff",
        "allocation_type": 8192,
        "base_address": "0x01d30000"
      },
      "category": "process"
    },
    {
      "time": 1746153700.281125,
      "api": "NtAllocateVirtualMemory",
      "pid": 2252,
      "arguments": {
        "process_identifier": 2252,
        "region_size": 32768,
        "stack_dep_bypass": 0,
        "stack_pivoted": 0,
        "heap_dep_bypass": 0,
        "protection": 4,
        "process_handle": "0xffffffff",
        "allocation_type": 4096,
        "base_address": "0x01d30000"
      },
      "category": "process"
    },
    {
      "time": 1746153700.281125,
      "api": "GetFileType",
      "pid": 2252,
      "arguments": {
        "file_handle": "0x00000003"
      },
      "category": "file"
    },
    {
      "time": 1746153700.281125,
      "api": "GetFileType",
      "pid": 2252,
      "arguments": {
        "file_handle": "0x00000007"
      },
      "category": "file"
    },
    {
      "time": 1746153700.281125,
      "api": "GetFileType",
      "pid": 2252,
      "arguments": {
        "file_handle": "0x0000000b"
      },
      "category": "file"
    },
    {
      "time": 1746153700.281125,
      "api": "LdrGetDllHandle",
      "pid": 2252,
      "arguments": {
        "module_name": "KERNEL32",
        "stack_pivoted": 0,
        "module_address": "0x77820000"
      },
      "category": "system"
    },
    {
      "time": 1746153700.281125,
      "api": "LdrGetProcedureAddress",
      "pid": 2252,
      "arguments": {
        "ordinal": 0,
        "module": "kernel32",
        "module_address": "0x77820000",
        "function_address": "0x77835235",
        "function_name": "IsProcessorFeaturePresent"
      },
      "category": "system"
    },
    {
      "time": 1746153700.281125,
      "api": "GetSystemTimeAsFileTime",
      "pid": 2252,
      "arguments": {},
      "category": "synchronisation"
    },
    {
      "time": 1746153700.281125,
      "api": "GetSystemTimeAsFileTime",
      "pid": 2252,
      "arguments": {},
      "category": "synchronisation"
    },
    {
      "time": 1746153700.281125,
      "api": "NtCreateFile",
      "pid": 2252,
      "arguments": {
        "create_disposition": 1,
        "file_handle": "0x00000000",
        "filepath": "C:\\Users\\Administrator\\AppData\\Local\\Temp\\makefile",
        "desired_access": "0x80100080",
        "file_attributes": 128,
        "filepath_r": "makefile",
        "create_options": 96,
        "status_info": 4294967295,
        "share_access": 3
      },
      "category": "file"
    },
    {
      "time": 1746153700.281125,
      "api": "NtAllocateVirtualMemory",
      "pid": 2252,
      "arguments": {
        "process_identifier": 2252,
        "region_size": 8192,
        "stack_dep_bypass": 0,
        "stack_pivoted": 0,
        "heap_dep_bypass": 0,
        "protection": 4,
        "process_handle": "0xffffffff",
        "allocation_type": 4096,
        "base_address": "0x003b6000"
      },
      "category": "process"
    },
    {
      "time": 1746153700.281125,
      "api": "WriteConsoleA",
      "pid": 2252,
      "arguments": {
        "buffer": "C:\\Users\\Administrator\\AppData\\Local\\Temp\\1427a1fbdc06e9942fccb80431261c4d145a53978f4c466a1ad6373b828a863a.exe: ",
        "console_handle": "0x00000007"
      },
      "category": "misc"
    },
    {
      "time": 1746153700.281125,
      "api": "WriteConsoleA",
      "pid": 2252,
      "arguments": {
        "buffer": "Can't open makefile",
        "console_handle": "0x00000007"
      },
      "category": "misc"
    },
    {
      "time": 1746153700.281125,
      "api": "WriteConsoleA",
      "pid": 2252,
      "arguments": {
        "buffer": "\r\n",
        "console_handle": "0x00000007"
      },
      "category": "misc"
    },
    {
      "time": 1746153700.281125,
      "api": "NtTerminateProcess",
      "pid": 2252,
      "arguments": {
        "status_code": "0x00000001",
        "process_identifier": 0,
        "process_handle": "0x00000000"
      },
      "category": "process"
    },
    {
      "time": 1746153700.281125,
      "api": "NtTerminateProcess",
      "pid": 2252,
      "arguments": {
        "status_code": "0x00000001",
        "process_identifier": 0,
        "process_handle": "0x00000000"
      },
      "category": "process"
    },
    {
      "time": 1746153700.281125,
      "api": "NtClose",
      "pid": 2252,
      "arguments": {
        "handle": "0x00000048"
      },
      "category": "system"
    },
    {
      "time": 1746153700.281125,
      "api": "LdrUnloadDll",
      "pid": 2252,
      "arguments": {
        "library": "IMM32",
        "module_address": "0x77030000"
      },
      "category": "system"
    },
    {
      "time": 1746153700.281125,
      "api": "NtOpenKey",
      "pid": 2252,
      "arguments": {
        "key_handle": "0x00000048",
        "desired_access": "0x00020019",
        "regkey": "HKEY_LOCAL_MACHINE\\Software\\Microsoft\\Windows NT\\CurrentVersion\\GRE_Initialize"
      },
      "category": "registry"
    },
    {
      "time": 1746153700.281125,
      "api": "NtQueryValueKey",
      "pid": 2252,
      "arguments": {
        "key_handle": "0x00000048",
        "key_name": "",
        "value": "",
        "reg_type": 0,
        "information_class": 2,
        "regkey": "HKEY_LOCAL_MACHINE\\SOFTWARE\\Microsoft\\Windows NT\\CurrentVersion\\GRE_Initialize\\DisableMetaFiles"
      },
      "category": "registry"
    },
    {
      "time": 1746153700.281125,
      "api": "NtClose",
      "pid": 2252,
      "arguments": {
        "handle": "0x00000048"
      },
      "category": "system"
    },
    {
      "time": 1746153700.281125,
      "api": "NtClose",
      "pid": 2252,
      "arguments": {
        "handle": "0x0000003c"
      },
      "category": "system"
    },
    {
      "time": 1746153700.281125,
      "api": "NtClose",
      "pid": 2252,
      "arguments": {
        "handle": "0x00000034"
      },
      "category": "system"
    },
    {
      "time": 1746153700.281125,
      "api": "NtClose",
      "pid": 2252,
      "arguments": {
        "handle": "0x00000038"
      },
      "category": "system"
    },
    {
      "time": 1746153700.281125,
      "api": "NtTerminateProcess",
      "pid": 2252,
      "arguments": {
        "status_code": "0x00000001",
        "process_identifier": 2252,
        "process_handle": "0xffffffff"
      },
      "category": "process"
    }
  ],
  "network": {
    "http": [
      {
        "count": 1,
        "body": "",
        "uri": "http://www.msftncsi.com/ncsi.txt",
        "user-agent": "Microsoft NCSI",
        "method": "GET",
        "host": "www.msftncsi.com",
        "version": "1.1",
        "path": "/ncsi.txt",
        "data": "GET /ncsi.txt HTTP/1.1\r\nConnection: Close\r\nUser-Agent: Microsoft NCSI\r\nHost: www.msftncsi.com\r\n\r\n",
        "port": 80
      }
    ],
    "tcp": [
      {
        "src": "192.168.56.101",
        "dst": "113.171.230.17",
        "offset": 1294,
        "time": 2.81359601020813,
        "dport": 80,
        "sport": 49162
      }
    ],
    "udp": [
      {
        "src": "192.168.56.101",
        "dst": "192.168.56.255",
        "offset": 1990,
        "time": 3.0790441036224365,
        "dport": 137,
        "sport": 137
      },
      {
        "src": "192.168.56.101",
        "dst": "224.0.0.252",
        "offset": 3662,
        "time": 1.589177131652832,
        "dport": 5355,
        "sport": 50233
      },
      {
        "src": "192.168.56.101",
        "dst": "224.0.0.252",
        "offset": 3990,
        "time": 1.0727810859680176,
        "dport": 5355,
        "sport": 53526
      },
      {
        "src": "192.168.56.101",
        "dst": "224.0.0.252",
        "offset": 4310,
        "time": 2.432745933532715,
        "dport": 5355,
        "sport": 54506
      },
      {
        "src": "192.168.56.101",
        "dst": "224.0.0.252",
        "offset": 4630,
        "time": 0.04414796829223633,
        "dport": 5355,
        "sport": 54795
      },
      {
        "src": "192.168.56.101",
        "dst": "224.0.0.252",
        "offset": 4958,
        "time": 3.011522054672241,
        "dport": 5355,
        "sport": 60897
      },
      {
        "src": "192.168.56.101",
        "dst": "224.0.0.252",
        "offset": 5278,
        "time": 3.011552095413208,
        "dport": 5355,
        "sport": 65068
      },
      {
        "src": "192.168.56.101",
        "dst": "8.8.8.8",
        "offset": 5606,
        "time": 2.029207944869995,
        "dport": 53,
        "sport": 51755
      },
      {
        "src": "192.168.56.101",
        "dst": "8.8.8.8",
        "offset": 5806,
        "time": 2.0589680671691895,
        "dport": 53,
        "sport": 52790
      },
      {
        "src": "192.168.56.101",
        "dst": "8.8.8.8",
        "offset": 6018,
        "time": 2.7569360733032227,
        "dport": 53,
        "sport": 58224
      },
      {
        "src": "192.168.56.101",
        "dst": "8.8.8.8",
        "offset": 6292,
        "time": 3.011960029602051,
        "dport": 53,
        "sport": 58709
      }
    ],
    "dns": [
      {
        "type": "A",
        "request": "www.msftncsi.com",
        "answers": [
          {
            "data": "113.171.230.17",
            "type": "A"
          },
          {
            "data": "www.msftncsi.com.edgesuite.net",
            "type": "CNAME"
          },
          {
            "data": "a1961.g2.akamai.net",
            "type": "CNAME"
          }
        ]
      },
      {
        "type": "AAAA",
        "request": "dns.msftncsi.com",
        "answers": [
          {
            "data": "fd3e:4f5a:5b81::1",
            "type": "AAAA"
          }
        ]
      },
      {
        "type": "A",
        "request": "dns.msftncsi.com",
        "answers": [
          {
            "data": "131.107.255.255",
            "type": "A"
          }
        ]
      },
      {
        "type": "A",
        "request": "teredo.ipv6.microsoft.com",
        "answers": []
      }
    ],
    "hosts": [
      "113.171.230.17",
      "8.8.8.8"
    ],
    "icmp": [],
    "smtp": []
  },
  "static_imports": [
    "VirtualFree",
    "GetSystemTime",
    "GetExitCodeProcess",
    "WaitForSingleObject",
    "CreateProcessA",
    "FileTimeToSystemTime",
    "CloseHandle",
    "GetFileTime",
    "GetLastError",
    "CreateFileA",
    "SetFileTime",
    "SystemTimeToFileTime",
    "MapViewOfFile",
    "CreateFileMappingA",
    "UnmapViewOfFile",
    "GetModuleHandleA",
    "GetFileAttributesA",
    "SetEnvironmentVariableA",
    "HeapAlloc",
    "HeapFree",
    "GetSystemTimeAsFileTime",
    "ExitProcess",
    "TerminateProcess",
    "GetCurrentProcess",
    "GetCommandLineA",
    "GetVersion",
    "SetHandleCount",
    "GetStdHandle",
    "GetFileType",
    "GetStartupInfoA",
    "HeapDestroy",
    "HeapCreate",
    "SetConsoleCtrlHandler",
    "VirtualAlloc",
    "HeapReAlloc",
    "MultiByteToWideChar",
    "GetStringTypeA",
    "GetStringTypeW",
    "GetProcAddress",
    "CompareStringW",
    "DeleteFileA",
    "SetFilePointer",
    "WriteFile",
    "UnhandledExceptionFilter",
    "GetModuleFileNameA",
    "FreeEnvironmentStringsA",
    "FreeEnvironmentStringsW",
    "WideCharToMultiByte",
    "GetEnvironmentStrings",
    "GetEnvironmentStringsW",
    "RtlUnwind",
    "FlushFileBuffers",
    "SetStdHandle",
    "ReadFile",
    "GetCPInfo",
    "GetACP",
    "GetOEMCP",
    "LoadLibraryA",
    "SetEndOfFile",
    "LCMapStringA",
    "LCMapStringW",
    "CompareStringA",
    "SendMessageA",
    "FindWindowA"
  ],
  "signatures_ttp": {
    "T1045": "Software Packing"
  },
  "signatures_full": [
    {
      "name": "console_output",
      "description": "Command line console output was observed",
      "severity": 1,
      "ttp": {},
      "markcount": 2,
      "marks": [
        {
          "call": {
            "category": "misc",
            "status": 1,
            "stacktrace": [],
            "api": "WriteConsoleA",
            "return_value": 1,
            "arguments": {
              "buffer": "C:\\Users\\Administrator\\AppData\\Local\\Temp\\1427a1fbdc06e9942fccb80431261c4d145a53978f4c466a1ad6373b828a863a.exe: ",
              "console_handle": "0x00000007"
            },
            "time": 1746153700.281125,
            "tid": 2256,
            "flags": {}
          },
          "pid": 2252,
          "type": "call",
          "cid": 14
        },
        {
          "call": {
            "category": "misc",
            "status": 1,
            "stacktrace": [],
            "api": "WriteConsoleA",
            "return_value": 1,
            "arguments": {
              "buffer": "Can't open makefile",
              "console_handle": "0x00000007"
            },
            "time": 1746153700.281125,
            "tid": 2256,
            "flags": {}
          },
          "pid": 2252,
          "type": "call",
          "cid": 15
        }
      ]
    },
    {
      "name": "peid_packer",
      "description": "The executable uses a known packer",
      "severity": 1,
      "ttp": {
        "T1045": {
          "short": "Software Packing",
          "long": "Software packing is a method of compressing or encrypting an executable. Packing an executable changes the file signature in an attempt to avoid signature-based detection. Most decompression techniques decompress the executable code in memory."
        }
      },
      "markcount": 1,
      "marks": [
        {
          "category": "packer",
          "ioc": "Armadillo v1.71",
          "type": "ioc",
          "description": null
        }
      ]
    }
  ],
  "processes": [
    {
      "name": "lsass.exe",
      "path": "C:\\Windows\\System32\\lsass.exe",
      "pid": 484,
      "cmdline": "C:\\Windows\\system32\\lsass.exe",
      "modules": [
        "lsass.exe",
        "ntdll.dll",
        "kernel32.dll",
        "KERNELBASE.dll",
        "msvcrt.dll",
        "RPCRT4.dll",
        "SspiSrv.dll",
        "lsasrv.dll",
        "sechost.dll",
        "SspiCli.dll",
        "ADVAPI32.dll",
        "USER32.dll",
        "GDI32.dll",
        "LPK.dll",
        "USP10.dll",
        "SAMSRV.dll",
        "cryptdll.dll",
        "MSASN1.dll",
        "wevtapi.dll",
        "IMM32.DLL",
        "MSCTF.dll",
        "cngaudit.dll",
        "AUTHZ.dll",
        "ncrypt.dll",
        "bcrypt.dll",
        "msprivs.DLL",
        "netjoin.dll",
        "negoexts.DLL",
        "Secur32.dll",
        "cryptbase.dll",
        "kerberos.DLL",
        "CRYPTSP.dll",
        "WS2_32.dll",
        "NSI.dll",
        "mswsock.dll",
        "wship6.dll",
        "msv1_0.DLL",
        "netlogon.DLL",
        "DNSAPI.dll",
        "logoncli.dll",
        "schannel.DLL",
        "CRYPT32.dll",
        "wdigest.DLL",
        "rsaenh.dll",
        "tspkg.DLL",
        "pku2u.DLL",
        "bcryptprimitives.dll",
        "RpcRtRemote.dll",
        "efslsaext.dll",
        "WINSTA.dll",
        "scecli.DLL",
        "credssp.dll",
        "IPHLPAPI.DLL",
        "WINNSI.DLL",
        "netutils.dll",
        "USERENV.dll",
        "profapi.dll",
        "wshtcpip.dll",
        "monitor-x64.dll"
      ]
    },
    {
      "name": "1427a1fbdc06e9942fccb80431261c4d145a53978f4c466a1ad6373b828a863a.exe",
      "path": "C:\\Users\\Administrator\\AppData\\Local\\Temp\\1427a1fbdc06e9942fccb80431261c4d145a53978f4c466a1ad6373b828a863a.exe",
      "pid": 2252,
      "cmdline": "\"C:\\Users\\Administrator\\AppData\\Local\\Temp\\1427a1fbdc06e9942fccb80431261c4d145a53978f4c466a1ad6373b828a863a.exe\" ",
      "modules": [
        "1427a1fbdc06e9942fccb80431261c4d145a53978f4c466a1ad6373b828a863a.exe",
        "ntdll.dll",
        "kernel32.dll",
        "KERNELBASE.dll",
        "USER32.dll",
        "GDI32.dll",
        "LPK.dll",
        "USP10.dll",
        "msvcrt.dll",
        "ADVAPI32.dll",
        "sechost.dll",
        "RPCRT4.dll",
        "SspiCli.dll",
        "CRYPTBASE.dll",
        "IMM32.DLL",
        "MSCTF.dll",
        "monitor-x86.dll"
      ]
    }
  ]
}