{
  "behavior_summary": {
    "file_created": [],
    "file_deleted": [],
    "file_read": [],
    "file_recreated": [],
    "file_exists": [],
    "file_opened": [],
    "regkey_opened": [],
    "regkey_read": [],
    "regkey_written": [],
    "dll_loaded": [],
    "executed_commands": [],
    "directory_created": [],
    "mutex": [],
    "processes_created": [],
    "resolves_host": []
  },
  "dropped_files": [],
  "api_statistics": {},
  "api_call_sequence": [],
  "network": {
    "http": [],
    "tcp": [],
    "udp": [
      {
        "src": "192.168.56.101",
        "dst": "224.0.0.252",
        "offset": 1174,
        "time": 1.0735599994659424,
        "dport": 5355,
        "sport": 50233
      },
      {
        "src": "192.168.56.101",
        "dst": "224.0.0.252",
        "offset": 1494,
        "time": 1.5848751068115234,
        "dport": 5355,
        "sport": 52790
      },
      {
        "src": "192.168.56.101",
        "dst": "224.0.0.252",
        "offset": 1822,
        "time": 0.05925107002258301,
        "dport": 5355,
        "sport": 53526
      },
      {
        "src": "192.168.56.101",
        "dst": "8.8.8.8",
        "offset": 2150,
        "time": 2.097806930541992,
        "dport": 53,
        "sport": 54506
      },
      {
        "src": "192.168.56.101",
        "dst": "8.8.8.8",
        "offset": 2362,
        "time": 2.068284034729004,
        "dport": 53,
        "sport": 55116
      }
    ],
    "dns": [
      {
        "type": "A",
        "request": "dns.msftncsi.com",
        "answers": [
          {
            "data": "131.107.255.255",
            "type": "A"
          }
        ]
      },
      {
        "type": "AAAA",
        "request": "dns.msftncsi.com",
        "answers": [
          {
            "data": "fd3e:4f5a:5b81::1",
            "type": "AAAA"
          }
        ]
      }
    ],
    "hosts": [
      "8.8.8.8"
    ],
    "icmp": [],
    "smtp": []
  },
  "static_imports": [
    "wcsnlen",
    "_initterm",
    "__setusermatherr",
    "_cexit",
    "_exit",
    "__C_specific_handler",
    "__set_app_type",
    "__wgetmainargs",
    "_amsg_exit",
    "memset",
    "memcpy",
    "_CxxThrowException",
    "_fmode",
    "_commode",
    "?terminate@@YAXXZ",
    "exit",
    "__iob_func",
    "sprintf_s",
    "strchr",
    "isxdigit",
    "memmove",
    "strcat_s",
    "wcschr",
    "iswxdigit",
    "iswalnum",
    "_vsnwprintf_s",
    "_vscwprintf",
    "??1type_info@@UEAA@XZ",
    "_XcptFilter",
    "_callnewh",
    "malloc",
    "free",
    "fclose",
    "fread",
    "fwrite",
    "ferror",
    "feof",
    "wcsstr",
    "_wcsupr",
    "clock",
    "swprintf_s",
    "_wsetlocale",
    "fwprintf",
    "_vsnwprintf",
    "strnlen",
    "_stricmp",
    "_wcsicmp",
    "wcscmp",
    "GetSystemTimeAsFileTime",
    "IsDBCSLeadByteEx",
    "GetSystemDefaultLangID",
    "ExpandEnvironmentStringsW",
    "MultiByteToWideChar",
    "HeapFree",
    "HeapAlloc",
    "GetProcessHeap",
    "HeapReAlloc",
    "GetModuleHandleA",
    "FormatMessageA",
    "WideCharToMultiByte",
    "OutputDebugStringA",
    "CloseHandle",
    "ReleaseSemaphore",
    "WaitForSingleObject",
    "CreateSemaphoreExW",
    "DebugBreak",
    "GetSystemInfo",
    "InitializeCriticalSectionAndSpinCount",
    "TerminateProcess",
    "GetCurrentProcess",
    "UnhandledExceptionFilter",
    "RtlVirtualUnwind",
    "RtlLookupFunctionEntry",
    "RtlCaptureContext",
    "GetTickCount",
    "GetCurrentProcessId",
    "QueryPerformanceCounter",
    "GetModuleHandleW",
    "SetUnhandledExceptionFilter",
    "Sleep",
    "DecodePointer",
    "FreeLibrary",
    "GetProcAddress",
    "EncodePointer",
    "SetLastError",
    "EnterCriticalSection",
    "LeaveCriticalSection",
    "InitializeCriticalSection",
    "GetCurrentThreadId",
    "GetLastError",
    "DeleteCriticalSection",
    "FormatMessageW",
    "LocalFree",
    "GetConsoleOutputCP",
    "SetThreadUILanguage",
    "HeapSetInformation",
    "LoadLibraryW",
    "GetModuleHandleExW",
    "CoUninitialize",
    "CoInitializeEx",
    "CoCreateInstance",
    "VariantInit",
    "SysFreeString",
    "VariantClear",
    "SysAllocString",
    "CreateCommandProcessor",
    "LoadStringA"
  ],
  "signatures_ttp": {
    "T1045": "Software Packing"
  },
  "signatures_full": [
    {
      "name": "has_pdb",
      "description": "This executable has a PDB path",
      "severity": 1,
      "ttp": {},
      "markcount": 1,
      "marks": [
        {
          "category": "pdb_path",
          "ioc": "appcmd.pdb",
          "type": "ioc",
          "description": null
        }
      ]
    },
    {
      "name": "pe_unknown_resource_name",
      "description": "The file contains an unknown PE resource name possibly indicative of a packer",
      "severity": 1,
      "ttp": {
        "T1045": {
          "short": "Software Packing",
          "long": "Software packing is a method of compressing or encrypting an executable. Packing an executable changes the file signature in an attempt to avoid signature-based detection. Most decompression techniques decompress the executable code in memory."
        }
      },
      "markcount": 1,
      "marks": [
        {
          "category": "resource name",
          "ioc": "MUI",
          "type": "ioc",
          "description": null
        }
      ]
    }
  ],
  "processes": [
    {
      "name": "lsass.exe",
      "path": "C:\\Windows\\System32\\lsass.exe",
      "pid": 484,
      "cmdline": "C:\\Windows\\system32\\lsass.exe",
      "modules": [
        "lsass.exe",
        "ntdll.dll",
        "kernel32.dll",
        "KERNELBASE.dll",
        "msvcrt.dll",
        "RPCRT4.dll",
        "SspiSrv.dll",
        "lsasrv.dll",
        "sechost.dll",
        "SspiCli.dll",
        "ADVAPI32.dll",
        "USER32.dll",
        "GDI32.dll",
        "LPK.dll",
        "USP10.dll",
        "SAMSRV.dll",
        "cryptdll.dll",
        "MSASN1.dll",
        "wevtapi.dll",
        "IMM32.DLL",
        "MSCTF.dll",
        "cngaudit.dll",
        "AUTHZ.dll",
        "ncrypt.dll",
        "bcrypt.dll",
        "msprivs.DLL",
        "netjoin.dll",
        "negoexts.DLL",
        "Secur32.dll",
        "cryptbase.dll",
        "kerberos.DLL",
        "CRYPTSP.dll",
        "WS2_32.dll",
        "NSI.dll",
        "mswsock.dll",
        "wship6.dll",
        "msv1_0.DLL",
        "netlogon.DLL",
        "DNSAPI.dll",
        "logoncli.dll",
        "schannel.DLL",
        "CRYPT32.dll",
        "wdigest.DLL",
        "rsaenh.dll",
        "tspkg.DLL",
        "pku2u.DLL",
        "bcryptprimitives.dll",
        "RpcRtRemote.dll",
        "efslsaext.dll",
        "WINSTA.dll",
        "scecli.DLL",
        "credssp.dll",
        "IPHLPAPI.DLL",
        "WINNSI.DLL",
        "netutils.dll",
        "USERENV.dll",
        "profapi.dll",
        "wshtcpip.dll",
        "monitor-x64.dll"
      ]
    }
  ]
}