{
  "behavior_summary": {
    "file_created": [],
    "file_deleted": [],
    "file_read": [
      "C:\\Users\\Administrator\\AppData\\Local\\Temp\\1629630cf717f6abe87bd15813ff693441ea6ea32785c08eb88fe82c9e05f45f.exe"
    ],
    "file_recreated": [],
    "file_exists": [],
    "file_opened": [
      "C:\\Users\\Administrator\\AppData\\Local\\Temp\\1629630cf717f6abe87bd15813ff693441ea6ea32785c08eb88fe82c9e05f45f.exe"
    ],
    "regkey_opened": [],
    "regkey_read": [
      "HKEY_LOCAL_MACHINE\\SOFTWARE\\Microsoft\\Windows NT\\CurrentVersion\\GRE_Initialize\\DisableMetaFiles"
    ],
    "regkey_written": [],
    "dll_loaded": [],
    "executed_commands": [],
    "directory_created": [],
    "mutex": [],
    "processes_created": [],
    "resolves_host": []
  },
  "dropped_files": [],
  "api_statistics": {
    "2316": {
      "NtQueryValueKey": 1,
      "LdrUnloadDll": 1,
      "GetSystemTimeAsFileTime": 1,
      "NtReadFile": 3,
      "NtOpenKey": 1,
      "SetFilePointer": 4,
      "SetUnhandledExceptionFilter": 1,
      "NtCreateFile": 1,
      "GetFileType": 4,
      "NtAllocateVirtualMemory": 7,
      "NtClose": 4,
      "NtTerminateProcess": 3,
      "NtFreeVirtualMemory": 1
    }
  },
  "api_call_sequence": [
    {
      "time": 1746153387.753021,
      "api": "GetSystemTimeAsFileTime",
      "pid": 2316,
      "arguments": {},
      "category": "synchronisation"
    },
    {
      "time": 1746153387.753021,
      "api": "NtAllocateVirtualMemory",
      "pid": 2316,
      "arguments": {
        "process_identifier": 2316,
        "region_size": 1310720,
        "stack_dep_bypass": 0,
        "stack_pivoted": 0,
        "heap_dep_bypass": 0,
        "protection": 4,
        "process_handle": "0xffffffffffffffff",
        "allocation_type": 8192,
        "base_address": "0x0000000000730000"
      },
      "category": "process"
    },
    {
      "time": 1746153387.753021,
      "api": "NtFreeVirtualMemory",
      "pid": 2316,
      "arguments": {
        "free_type": 32768,
        "process_identifier": 2316,
        "process_handle": "0xffffffffffffffff",
        "base_address": "0x0000000000730000",
        "size": 1245184
      },
      "category": "process"
    },
    {
      "time": 1746153387.753021,
      "api": "NtAllocateVirtualMemory",
      "pid": 2316,
      "arguments": {
        "process_identifier": 2316,
        "region_size": 8192,
        "stack_dep_bypass": 0,
        "stack_pivoted": 0,
        "heap_dep_bypass": 0,
        "protection": 4,
        "process_handle": "0xffffffffffffffff",
        "allocation_type": 4096,
        "base_address": "0x0000000000860000"
      },
      "category": "process"
    },
    {
      "time": 1746153387.753021,
      "api": "NtAllocateVirtualMemory",
      "pid": 2316,
      "arguments": {
        "process_identifier": 2316,
        "region_size": 4096,
        "stack_dep_bypass": 0,
        "stack_pivoted": 0,
        "heap_dep_bypass": 0,
        "protection": 4,
        "process_handle": "0xffffffffffffffff",
        "allocation_type": 4096,
        "base_address": "0x0000000000862000"
      },
      "category": "process"
    },
    {
      "time": 1746153387.753021,
      "api": "GetFileType",
      "pid": 2316,
      "arguments": {
        "file_handle": "0x0000000000000003"
      },
      "category": "file"
    },
    {
      "time": 1746153387.753021,
      "api": "GetFileType",
      "pid": 2316,
      "arguments": {
        "file_handle": "0x0000000000000007"
      },
      "category": "file"
    },
    {
      "time": 1746153387.753021,
      "api": "GetFileType",
      "pid": 2316,
      "arguments": {
        "file_handle": "0x000000000000000b"
      },
      "category": "file"
    },
    {
      "time": 1746153387.753021,
      "api": "NtAllocateVirtualMemory",
      "pid": 2316,
      "arguments": {
        "process_identifier": 2316,
        "region_size": 4096,
        "stack_dep_bypass": 0,
        "stack_pivoted": 0,
        "heap_dep_bypass": 0,
        "protection": 4,
        "process_handle": "0xffffffffffffffff",
        "allocation_type": 4096,
        "base_address": "0x0000000000863000"
      },
      "category": "process"
    },
    {
      "time": 1746153387.753021,
      "api": "NtAllocateVirtualMemory",
      "pid": 2316,
      "arguments": {
        "process_identifier": 2316,
        "region_size": 8192,
        "stack_dep_bypass": 0,
        "stack_pivoted": 0,
        "heap_dep_bypass": 0,
        "protection": 4,
        "process_handle": "0xffffffffffffffff",
        "allocation_type": 4096,
        "base_address": "0x0000000000864000"
      },
      "category": "process"
    },
    {
      "time": 1746153387.753021,
      "api": "SetUnhandledExceptionFilter",
      "pid": 2316,
      "arguments": {},
      "category": "exception"
    },
    {
      "time": 1746153387.753021,
      "api": "NtCreateFile",
      "pid": 2316,
      "arguments": {
        "create_disposition": 1,
        "file_handle": "0x0000000000000050",
        "filepath": "C:\\Users\\Administrator\\AppData\\Local\\Temp\\1629630cf717f6abe87bd15813ff693441ea6ea32785c08eb88fe82c9e05f45f.exe",
        "desired_access": "0x80100080",
        "file_attributes": 128,
        "filepath_r": "\\??\\C:\\Users\\Administrator\\AppData\\Local\\Temp\\1629630cf717f6abe87bd15813ff693441ea6ea32785c08eb88fe82c9e05f45f.exe",
        "create_options": 96,
        "status_info": 1,
        "share_access": 1
      },
      "category": "file"
    },
    {
      "time": 1746153387.753021,
      "api": "GetFileType",
      "pid": 2316,
      "arguments": {
        "file_handle": "0x0000000000000050"
      },
      "category": "file"
    },
    {
      "time": 1746153387.753021,
      "api": "SetFilePointer",
      "pid": 2316,
      "arguments": {
        "file_handle": "0x0000000000000050",
        "move_method": 2,
        "offset": 0
      },
      "category": "file"
    },
    {
      "time": 1746153387.753021,
      "api": "SetFilePointer",
      "pid": 2316,
      "arguments": {
        "file_handle": "0x0000000000000050",
        "move_method": 1,
        "offset": 0
      },
      "category": "file"
    },
    {
      "time": 1746153387.753021,
      "api": "SetFilePointer",
      "pid": 2316,
      "arguments": {
        "file_handle": "0x0000000000000050",
        "move_method": 0,
        "offset": 97532
      },
      "category": "file"
    },
    {
      "time": 1746153387.753021,
      "api": "NtReadFile",
      "pid": 2316,
      "arguments": {
        "file_handle": "0x0000000000000050",
        "buffer": "\u0000\u0000\u0000\u0000\u0000\u0000\u0000\u0000\u0000\u0000\u0000\u0000\u0000\u0000\u0000\u0000\u0000\u0000\u0000\u0000\u0000\u0000\u0000\u0000\u0000\u0000\u0000\u0000\u0000\u0000\u0000\u0000\u0000\u0000\u0000\u0000\u0000\u0000\u0000\u0000\u0000\u0000\u0000\u0000\u0000\u0000\u0000\u0000\u0000\u0000\u0000\u0000\u0000\u0000\u0000\u0000\u0000\u0000\u0000\u0000\u0000\u0000\u0000\u0000\u0000\u0000\u0000\u0000\u0000\u0000\u0000\u0000\u0000\u0000\u0000\u0000\u0000\u0000\u0000\u0000\u0000\u0000\u0000\u0000\u0000\u0000\u0000\u0000\u0000\u0000\u0000\u0000\u0000\u0000\u0000\u0000\u0000\u0000\u0000\u0000\u0000\u0000\u0000\u0000\u0000\u0000\u0000\u0000\u0000\u0000\u0000\u0000\u0000\u0000\u0000\u0000\u0000\u0000\u0000\u0000\u0000\u0000\u0000\u0000\u0000\u0000\u0000\u0000\u0000\u0000\u0000\u0000\u0000\u0000\u0000\u0000\u0000\u0000\u0000\u0000\u0000\u0000\u0000\u0000\u0000\u0000\u0000\u0000\u0000\u0000\u0000\u0000\u0000\u0000\u0000\u0000\u0000\u0000\u0000\u0000\u0000\u0000\u0000\u0000\u0000\u0000\u0000\u0000\u0000\u0000\u0000\u0000\u0000\u0000\u0000\u0000\u0000\u0000\u0000\u0000\u0000\u0000\u0000\u0000\u0000\u0000\u0000\u0000\u0000\u0000\u0000\u0000\u0000\u0000\u0000\u0000\u0000\u0000\u0000\u0000\u0000\u0000\u0000\u0000\u0000\u0000\u0000\u0000\u0000\u0000\u0000\u0000\u0000\u0000\u0000\u0000\u0000\u0000\u0000\u0000\u0000\u0000\u0000\u0000\u0000\u0000\u0000\u0000\u0000\u0000\u0000\u0000\u0000\u0000\u0000\u0000\u0000\u0000\u0000\u0000\u0000\u0000\u0000\u0000\u0000\u0000\u0000\u0000\u0000\u0000\u0000\u0000\u0000\u0000\u0000\u0000\u0000\u0000\u0000\u0000",
        "length": 4096,
        "offset": 0
      },
      "category": "file"
    },
    {
      "time": 1746153387.753021,
      "api": "NtAllocateVirtualMemory",
      "pid": 2316,
      "arguments": {
        "process_identifier": 2316,
        "region_size": 68161536,
        "stack_dep_bypass": 0,
        "stack_pivoted": 0,
        "heap_dep_bypass": 0,
        "protection": 4,
        "process_handle": "0xffffffffffffffff",
        "allocation_type": 4096,
        "base_address": "0x0000000001e50000"
      },
      "category": "process"
    },
    {
      "time": 1746153387.753021,
      "api": "SetFilePointer",
      "pid": 2316,
      "arguments": {
        "file_handle": "0x0000000000000050",
        "move_method": 0,
        "offset": 0
      },
      "category": "file"
    },
    {
      "time": 1746153387.784021,
      "api": "NtReadFile",
      "pid": 2316,
      "arguments": {
        "file_handle": "0x0000000000000050",
        "buffer": "MZ\u0090\u0000\u0003\u0000\u0000\u0000\u0004\u0000\u0000\u0000\u00ff\u00ff\u0000\u0000\u00b8\u0000\u0000\u0000\u0000\u0000\u0000\u0000@\u0000\u0000\u0000\u0000\u0000\u0000\u0000\u0000\u0000\u0000\u0000\u0000\u0000\u0000\u0000\u0000\u0000\u0000\u0000\u0000\u0000\u0000\u0000\u0000\u0000\u0000\u0000\u0000\u0000\u0000\u0000\u0000\u0000\u0000\u0000\u00f8\u0000\u0000\u0000\u000e\u001f\u00ba\u000e\u0000\u00b4\t\u00cd!\u00b8\u0001L\u00cd!This program cannot be run in DOS mode.\r\r\n$\u0000\u0000\u0000\u0000\u0000\u0000\u0000!\u009e\u00aa\u00a3e\u00ff\u00c4\u00f0e\u00ff\u00c4\u00f0e\u00ff\u00c4\u00f0\u00f6\u00b1\\\u00f0d\u00ff\u00c4\u00f0~bo\u00f0{\u00ff\u00c4\u00f0~bn\u00f0\b\u00ff\u00c4\u00f0~bZ\u00f0l\u00ff\u00c4\u00f0l\u0087W\u00f0`\u00ff\u00c4\u00f0e\u00ff\u00c5\u00f0=\u00ff\u00c4\u00f0~bj\u00f0d\u00ff\u00c4\u00f0~b^\u00f0d\u00ff\u00c4\u00f0~bY\u00f0d\u00ff\u00c4\u00f0Riche\u00ff\u00c4\u00f0\u0000\u0000\u0000\u0000\u0000\u0000\u0000\u0000\u0000\u0000\u0000\u0000\u0000\u0000\u0000\u0000\u0000\u0000\u0000\u0000\u0000\u0000\u0000\u0000PE\u0000\u0000d\u0086\u0006\u00009\u00e7RW\u0000\u0000\u0000\u0000\u0000\u0000\u0000\u0000\u00f0\u0000\"\u0000\u000b\u0002\n\u0000\u0000\u00ce\u0000\u0000\u0000\u00ac\u0000\u0000\u0000\u0000\u0000\u0000X(\u0000\u0000\u0000\u0010\u0000\u0000\u0000\u0000\u0000@\u0001\u0000\u0000\u0000\u0000\u0010\u0000\u0000\u0000\u0002\u0000\u0000\u0005\u0000\u0002\u0000\u0000\u0000\u0000\u0000\u0005\u0000\u0002\u0000\u0000\u0000\u0000\u0000\u0000\u00e0\u0001\u0000\u0000\u0004\u0000\u0000\u00a4\u00e7\u0001\u0000\u0003\u0000@\u0081\u0000\u0000\u0010\u0000\u0000\u0000\u0000\u0000\u0000\u0010\u0000\u0000\u0000\u0000\u0000\u0000\u0000\u0000\u0010\u0000\u0000\u0000\u0000\u0000\u0000\u0010\u0000\u0000\u0000\u0000\u0000\u0000\u0000\u0000\u0000\u0000\u0010\u0000\u0000\u0000\u0000\u0000\u0000\u0000\u0000\u0000\u0000\u0000<\f\u0001\u0000<\u0000\u0000\u0000\u0000p\u0001\u0000\u00a4P\u0000\u0000\u0000`\u0001\u0000\b\n\u0000\u0000\u0000\u0000\u0000\u0000\u0000\u0000\u0000\u0000\u0000\u00d0\u0001\u0000d\u0001\u0000\u0000\u0000\u00e3\u0000\u0000\u001c\u0000\u0000\u0000\u0000\u0000\u0000\u0000\u0000\u0000\u0000\u0000\u0000\u0000\u0000\u0000\u0000\u0000\u0000\u0000\u0000\u0000\u0000\u0000\u0000\u0000\u0000\u0000\u0000\u0000\u0000\u0000\u0000\u0000\u0000\u0000\u0000\u0000\u0000\u0000\u0000\u0000\u0000\u0000\u0000\u00e0\u0000\u0000\u0088\u0002\u0000\u0000\u0000\u0000\u0000\u0000\u0000\u0000\u0000\u0000\u0000\u0000\u0000\u0000\u0000\u0000\u0000\u0000\u0000\u0000\u0000\u0000\u0000\u0000\u0000\u0000.text\u0000\u0000\u0000T\u00cc\u0000\u0000\u0000\u0010\u0000\u0000\u0000\u00ce\u0000\u0000\u0000\u0004\u0000\u0000\u0000\u0000\u0000\u0000\u0000\u0000\u0000\u0000\u0000\u0000\u0000\u0000 \u0000\u0000`.rdata\u0000\u0000\u00de4\u0000\u0000\u0000\u00e0\u0000\u0000\u00006\u0000\u0000\u0000\u00d2\u0000\u0000\u0000\u0000\u0000\u0000\u0000\u0000\u0000\u0000\u0000\u0000\u0000\u0000@\u0000\u0000@.data\u0000\u0000\u0000\u00848\u0000\u0000\u0000 \u0001\u0000\u0000\u0014\u0000\u0000\u0000\b\u0001\u0000\u0000\u0000\u0000\u0000\u0000\u0000\u0000\u0000\u0000\u0000\u0000\u0000@\u0000\u0000\u00c0.pdata\u0000\u0000\b\n\u0000\u0000\u0000`\u0001\u0000\u0000\f\u0000\u0000\u0000\u001c\u0001\u0000\u0000\u0000\u0000\u0000\u0000\u0000\u0000\u0000\u0000\u0000\u0000\u0000@\u0000\u0000@.rsrc\u0000\u0000\u0000\u00a4P\u0000\u0000\u0000p\u0001\u0000\u0000R\u0000\u0000\u0000(\u0001\u0000\u0000\u0000\u0000\u0000\u0000\u0000\u0000\u0000\u0000\u0000\u0000\u0000@\u0000\u0000@.reloc\u0000\u0000,\u0003\u0000\u0000\u0000\u00d0\u0001\u0000\u0000\u0004\u0000\u0000\u0000z\u0001\u0000\u0000\u0000\u0000\u0000\u0000\u0000\u0000\u0000\u0000\u0000\u0000\u0000@\u0000\u0000B\u0000\u0000\u0000\u0000\u0000\u0000\u0000\u0000\u0000\u0000\u0000\u0000\u0000\u0000\u0000\u0000\u0000\u0000\u0000\u0000\u0000\u0000\u0000\u0000\u0000\u0000\u0000\u0000\u0000\u0000\u0000\u0000\u0000\u0000\u0000\u0000\u0000\u0000\u0000\u0000\u0000\u0000\u0000\u0000\u0000\u0000\u0000\u0000\u0000\u0000\u0000\u0000\u0000\u0000\u0000\u0000\u0000\u0000\u0000\u0000\u0000\u0000\u0000\u0000\u0000\u0000\u0000\u0000\u0000\u0000\u0000\u0000\u0000\u0000\u0000\u0000\u0000\u0000\u0000\u0000\u0000\u0000\u0000\u0000\u0000\u0000\u0000\u0000\u0000\u0000\u0000\u0000\u0000\u0000\u0000\u0000\u0000\u0000\u0000\u0000\u0000\u0000\u0000\u0000\u0000\u0000\u0000\u0000\u0000\u0000\u0000\u0000\u0000\u0000\u0000\u0000\u0000\u0000\u0000\u0000\u0000\u0000\u0000\u0000\u0000\u0000\u0000\u0000\u0000\u0000\u0000\u0000\u0000\u0000\u0000\u0000\u0000\u0000\u0000\u0000\u0000\u0000\u0000\u0000\u0000\u0000\u0000\u0000\u0000\u0000\u0000\u0000\u0000\u0000\u0000\u0000\u0000\u0000\u0000\u0000\u0000\u0000\u0000\u0000\u0000\u0000\u0000\u0000\u0000\u0000\u0000\u0000\u0000\u0000\u0000\u0000\u0000\u0000\u0000\u0000\u0000\u0000\u0000\u0000\u0000\u0000\u0000\u0000\u0000\u0000\u0000\u0000\u0000\u0000\u0000\u0000\u0000\u0000\u0000\u0000\u0000\u0000\u0000\u0000\u0000\u0000\u0000\u0000\u0000\u0000\u0000\u0000\u0000\u0000\u0000\u0000\u0000\u0000\u0000\u0000\u0000\u0000\u0000\u0000\u0000\u0000\u0000\u0000\u0000\u0000\u0000\u0000\u0000\u0000\u0000\u0000\u0000\u0000\u0000\u0000\u0000\u0000\u0000\u0000\u0000\u0000\u0000\u0000\u0000\u0000\u0000\u0000\u0000\u0000\u0000\u0000\u0000\u0000\u0000\u0000\u0000\u0000\u0000\u0000\u0000\u0000\u0000\u0000\u0000\u0000\u0000\u0000\u0085\u00c9umL\u008b\u00dcI\u0089S\u0010M\u0089C\u0018M\u0089K H\u0081\u00ecH\u0004\u0000\u0000H\u008b\u0005\u00a7\u0013\u0001\u0000H3\u00c4H\u0089\u0084$0\u0004\u0000\u0000L\u008b\u00ca\u00ba\u0000\u0004\u0000\u0000I\u008dC\u0018D\u008dB\u00ffH\u008dL$0H\u0089D$ \u00e8\u00156\u0000\u0000\u00e8\u0080\u000b\u0000\u0000L\u008dD$0H\u008dH`H\u008d\u0015\u00b0\u00ec\u0000\u0000\u00e8\u00bf\u0010\u0000\u0000\u00b9\u0001\u0000\u0000\u0000\u00ff\u0015\u0090\u00cf\u0000\u0000\u00cc\u00c3\u00cc\u00ccH\u0089\\$\bH\u0089t$\u0010WH\u0083\u00ec \u008b\u0005/#\u0001\u0000H\u008b\u00faH\u008b\u00f13\u00dbL\u008b\u00c9L\u008dB\u00fc\u000f\u00be\u00d0I\u008b\u00c9\u00e8A\r\u0000\u0000L\u008b\u00c8H\u0085\u00c0t\u001d\u008b\u0005\u0007#\u0001\u0000H\u008b\u00ceA;\u0001I\u000fD\u00d9I\u00ff\u00c1I+\u00c9L\u008dD9\u00fc\u00eb\u00d0H\u008bt$8H\u008b\u00c3H\u008b\\$0H\u0083\u00c4 _\u00c3\u00ccH\u0089\\$\u0010H\u0089t$\u0018H\u0089|$ UATAUAVAWH\u008b\u00ecH\u0083\u00ec@L\u008b\u00e9L\u008d\u0005+\u00ec\u0000\u0000H\u008d\u0015\u00e42\u0001\u0000H\u008dM0E3\u00e4L\u0089e0\u00e8\u0004\t\u0000\u0000A\u008b\u00cc\u0085\u00c0H\u008d\u0015\u0010\u00ec\u0000\u0000\u000f\u0094\u00c1\u00e8\u00d0\u00fe\u00ff\u00ffH\u008bM0E\u008dD$\u00023\u00d2\u00e8@\u0014\u0000\u0000H\u008bM0\u00e8+\u0013\u0000\u0000H\u008bM0Lc\u00f0A\u008d\u00be\u00fc\u00fe\u00ff\u00ff\u0085\u00ffA\u000fH\u00fcE3\u00c0\u008b\u00d7\u00e8\u0019\u0014\u0000\u0000L\u008bM0E\u008d|$\u0001A\u008b\u00d7A\u00b8\u0004\u0001\u0000\u0000I\u008b\u00cd\u00e8\u0083\u000f\u0000\u0000I\u008b\u00cdH\u008b\u00d0\u00e8\u00e8\u00fe\u00ff\u00ffH\u008b\u00d8H\u0085\u00c0t\u001fH\u008dM\u00e0E\u008dD$\u0014H\u008b\u00d0\u00e8\u009b\u00ad\u0000\u0000Hc\u00ffI+\u00fdH\u0003\u00fb\u00e9\u0082\u0000\u0000\u0000\u00bb\u0000\u0000\u0010\u0004\u008b\u00cb\u00e8Y\t\u0000\u0000H\u008bM0A\u008d\u00be\u0000\u0000\u00f0\u00fb\u0085\u00ffH\u008b\u00f0A\u000fH\u00fcE3\u00c0\u008b\u00d7\u00e8\u00a3\u0013\u0000\u0000L\u008bM0D\u008b\u00c3I\u008b\u00d7H\u008b\u00ce\u00e8\u0015\u000f\u0000\u0000H\u008b\u00ceH\u008b\u00d0\u00e8z\u00fe\u00ff\u00ffA\u008b\u00ccH\u008d\u0015T\u00eb\u0000\u0000H\u0085\u00c0H\u008b\u00d8\u000f\u0095\u00c1\u00e8\u00ee\u00fd\u00ff\u00ffH\u008dM\u00e0H\u008b\u00d3A\u00b8\u0014\u0000\u0000\u0000\u00e8\u001c\u00ad\u0000\u0000Hc\u00ffH\u008b\u00ceH+\u00feH\u0003\u00fb\u00e8_\b\u0000\u0000+}\u00f0H\u008bM0+}\u00ec\u0081\u00ef\u0004\u0001\u0000\u0000A\u000fH\u00fcE3\u00c0\u008b\u00d7\u00e8-\u0013\u0000\u0000L\u008bM0A\u00b8\u0004\u0001\u0000\u0000I\u008b\u00d7I\u008b\u00cd\u00e8\u009c\u000e\u0000\u0000A\u008b\u00ccH\u008d\u0015\u000e\u00eb\u0000\u0000H\u0085\u00c0H\u008b\u00d8\u000f\u0095\u00c1\u00e8\u0080\u00fd\u00ff\u00ffN\u008d\\+\u00ffM;\u00ddr\u001a\u000f\u00b7\u0005\u000b\u00eb\u0000\u0000fA9\u0003t\nM+\u00dfM;\u00dds\u00f2\u00eb\u0003M\u008b\u00e3H\u008bM0\u00e8\u00cb\u0013\u0000\u0000L\u008d\\$@I\u008b\u00c4I\u008b[8I\u008bs@I\u008b{HI\u008b\u00e3A_A^A]A\\]\u00c3\u00cc\u00ccH\u0089\\$\bH\u0089t$\u0010WH\u0083\u00ec@H\u008b\u00daH\u008b\u00f9\u00ff\u00155\u00cd\u0000\u0000H\u0083#\u0000\u00c7D$0\u0002\u0000\u0000\u0000\u00be\u0001\u0000\u0000\u0000L\u008b\u00c0H\u008b\u00c8L\u008b\u00cbH\u008b\u00d7\u0089t$(\u0083d$ \u0000\u00ff\u0015i\u00cd\u0000\u0000\u008b\u00d8\u0085\u00c0u\f\u00ff\u0015M\u00cd\u0000\u0000\u0083\u00f8\u0006\u000fD\u00deH\u008bt$X\u008b\u00c3H\u008b\\$PH\u0083\u00c4@_\u00c3\u00ccH\u0083\u00ec(\u0085\u00c9u\u0012\u008b\r\u00ae2\u0001\u0000\u0085\u00c9t\b3\u00d2\u00ff\u0015\u00da\u00cc\u0000\u0000\u00b8\u0001\u0000\u0000\u0000H\u0083\u00c4(\u00c3H\u0089\\$\u0010H\u0089|$\u0018UH\u008dl$\u0080H\u0081\u00ec\u0080\u0001\u0000\u0000H\u008b\u0005J\u0010\u0001\u0000H3\u00c4H\u0089EpH\u008b\u00f93\u00d23\u00c9\u00ff\u0015\u00ce\u00cc\u0000\u0000L\u008dE\u00e0A\u00b9\u0090\u0000\u0000\u0000H\u008b\u00d8H\u008dD$P\u00ba\t\u0000\u0000\u0000H\u008b\u00cbH\u0089D$ \u00ff\u0015\u0099\u00cc\u0000\u0000\u0085\u00c0t\u0011\u0081|$P\u0090\u0000\u0000\u0000u\u0007\u00b9\u0001\u0000\u0000\u0000\u00eb\u00023\u00c9H\u008d\u0015\u00d3\u00e9\u0000\u0000\u00e8&\u00fc\u00ff\u00ff\u0081M\u00f0\u00000\u0000\u0000L\u008dE\u00e0A\u00b9\u0090\u0000\u0000\u0000\u00ba\t\u0000\u0000\u0000H\u008b\u00cb\u00ff\u0015\u0017\u00cc\u0000\u0000H\u008d\u0015\u00c8\u00e9\u0000\u0000\u008b\u00c8\u00e8\u00f9\u00fb\u00ff\u00ff3\u00d2H\u008dL$pD\u008dBh\u00e8\u00b94\u0000\u0000\u00b9\u00f6\u00ff\u00ff\u00ff\u00c7D$ph\u0000\u0000\u0000\u00ff\u0015>\u00cc\u0000\u0000H\u008dU\u00c0H\u008b\u00c8\u00e8\u009a\u00fe\u00ff\u00ffH\u008d\u0015\u00ab\u00e9\u0000\u0000\u008b\u00c8\u00e8\u00bc\u00fb\u00ff\u00ff\u00b9\u00f5\u00ff\u00ff\u00ff\u00ff\u0015\u0019\u00cc\u0000\u0000H\u008dU\u00c8H\u008b\u00c8\u00e8u\u00fe\u00ff\u00ffH\u008d\u0015\u00a6\u00e9\u0000\u0000\u008b\u00c8\u00e8\u0097\u00fb\u00ff\u00ff\u00b9\u00f4\u00ff\u00ff\u00ff\u00ff\u0015\u00f4\u00cb\u0000\u0000H\u008dU\u00d0H\u008b\u00c8\u00e8P\u00fe\u00ff\u00ffH\u008d\u0015\u00a1\u00e9\u0000\u0000\u008b\u00c8\u00e8r\u00fb\u00ff\u00ffH\u008d\r\u00a7\u00fe\u00ff\u00ff\u00ba\u0001\u0000\u0000\u0000\u00c7E\u00ac\u0000\u0001\u0000\u0000\u00ff\u0015\u00d1\u00cb\u0000\u0000L\u008d\\$XL\u0089\\$HH\u008dD$pE3\u00c9H\u0089D$@H\u0083d$8\u0000H\u0083d$0\u0000\u0083d$(\u0000E3\u00c0H\u008b\u00d73\u00c9\u00c7D$ \u0001\u0000\u0000\u0000\u00ff\u00153\u00cb\u0000\u0000H\u008d\u0015\\\u00e9\u0000\u0000L\u008b\u00c7\u008b\u00c8\u00e8\n\u00fb\u00ff\u00ffD\u008b\\$hH\u008bT$XH\u008b\u00cbD\u0089\u001d\u00ee0\u0001\u0000\u00ff\u0015(\u00cb\u0000\u0000H\u008bL$`\u00ff\u0015m\u00cb\u0000\u0000H\u008bL$X\u0083\u00ca\u00ff\u00ff\u0015\u00ff\u00ca\u0000\u0000H\u008bL$XH\u008dT$P\u00ff\u0015\u0007\u00cb\u0000\u0000H\u008d\u00150\u00e9\u0000\u0000\u008b\u00c8\u00e8\u00b9\u00fa\u00ff\u00ff\u008bL$P\u00ff\u0015\u00af\u00ca\u0000\u0000\u00cc\u00cc\u00ccH\u008b\u00c4H\u0089X\bH\u0089h\u0010H\u0089p\u0018H\u0089x ATAUAVH\u0081\u00ecp\u0003\u0000\u0000H\u008b\u0005M\u000e\u0001\u0000H3\u00c4H\u0089\u0084$`\u0003\u0000\u0000\u00ff\u0015|\u00ca\u0000\u0000\u00bf\"\u0000\u0000\u0000f98t\u0005\u008dO\u00fe\u00eb\u0007\u000f\u00b7\u00cfH\u0083\u00c0\u0004\u000f\u00b7\u00d1H\u008b\u00c8\u00e8\u00c7\u0004\u0000\u00003\u00f6D\u008df\bH\u0085\u00c0u\tL\u008d-\u00e1\u00e7\u0000\u0000\u00eb#L\u008dh\u0002\u00eb\u0013A\u008b\u00d4\u000f\u00b7\u00c8\u00e8\u0082\f\u0000\u0000\u0085\u00c0t\u000eI\u0083\u00c5\u0002A\u000f\u00b7E\u0000f\u0085\u00c0u\u00e3L\u008d5\u0005.\u0001\u0000\u00bd\u0004\u0001\u0000\u00003\u00c9I\u008b\u00d6D\u008b\u00c5\u00ff\u0015J\u00ca\u0000\u0000f9=\u00eb-\u0001\u0000\u008b\u00d0u\u000bL\u008d5\u00e2-\u0001\u0000H\u0083\u00ea\u0002H\u008d\u008c$P\u0002\u0000\u0000fA\u00894V\u00c6\u0005\u0090\u001d\u0001\u0000P\u00e8\u00af\u00fa\u00ff\u00ff\u008b\u00ceH\u008d\u0015Z\u00e9\u0000\u0000H\u0085\u00c0H\u008b\u00d8\u000f\u0095\u00c1\u00e8\u00bc\u00f9\u00ff\u00ffH\u008d\u0083\u0004\u0001\u0000\u0000H\u008b\u00feH\u008b\u00cbH;\u00d8s\u0017\u00809\rt\u000f\u00809\nt\nH\u00ff\u00c1H;\u00c8r\u00ee\u00eb\u0003H\u008b\u00f9\u008b\u00ceH\u0085\u00ffH\u008d\u0015/\u00e9\u0000\u0000\u000f\u0095\u00c1\u00e8\u007f\u00f9\u00ff\u00ff@\u00887H\u008dD$@+\u00fbL\u008b\u00c3A\u008b\u00d4\u00b9\u00e9\u00fd\u0000\u0000D\u008b\u00cf\u0089l$(H\u0089D$ \u00ff\u0015\u00b0\u00c9\u0000\u0000\u008b\u00ce\u0085\u00c0H\u008d\u0015%\u00e9\u0000\u0000Hc\u00f8\u000f\u0095\u00c1\u00e8B\u00f9\u00ff\u00fff\u0089t|@H\u008dl$@f9t$@t\u001a\u000f\u00b7M\u0000A\u008b\u00d4\u00e8y\u000b\u0000\u0000\u0085\u00c0t\nH\u0083\u00c5\u0002f9u\u0000u\u00e6f\u0083}\u0000#\u008b\u00ceH\u008d\u0015\u0011\u00e9\u0000\u0000\u000f\u0094\u00c1\u00e8\u0001\u00f9\u00ff\u00ff\u00eb\u000fA\u008b\u00d4\u000f\u00b7\u00c8\u00e8H\u000b\u0000\u0000\u0085\u00c0t\rH\u0083\u00c5\u0002\u000f\u00b7E\u0000f\u0085\u00c0u\u00e4f\u0083}\u0000!\u008b\u00ceH\u008d\u0015\r\u00e9\u0000\u0000\u000f\u0094\u00c1\u00e8\u00cd\u00f8\u00ff\u00ff\u00eb\u000fA\u008b\u00d4\u000f\u00b7\u00c8\u00e8\u0014\u000b\u0000\u0000\u0085\u00c0t\rH\u0083\u00c5\u0002\u000f\u00b7E\u0000f\u0085\u00c0u\u00e4H\u008d\u0015@\u00e7\u0000\u0000H\u008b\u00cd\u00ff\u0015\u0017\u00cb\u0000\u0000\u00bb\"\u0000\u0000\u0000L\u008b\u00e0H\u0085\u00c0t2f9p\bt,f9X\bt&\u000f\u00b7H\b\u00ba\b\u0000\u0000\u0000\u00e8\u00cc\n\u0000\u0000\u0085\u00c0u\u0014H\u008d\u0015\u0005\u00e7\u0000\u0000I\u008dL$\b\u00ff\u0015\u00da\u00ca\u0000\u0000\u00eb\u00c6\u008b\u00ceM\u0085\u00e4H\u008d\u0015\u00fc\u00e6\u0000\u0000\u000f\u0095\u00c1\u00e8L\u00f8\u00ff\u00ffI\u0083\u00c4\bf9]\u0000u#fA9\u001c$\u008b\u00ceH\u008d\u0015$\u00e7\u0000\u0000\u000f\u0094\u00c1\u00e8,\u00f8\u00ff\u00fffA\u00894$I\u0083\u00c4\u0002H\u0083\u00c5\u0002fA9\u001c$\u008b\u00ceH\u008d\u0015Q\u00e7\u0000\u0000\u000f\u0095\u00c1\u00e8\t\u00f8\u00ff\u00fffA94$t/A\u000f\u00b7\f$\u00ba\b\u0000\u0000\u0000\u00e8G\n\u0000\u0000\u0085\u00c0t\u001cfA\u00894$\u00eb\u0011\u00ba\b\u0000\u0000\u0000\u000f\u00b7\u00c8\u00e8/\n\u0000\u0000\u0085\u00c0t\u000eI\u0083\u00c4\u0002A\u000f\u00b7\u0004$f\u0085\u00c0u\u00e1\u008b\u00ceH\u0085\u00edH\u008d\u0015-\u00e8\u0000\u0000\u000f\u0095\u00c1\u00e8\u00b5\u00f7\u00ff\u00ff\u008b\u00ceM\u0085\u00e4H\u008d\u0015I\u00e8\u0000\u0000\u000f\u0095\u00c1\u00e8\u00a1\u00f7\u00ff\u00ff3\u00c0I\u0083\u00c9\u00ffI\u008b\u00c9I\u008b\u00fc\u008dP\u0002f\u00f2\u00afH\u008b\u00fdH\u00f7\u00d1L\u008dA\u00ffI\u008b\u00c9f\u00f2\u00afI\u008b\u00fdH\u00f7\u00d1H\u00ff\u00c9L\u0003\u00c1I\u008b\u00c9f\u00f2\u00afI\u008b\u00feH\u00f7\u00d1H\u00ff\u00c9L\u0003\u00c1I\u008b\u00c9f\u00f2\u00afH\u00f7\u00d1I\u008d\\\b\u0007H\u008b\u00cb\u00e8\u001f\u0002\u0000\u0000H\u008d\u0015$\u00e8\u0000\u0000H\u0085\u00c0H\u008b\u00f8@\u000f\u0095\u00c6\u008b\u00ce\u00e83\u00f7\u00ff\u00ffL\u0089l$8L\u0089t$0L\u008d\r:\u00e8\u0000\u0000L\u008b\u00c3H\u008b\u00d3H\u008b\u00cfL\u0089d$(H\u0089l$ \u00e8\n\u0005\u0000\u0000H\u008b\u00cf\u00e8b\u00fa\u00ff\u00ff\u00cc\u00ccH\u0083\u00ec(\u00e8K\u00fc\u00ff\u00ff\u00cc\u00cc\u00cc\u00cc\u00cc\u00cc\u00cc\u00cc\u00cc\u00cc\u00cc\u00cc\u00ccff\u000f\u001f\u0084\u0000\u0000\u0000\u0000\u0000H;\r\u00a1\n\u0001\u0000u\u0011H\u00c1\u00c1\u0010f\u00f7\u00c1\u00ff\u00ffu\u0002\u00f3\u00c3H\u00c1\u00c9\u0010\u00e9-\u000f\u0000\u0000\u00ccH\u0089\\$\u0010H\u0089t$\u0018WATAUH\u0083\u00ec0H\u0089d$ E\u008b\u00e0H\u008b\u00faH\u008b\u00f1E3\u00edA\u008b\u00c5H\u0085\u00c9\u000f\u0095\u00c0\u0085\u00c0u\u0017\u00e8\u00da\u0018\u0000\u0000\u00c7\u0000\u0016\u0000\u0000\u0000\u00e8g\u0018\u0000\u00003\u00c0\u00e9\u0081\u0000\u0000\u0000A\u008b\u00c5H\u0085\u00d2\u000f\u0095\u00c0\u0085\u00c0t\u00dcA\u008b\u00c5fD9*\u000f\u0095\u00c0\u0085\u00c0t\u00ce\u00e8\u00f0\u0014\u0000\u0000H\u008b\u00d8H\u0089D$PH\u0085\u00c0u\r\u00e8\u0096\u0018\u0000\u0000\u00c7\u0000\u0018\u0000\u0000\u0000\u00eb\u00bffD9.u\"\u00e8\u0083\u0018\u0000\u0000\u00c7\u0000\u0016\u0000\u0000\u0000H\u008d\u0015\f\u0000\u0000\u0000H\u008bL$ \u00e8\f\u0019\u0000\u0000\u0090\u00903\u00c0\u00eb\u001fL\u008b\u00c8E\u008b\u00c4H\u008b\u00d7H\u008b\u00ce\u00e8\u00bd\u0011\u0000\u0000H\u008b\u00f8H\u008b\u00cb\u00e8r\u0003\u0000\u0000H\u008b\u00c7H\u008b\\$XH\u008bt$`H\u0083\u00c40A]A\\_\u00c3\u00cc\u00cc\u00cc@SH\u0083\u00ec I\u008b\u00c0L\u008b\u00caH\u008b\u00d9H\u0085\u00c9u\u0015\u00e8\u0017\u0018\u0000\u0000\u00bb\u0016\u0000\u0000\u0000\u0089\u0018\u00e8\u00a3\u0017\u0000\u0000\u008b\u00c3\u00eb$A\u00b8\u0080\u0000\u0000\u0000H\u008b\u00d0I\u008b\u00c9\u00e8\u00e6\u00fe\u00ff\u00ffH\u0089\u0003H\u0085\u00c0t\u00043\u00c0\u00eb\u0007\u00e8\u00e5\u0017\u0000\u0000\u008b\u0000H\u0083\u00c4 [\u00c3\u00cc\u00eb\tf;\u00c2t\u0011H\u0083\u00c1\u0002\u000f\u00b7\u0001f\u0085\u00c0u\u00eff;\u00c2u\u0004H\u008b\u00c1\u00c33\u00c0\u00c3\u00ccH\u0085\u00c9t7SH\u0083\u00ec L\u008b\u00c1H\u008b\r\u00b0\u001e\u0001\u00003\u00d2\u00ff\u0015\u00e0\u00c5\u0000\u0000\u0085\u00c0u\u0017\u00e8\u0097\u0017\u0000\u0000H\u008b\u00d8\u00ff\u0015\u00ae\u00c5\u0000\u0000\u008b\u00c8\u00e8?\u0017\u0000\u0000\u0089\u0003H\u0083\u00c4 [\u00c3\u00cc\u00cc\u00cc@SH\u0083\u00ec \u0083d$@\u0000L\u008dD$@\u00e8\u00c3\u0018\u0000\u0000H\u008b\u00d8H\u0085\u00c0u\u001b9D$@t\u0015\u00e8T\u0017\u0000\u0000H\u0085\u00c0t\u000b\u00e8J\u0017\u0000\u0000\u008bL$@\u0089\bH\u008b\u00c3H\u0083\u00c4 [\u00c3\u00cc\u00cc\u00ccH\u0089\\$\bH\u0089t$\u0010WH\u0083\u00ec H\u008b\u00d9H\u0083\u00f9\u00e0w|\u00bf\u0001\u0000\u0000\u0000H\u0085\u00c9H\u000fE\u00f9H\u008b\r\u0015\u001e\u0001\u0000H\u0085\u00c9u \u00e8G\u001f\u0000\u0000\u00b9\u001e\u0000\u0000\u0000\u00e8\u00dd\u001c\u0000\u0000\u00b9\u00ff\u0000\u0000\u0000\u00e8#\u0019\u0000\u0000H\u008b\r\u00f0\u001d\u0001\u0000L\u008b\u00c73\u00d2\u00ff\u0015%\u00c5\u0000\u0000H\u008b\u00f0H\u0085\u00c0u,9\u0005o$\u0001\u0000t\u000eH\u008b\u00cb\u00e8U\u001f\u0000\u0000\u0085\u00c0t\r\u00eb\u00ab\u00e8\u00ba\u0016\u0000\u0000\u00c7\u0000\f\u0000\u0000\u0000\u00e8\u00af\u0016\u0000\u0000\u00c7\u0000\f\u0000\u0000\u0000H\u008b\u00c6\u00eb\u0012\u00e8/\u001f\u0000\u0000\u00e8\u009a\u0016\u0000\u0000\u00c7\u0000\f\u0000\u0000\u00003\u00c0H\u008b\\$0H\u008bt$8H\u0083\u00c4 _\u00c3\u00cc\u00ccH\u008d\u0005)\u0004\u0001\u0000\u00c3@SH\u0083\u00ec \u008b\u0005\u009c<\u0001\u0000\u00bb\u0014\u0000\u0000\u0000\u0085\u00c0u\u0007\u00b8\u0000\u0002\u0000\u0000\u00eb\u0005;\u00c3\u000fL\u00c3Hc\u00c8\u00ba\b\u0000\u0000",
        "length": 68157440,
        "offset": 0
      },
      "category": "file"
    },
    {
      "time": 1746153387.800021,
      "api": "NtReadFile",
      "pid": 2316,
      "arguments": {
        "file_handle": "0x0000000000000050",
        "buffer": "",
        "length": 68059648,
        "offset": 0
      },
      "category": "file"
    },
    {
      "time": 1746153387.800021,
      "api": "NtAllocateVirtualMemory",
      "pid": 2316,
      "arguments": {
        "process_identifier": 2316,
        "region_size": 8192,
        "stack_dep_bypass": 0,
        "stack_pivoted": 0,
        "heap_dep_bypass": 0,
        "protection": 4,
        "process_handle": "0xffffffffffffffff",
        "allocation_type": 4096,
        "base_address": "0x0000000000866000"
      },
      "category": "process"
    },
    {
      "time": 1746153387.800021,
      "api": "NtTerminateProcess",
      "pid": 2316,
      "arguments": {
        "status_code": "0x00000001",
        "process_identifier": 0,
        "process_handle": "0x0000000000000000"
      },
      "category": "process"
    },
    {
      "time": 1746153387.800021,
      "api": "NtTerminateProcess",
      "pid": 2316,
      "arguments": {
        "status_code": "0x00000001",
        "process_identifier": 0,
        "process_handle": "0x0000000000000000"
      },
      "category": "process"
    },
    {
      "time": 1746153387.800021,
      "api": "NtClose",
      "pid": 2316,
      "arguments": {
        "handle": "0x0000000000000020"
      },
      "category": "system"
    },
    {
      "time": 1746153387.800021,
      "api": "NtClose",
      "pid": 2316,
      "arguments": {
        "handle": "0x0000000000000040"
      },
      "category": "system"
    },
    {
      "time": 1746153387.800021,
      "api": "NtClose",
      "pid": 2316,
      "arguments": {
        "handle": "0x000000000000003c"
      },
      "category": "system"
    },
    {
      "time": 1746153387.800021,
      "api": "LdrUnloadDll",
      "pid": 2316,
      "arguments": {
        "library": "IMM32",
        "module_address": "0x000007feff160000"
      },
      "category": "system"
    },
    {
      "time": 1746153387.800021,
      "api": "NtOpenKey",
      "pid": 2316,
      "arguments": {
        "key_handle": "0x000000000000003c",
        "desired_access": "0x00020019",
        "regkey": "HKEY_LOCAL_MACHINE\\Software\\Microsoft\\Windows NT\\CurrentVersion\\GRE_Initialize"
      },
      "category": "registry"
    },
    {
      "time": 1746153387.800021,
      "api": "NtQueryValueKey",
      "pid": 2316,
      "arguments": {
        "key_handle": "0x000000000000003c",
        "key_name": "",
        "value": "",
        "reg_type": 0,
        "information_class": 2,
        "regkey": "HKEY_LOCAL_MACHINE\\SOFTWARE\\Microsoft\\Windows NT\\CurrentVersion\\GRE_Initialize\\DisableMetaFiles"
      },
      "category": "registry"
    },
    {
      "time": 1746153387.800021,
      "api": "NtClose",
      "pid": 2316,
      "arguments": {
        "handle": "0x000000000000003c"
      },
      "category": "system"
    },
    {
      "time": 1746153387.800021,
      "api": "NtTerminateProcess",
      "pid": 2316,
      "arguments": {
        "status_code": "0x00000001",
        "process_identifier": 2316,
        "process_handle": "0xffffffffffffffff"
      },
      "category": "process"
    }
  ],
  "network": {
    "http": [
      {
        "count": 1,
        "body": "",
        "uri": "http://www.msftncsi.com/ncsi.txt",
        "user-agent": "Microsoft NCSI",
        "method": "GET",
        "host": "www.msftncsi.com",
        "version": "1.1",
        "path": "/ncsi.txt",
        "data": "GET /ncsi.txt HTTP/1.1\r\nConnection: Close\r\nUser-Agent: Microsoft NCSI\r\nHost: www.msftncsi.com\r\n\r\n",
        "port": 80
      }
    ],
    "tcp": [
      {
        "src": "192.168.56.101",
        "dst": "113.171.230.17",
        "offset": 1294,
        "time": 2.810188055038452,
        "dport": 80,
        "sport": 49161
      }
    ],
    "udp": [
      {
        "src": "192.168.56.101",
        "dst": "192.168.56.255",
        "offset": 1990,
        "time": 3.078881025314331,
        "dport": 137,
        "sport": 137
      },
      {
        "src": "192.168.56.101",
        "dst": "224.0.0.252",
        "offset": 3522,
        "time": 1.0927770137786865,
        "dport": 5355,
        "sport": 50233
      },
      {
        "src": "192.168.56.101",
        "dst": "224.0.0.252",
        "offset": 3842,
        "time": 1.679840087890625,
        "dport": 5355,
        "sport": 52790
      },
      {
        "src": "192.168.56.101",
        "dst": "224.0.0.252",
        "offset": 4170,
        "time": 0.05828094482421875,
        "dport": 5355,
        "sport": 53526
      },
      {
        "src": "192.168.56.101",
        "dst": "224.0.0.252",
        "offset": 4498,
        "time": 3.009557008743286,
        "dport": 5355,
        "sport": 57168
      },
      {
        "src": "192.168.56.101",
        "dst": "224.0.0.252",
        "offset": 4826,
        "time": 3.0083110332489014,
        "dport": 5355,
        "sport": 60897
      },
      {
        "src": "192.168.56.101",
        "dst": "224.0.0.252",
        "offset": 5146,
        "time": 2.429457902908325,
        "dport": 5355,
        "sport": 62139
      },
      {
        "src": "192.168.56.101",
        "dst": "8.8.8.8",
        "offset": 5466,
        "time": 2.0679070949554443,
        "dport": 53,
        "sport": 54506
      },
      {
        "src": "192.168.56.101",
        "dst": "8.8.8.8",
        "offset": 5678,
        "time": 2.038843870162964,
        "dport": 53,
        "sport": 55116
      },
      {
        "src": "192.168.56.101",
        "dst": "8.8.8.8",
        "offset": 5878,
        "time": 3.0100419521331787,
        "dport": 53,
        "sport": 59798
      },
      {
        "src": "192.168.56.101",
        "dst": "8.8.8.8",
        "offset": 6153,
        "time": 2.7524619102478027,
        "dport": 53,
        "sport": 65068
      }
    ],
    "dns": [
      {
        "type": "A",
        "request": "www.msftncsi.com",
        "answers": [
          {
            "data": "113.171.230.17",
            "type": "A"
          },
          {
            "data": "www.msftncsi.com.edgesuite.net",
            "type": "CNAME"
          },
          {
            "data": "a1961.g2.akamai.net",
            "type": "CNAME"
          }
        ]
      },
      {
        "type": "A",
        "request": "dns.msftncsi.com",
        "answers": [
          {
            "data": "131.107.255.255",
            "type": "A"
          }
        ]
      },
      {
        "type": "AAAA",
        "request": "dns.msftncsi.com",
        "answers": [
          {
            "data": "fd3e:4f5a:5b81::1",
            "type": "AAAA"
          }
        ]
      },
      {
        "type": "A",
        "request": "teredo.ipv6.microsoft.com",
        "answers": []
      }
    ],
    "hosts": [
      "113.171.230.17",
      "8.8.8.8"
    ],
    "icmp": [],
    "smtp": []
  },
  "static_imports": [
    "ExitProcess",
    "GetCommandLineW",
    "SetInformationJobObject",
    "CreateProcessW",
    "GetCurrentProcess",
    "WaitForSingleObject",
    "GenerateConsoleCtrlEvent",
    "AssignProcessToJobObject",
    "GetExitCodeProcess",
    "GetModuleFileNameW",
    "QueryInformationJobObject",
    "MultiByteToWideChar",
    "CreateJobObjectA",
    "GetStdHandle",
    "GetLastError",
    "SetConsoleCtrlHandler",
    "DuplicateHandle",
    "CloseHandle",
    "HeapFree",
    "HeapAlloc",
    "EnterCriticalSection",
    "LeaveCriticalSection",
    "GetStringTypeW",
    "GetCommandLineA",
    "TerminateProcess",
    "UnhandledExceptionFilter",
    "SetUnhandledExceptionFilter",
    "IsDebuggerPresent",
    "RtlVirtualUnwind",
    "RtlLookupFunctionEntry",
    "RtlCaptureContext",
    "RtlUnwindEx",
    "InitializeCriticalSectionAndSpinCount",
    "EncodePointer",
    "DecodePointer",
    "HeapSetInformation",
    "GetVersion",
    "HeapCreate",
    "GetProcAddress",
    "GetModuleHandleW",
    "WriteFile",
    "SetHandleCount",
    "GetFileType",
    "GetStartupInfoW",
    "DeleteCriticalSection",
    "Sleep",
    "ReadFile",
    "SetFilePointer",
    "GetModuleFileNameA",
    "FreeEnvironmentStringsW",
    "WideCharToMultiByte",
    "GetEnvironmentStringsW",
    "FlsGetValue",
    "FlsSetValue",
    "FlsFree",
    "SetLastError",
    "GetCurrentThreadId",
    "FlsAlloc",
    "QueryPerformanceCounter",
    "GetTickCount",
    "GetCurrentProcessId",
    "GetSystemTimeAsFileTime",
    "CreateFileW",
    "LoadLibraryW",
    "HeapReAlloc",
    "GetConsoleCP",
    "GetConsoleMode",
    "FlushFileBuffers",
    "GetCPInfo",
    "GetACP",
    "GetOEMCP",
    "IsValidCodePage",
    "SetStdHandle",
    "SetEndOfFile",
    "GetProcessHeap",
    "HeapSize",
    "WriteConsoleW",
    "LCMapStringW",
    "StrStrIW"
  ],
  "signatures_ttp": {},
  "signatures_full": [
    {
      "name": "has_pdb",
      "description": "This executable has a PDB path",
      "severity": 1,
      "ttp": {},
      "markcount": 1,
      "marks": [
        {
          "category": "pdb_path",
          "ioc": "C:\\Users\\Vinay\\Projects\\simple_launcher\\x64\\Release\\CLISimpleLauncher.pdb",
          "type": "ioc",
          "description": null
        }
      ]
    }
  ],
  "processes": [
    {
      "name": "lsass.exe",
      "path": "C:\\Windows\\System32\\lsass.exe",
      "pid": 484,
      "cmdline": "C:\\Windows\\system32\\lsass.exe",
      "modules": [
        "lsass.exe",
        "ntdll.dll",
        "kernel32.dll",
        "KERNELBASE.dll",
        "msvcrt.dll",
        "RPCRT4.dll",
        "SspiSrv.dll",
        "lsasrv.dll",
        "sechost.dll",
        "SspiCli.dll",
        "ADVAPI32.dll",
        "USER32.dll",
        "GDI32.dll",
        "LPK.dll",
        "USP10.dll",
        "SAMSRV.dll",
        "cryptdll.dll",
        "MSASN1.dll",
        "wevtapi.dll",
        "IMM32.DLL",
        "MSCTF.dll",
        "cngaudit.dll",
        "AUTHZ.dll",
        "ncrypt.dll",
        "bcrypt.dll",
        "msprivs.DLL",
        "netjoin.dll",
        "negoexts.DLL",
        "Secur32.dll",
        "cryptbase.dll",
        "kerberos.DLL",
        "CRYPTSP.dll",
        "WS2_32.dll",
        "NSI.dll",
        "mswsock.dll",
        "wship6.dll",
        "msv1_0.DLL",
        "netlogon.DLL",
        "DNSAPI.dll",
        "logoncli.dll",
        "schannel.DLL",
        "CRYPT32.dll",
        "wdigest.DLL",
        "rsaenh.dll",
        "tspkg.DLL",
        "pku2u.DLL",
        "bcryptprimitives.dll",
        "RpcRtRemote.dll",
        "efslsaext.dll",
        "WINSTA.dll",
        "scecli.DLL",
        "credssp.dll",
        "IPHLPAPI.DLL",
        "WINNSI.DLL",
        "netutils.dll",
        "USERENV.dll",
        "profapi.dll",
        "wshtcpip.dll",
        "monitor-x64.dll"
      ]
    },
    {
      "name": "1629630cf717f6abe87bd15813ff693441ea6ea32785c08eb88fe82c9e05f45f.exe",
      "path": "C:\\Users\\Administrator\\AppData\\Local\\Temp\\1629630cf717f6abe87bd15813ff693441ea6ea32785c08eb88fe82c9e05f45f.exe",
      "pid": 2316,
      "cmdline": "\"C:\\Users\\Administrator\\AppData\\Local\\Temp\\1629630cf717f6abe87bd15813ff693441ea6ea32785c08eb88fe82c9e05f45f.exe\" ",
      "modules": [
        "1629630cf717f6abe87bd15813ff693441ea6ea32785c08eb88fe82c9e05f45f.exe",
        "ntdll.dll",
        "kernel32.dll",
        "KERNELBASE.dll",
        "SHLWAPI.dll",
        "GDI32.dll",
        "USER32.dll",
        "LPK.dll",
        "USP10.dll",
        "msvcrt.dll",
        "IMM32.DLL",
        "MSCTF.dll",
        "monitor-x64.dll"
      ]
    }
  ]
}