{
  "behavior_summary": {
    "file_created": [],
    "file_deleted": [],
    "file_read": [],
    "file_recreated": [],
    "file_exists": [],
    "file_opened": [],
    "regkey_opened": [],
    "regkey_read": [],
    "regkey_written": [],
    "dll_loaded": [],
    "executed_commands": [],
    "directory_created": [],
    "mutex": [],
    "processes_created": [],
    "resolves_host": []
  },
  "dropped_files": [],
  "api_statistics": {},
  "api_call_sequence": [],
  "network": {
    "http": [],
    "tcp": [],
    "udp": [
      {
        "src": "192.168.56.101",
        "dst": "192.168.56.255",
        "offset": 3333,
        "time": 3.0799789428710938,
        "dport": 137,
        "sport": 137
      },
      {
        "src": "192.168.56.101",
        "dst": "192.168.56.255",
        "offset": 10029,
        "time": 9.081467866897583,
        "dport": 138,
        "sport": 138
      },
      {
        "src": "192.168.56.101",
        "dst": "224.0.0.252",
        "offset": 17853,
        "time": 1.0377800464630127,
        "dport": 5355,
        "sport": 50233
      },
      {
        "src": "192.168.56.101",
        "dst": "224.0.0.252",
        "offset": 18173,
        "time": 1.5706918239593506,
        "dport": 5355,
        "sport": 52790
      },
      {
        "src": "192.168.56.101",
        "dst": "224.0.0.252",
        "offset": 18501,
        "time": 0.05774283409118652,
        "dport": 5355,
        "sport": 53526
      },
      {
        "src": "192.168.56.101",
        "dst": "224.0.0.252",
        "offset": 18829,
        "time": 3.031582832336426,
        "dport": 5355,
        "sport": 57168
      },
      {
        "src": "192.168.56.101",
        "dst": "224.0.0.252",
        "offset": 19149,
        "time": 2.46189284324646,
        "dport": 5355,
        "sport": 58224
      },
      {
        "src": "192.168.56.101",
        "dst": "224.0.0.252",
        "offset": 19469,
        "time": 3.0258498191833496,
        "dport": 5355,
        "sport": 64762
      },
      {
        "src": "192.168.56.101",
        "dst": "239.255.255.250",
        "offset": 19797,
        "time": 101.32824087142944,
        "dport": 1900,
        "sport": 63093
      },
      {
        "src": "192.168.56.101",
        "dst": "8.8.8.8",
        "offset": 22089,
        "time": 2.08091402053833,
        "dport": 53,
        "sport": 55116
      },
      {
        "src": "192.168.56.101",
        "dst": "8.8.8.8",
        "offset": 22549,
        "time": 15.00086498260498,
        "dport": 53,
        "sport": 59798
      },
      {
        "src": "192.168.56.101",
        "dst": "8.8.8.8",
        "offset": 23009,
        "time": 3.026315927505493,
        "dport": 53,
        "sport": 60897
      },
      {
        "src": "192.168.56.101",
        "dst": "8.8.8.8",
        "offset": 23514,
        "time": 15.016690969467163,
        "dport": 53,
        "sport": 61031
      },
      {
        "src": "192.168.56.101",
        "dst": "8.8.8.8",
        "offset": 24019,
        "time": 2.7847299575805664,
        "dport": 53,
        "sport": 62139
      },
      {
        "src": "192.168.56.101",
        "dst": "8.8.8.8",
        "offset": 24479,
        "time": 93.21979784965515,
        "dport": 53,
        "sport": 63090
      }
    ],
    "dns": [
      {
        "type": "A",
        "request": "www.msftncsi.com",
        "answers": []
      },
      {
        "type": "A",
        "request": "dns.msftncsi.com",
        "answers": []
      },
      {
        "type": "A",
        "request": "teredo.ipv6.microsoft.com",
        "answers": []
      }
    ],
    "hosts": [
      "8.8.8.8"
    ],
    "icmp": [],
    "smtp": []
  },
  "static_imports": [
    "HeapSetInformation",
    "GetComputerNameA",
    "GetFileSize",
    "FindFirstFileW",
    "GetDriveTypeW",
    "SetEndOfFile",
    "SetFilePointerEx",
    "GetLogicalDrives",
    "WriteFile",
    "ReadFile",
    "CreateFileW",
    "GetLastError",
    "RemoveDirectoryW",
    "FindNextFileW",
    "WinExec",
    "CloseHandle",
    "SetFilePointer",
    "HeapReAlloc",
    "FlushFileBuffers",
    "GetConsoleMode",
    "GetConsoleCP",
    "RtlUnwind",
    "FindClose",
    "CreateMutexW",
    "WriteConsoleW",
    "GetFileType",
    "GetStdHandle",
    "GetModuleFileNameW",
    "EncodePointer",
    "DecodePointer",
    "MoveFileW",
    "GetCommandLineA",
    "GetStartupInfoW",
    "RaiseException",
    "FreeLibrary",
    "InterlockedExchange",
    "GetProcAddress",
    "LoadLibraryW",
    "TerminateProcess",
    "GetCurrentProcess",
    "UnhandledExceptionFilter",
    "SetUnhandledExceptionFilter",
    "IsDebuggerPresent",
    "HeapAlloc",
    "HeapFree",
    "IsProcessorFeaturePresent",
    "GetCPInfo",
    "InterlockedIncrement",
    "InterlockedDecrement",
    "GetACP",
    "GetOEMCP",
    "IsValidCodePage",
    "TlsAlloc",
    "TlsGetValue",
    "TlsSetValue",
    "TlsFree",
    "GetModuleHandleW",
    "SetLastError",
    "GetCurrentThreadId",
    "EnterCriticalSection",
    "LeaveCriticalSection",
    "ExitProcess",
    "Sleep",
    "HeapSize",
    "GetModuleFileNameA",
    "FreeEnvironmentStringsW",
    "WideCharToMultiByte",
    "GetEnvironmentStringsW",
    "SetHandleCount",
    "InitializeCriticalSectionAndSpinCount",
    "DeleteCriticalSection",
    "HeapCreate",
    "QueryPerformanceCounter",
    "GetTickCount",
    "GetCurrentProcessId",
    "GetSystemTimeAsFileTime",
    "LCMapStringW",
    "MultiByteToWideChar",
    "GetStringTypeW",
    "SetStdHandle",
    "ShowWindow",
    "CreateWindowExW",
    "RegisterClassW",
    "GetSystemMetrics",
    "SetWindowLongW",
    "LoadCursorW",
    "GetStockObject",
    "SHGetSpecialFolderPathW",
    "SHEmptyRecycleBinW"
  ],
  "signatures_ttp": {},
  "signatures_full": [],
  "processes": [
    {
      "name": "lsass.exe",
      "path": "C:\\Windows\\System32\\lsass.exe",
      "pid": 484,
      "cmdline": "C:\\Windows\\system32\\lsass.exe",
      "modules": [
        "lsass.exe",
        "ntdll.dll",
        "kernel32.dll",
        "KERNELBASE.dll",
        "msvcrt.dll",
        "RPCRT4.dll",
        "SspiSrv.dll",
        "lsasrv.dll",
        "sechost.dll",
        "SspiCli.dll",
        "ADVAPI32.dll",
        "USER32.dll",
        "GDI32.dll",
        "LPK.dll",
        "USP10.dll",
        "SAMSRV.dll",
        "cryptdll.dll",
        "MSASN1.dll",
        "wevtapi.dll",
        "IMM32.DLL",
        "MSCTF.dll",
        "cngaudit.dll",
        "AUTHZ.dll",
        "ncrypt.dll",
        "bcrypt.dll",
        "msprivs.DLL",
        "netjoin.dll",
        "negoexts.DLL",
        "Secur32.dll",
        "cryptbase.dll",
        "kerberos.DLL",
        "CRYPTSP.dll",
        "WS2_32.dll",
        "NSI.dll",
        "mswsock.dll",
        "wship6.dll",
        "msv1_0.DLL",
        "netlogon.DLL",
        "DNSAPI.dll",
        "logoncli.dll",
        "schannel.DLL",
        "CRYPT32.dll",
        "wdigest.DLL",
        "rsaenh.dll",
        "tspkg.DLL",
        "pku2u.DLL",
        "bcryptprimitives.dll",
        "RpcRtRemote.dll",
        "efslsaext.dll",
        "WINSTA.dll",
        "scecli.DLL",
        "credssp.dll",
        "IPHLPAPI.DLL",
        "WINNSI.DLL",
        "netutils.dll",
        "USERENV.dll",
        "profapi.dll",
        "wshtcpip.dll",
        "monitor-x64.dll"
      ]
    }
  ]
}