{
  "behavior_summary": {
    "file_created": [],
    "file_deleted": [],
    "file_read": [],
    "file_recreated": [],
    "file_exists": [],
    "file_opened": [],
    "regkey_opened": [],
    "regkey_read": [],
    "regkey_written": [],
    "dll_loaded": [],
    "executed_commands": [],
    "directory_created": [],
    "mutex": [],
    "processes_created": [],
    "resolves_host": []
  },
  "dropped_files": [],
  "api_statistics": {},
  "api_call_sequence": [],
  "network": {
    "http": [],
    "tcp": [],
    "udp": [
      {
        "src": "192.168.56.101",
        "dst": "224.0.0.252",
        "offset": 1174,
        "time": 1.021014928817749,
        "dport": 5355,
        "sport": 50233
      },
      {
        "src": "192.168.56.101",
        "dst": "224.0.0.252",
        "offset": 1494,
        "time": 1.0555849075317383,
        "dport": 5355,
        "sport": 52790
      },
      {
        "src": "192.168.56.101",
        "dst": "224.0.0.252",
        "offset": 1822,
        "time": 0.057955026626586914,
        "dport": 5355,
        "sport": 53526
      }
    ],
    "dns": [],
    "hosts": [],
    "icmp": [],
    "smtp": []
  },
  "static_imports": [
    "SetErrorMode",
    "FreeLibrary",
    "WaitForSingleObject",
    "SetEvent",
    "LoadLibraryW",
    "GetModuleFileNameW",
    "GetLastError",
    "GetProcAddress",
    "CreateEventW",
    "RtlCaptureStackBackTrace",
    "HeapSetInformation",
    "CloseHandle",
    "??3@YAXPAX@Z",
    "_except_handler4_common",
    "_controlfp",
    "?terminate@@YAXXZ",
    "??1type_info@@UAE@XZ",
    "_onexit",
    "__dllonexit",
    "_purecall",
    "_lock",
    "_initterm",
    "wcsrchr",
    "__setusermatherr",
    "__p__fmode",
    "_cexit",
    "_exit",
    "exit",
    "__set_app_type",
    "memmove",
    "__wgetmainargs",
    "_amsg_exit",
    "_unlock",
    "vswprintf_s",
    "free",
    "__p__commode",
    "_XcptFilter",
    "_callnewh",
    "malloc",
    "??0exception@@QAE@ABQBDH@Z",
    "??0exception@@QAE@ABQBD@Z",
    "memcpy",
    "__CxxFrameHandler3",
    "_CxxThrowException",
    "wcscpy_s",
    "swscanf_s",
    "??0exception@@QAE@ABV0@@Z",
    "??0exception@@QAE@XZ",
    "??1exception@@UAE@XZ",
    "?what@exception@@UBEPBDXZ",
    "memset",
    "RtlReportException",
    "NtSetInformationProcess",
    "EtwTraceMessage",
    "CoInitializeEx",
    "CoUninitialize",
    "CoFreeUnusedLibraries",
    "CoCreateInstance",
    "AcquireSRWLockExclusive",
    "Sleep",
    "ReleaseSRWLockShared",
    "ResetEvent",
    "ReleaseSRWLockExclusive",
    "SetUnhandledExceptionFilter",
    "UnhandledExceptionFilter",
    "GetModuleHandleA",
    "LoadLibraryExW",
    "QueryPerformanceCounter",
    "GetCurrentThreadId",
    "GetCurrentProcess",
    "GetCurrentProcessId",
    "TerminateProcess",
    "GetTickCount",
    "GetSystemTimeAsFileTime",
    "RpcServerInterfaceGroupDeactivate",
    "RpcServerInterfaceGroupCreateW",
    "RpcServerInterfaceGroupClose",
    "RpcServerInterfaceGroupActivate",
    "NdrServerCall2",
    "EventWrite"
  ],
  "signatures_ttp": {},
  "signatures_full": [
    {
      "name": "has_pdb",
      "description": "This executable has a PDB path",
      "severity": 1,
      "ttp": {},
      "markcount": 1,
      "marks": [
        {
          "category": "pdb_path",
          "ioc": "NetCfgNotifyObjectHost.pdb",
          "type": "ioc",
          "description": null
        }
      ]
    }
  ],
  "processes": [
    {
      "name": "lsass.exe",
      "path": "C:\\Windows\\System32\\lsass.exe",
      "pid": 484,
      "cmdline": "C:\\Windows\\system32\\lsass.exe",
      "modules": [
        "lsass.exe",
        "ntdll.dll",
        "kernel32.dll",
        "KERNELBASE.dll",
        "msvcrt.dll",
        "RPCRT4.dll",
        "SspiSrv.dll",
        "lsasrv.dll",
        "sechost.dll",
        "SspiCli.dll",
        "ADVAPI32.dll",
        "USER32.dll",
        "GDI32.dll",
        "LPK.dll",
        "USP10.dll",
        "SAMSRV.dll",
        "cryptdll.dll",
        "MSASN1.dll",
        "wevtapi.dll",
        "IMM32.DLL",
        "MSCTF.dll",
        "cngaudit.dll",
        "AUTHZ.dll",
        "ncrypt.dll",
        "bcrypt.dll",
        "msprivs.DLL",
        "netjoin.dll",
        "negoexts.DLL",
        "Secur32.dll",
        "cryptbase.dll",
        "kerberos.DLL",
        "CRYPTSP.dll",
        "WS2_32.dll",
        "NSI.dll",
        "mswsock.dll",
        "wship6.dll",
        "msv1_0.DLL",
        "netlogon.DLL",
        "DNSAPI.dll",
        "logoncli.dll",
        "schannel.DLL",
        "CRYPT32.dll",
        "wdigest.DLL",
        "rsaenh.dll",
        "tspkg.DLL",
        "pku2u.DLL",
        "bcryptprimitives.dll",
        "RpcRtRemote.dll",
        "efslsaext.dll",
        "WINSTA.dll",
        "scecli.DLL",
        "credssp.dll",
        "IPHLPAPI.DLL",
        "WINNSI.DLL",
        "netutils.dll",
        "USERENV.dll",
        "profapi.dll",
        "wshtcpip.dll",
        "monitor-x64.dll"
      ]
    }
  ]
}