{
  "behavior_summary": {
    "file_created": [],
    "file_deleted": [],
    "file_read": [],
    "file_recreated": [],
    "file_exists": [],
    "file_opened": [],
    "regkey_opened": [],
    "regkey_read": [],
    "regkey_written": [],
    "dll_loaded": [],
    "executed_commands": [],
    "directory_created": [],
    "mutex": [],
    "processes_created": [],
    "resolves_host": []
  },
  "dropped_files": [],
  "api_statistics": {},
  "api_call_sequence": [],
  "network": {
    "http": [
      {
        "count": 1,
        "body": "",
        "uri": "http://www.msftncsi.com/ncsi.txt",
        "user-agent": "Microsoft NCSI",
        "method": "GET",
        "host": "www.msftncsi.com",
        "version": "1.1",
        "path": "/ncsi.txt",
        "data": "GET /ncsi.txt HTTP/1.1\r\nConnection: Close\r\nUser-Agent: Microsoft NCSI\r\nHost: www.msftncsi.com\r\n\r\n",
        "port": 80
      }
    ],
    "tcp": [
      {
        "src": "192.168.56.101",
        "dst": "113.171.230.17",
        "offset": 1642,
        "time": 2.8272640705108643,
        "dport": 80,
        "sport": 49160
      }
    ],
    "udp": [
      {
        "src": "192.168.56.101",
        "dst": "192.168.56.255",
        "offset": 2338,
        "time": 3.0774471759796143,
        "dport": 137,
        "sport": 137
      },
      {
        "src": "192.168.56.101",
        "dst": "224.0.0.252",
        "offset": 6962,
        "time": 1.0248961448669434,
        "dport": 5355,
        "sport": 50233
      },
      {
        "src": "192.168.56.101",
        "dst": "224.0.0.252",
        "offset": 7282,
        "time": 1.5847301483154297,
        "dport": 5355,
        "sport": 52790
      },
      {
        "src": "192.168.56.101",
        "dst": "224.0.0.252",
        "offset": 7610,
        "time": 0.06746506690979004,
        "dport": 5355,
        "sport": 53526
      },
      {
        "src": "192.168.56.101",
        "dst": "224.0.0.252",
        "offset": 7938,
        "time": 3.0148630142211914,
        "dport": 5355,
        "sport": 59798
      },
      {
        "src": "192.168.56.101",
        "dst": "224.0.0.252",
        "offset": 8258,
        "time": 3.0127902030944824,
        "dport": 5355,
        "sport": 60897
      },
      {
        "src": "192.168.56.101",
        "dst": "224.0.0.252",
        "offset": 8586,
        "time": 2.4273810386657715,
        "dport": 5355,
        "sport": 62139
      },
      {
        "src": "192.168.56.101",
        "dst": "8.8.8.8",
        "offset": 8906,
        "time": 2.0891480445861816,
        "dport": 53,
        "sport": 54506
      },
      {
        "src": "192.168.56.101",
        "dst": "8.8.8.8",
        "offset": 9118,
        "time": 2.0605502128601074,
        "dport": 53,
        "sport": 55116
      },
      {
        "src": "192.168.56.101",
        "dst": "8.8.8.8",
        "offset": 9318,
        "time": 3.0133512020111084,
        "dport": 53,
        "sport": 58709
      },
      {
        "src": "192.168.56.101",
        "dst": "8.8.8.8",
        "offset": 9593,
        "time": 2.7508771419525146,
        "dport": 53,
        "sport": 65068
      }
    ],
    "dns": [
      {
        "type": "A",
        "request": "www.msftncsi.com",
        "answers": [
          {
            "data": "113.171.230.17",
            "type": "A"
          },
          {
            "data": "www.msftncsi.com.edgesuite.net",
            "type": "CNAME"
          },
          {
            "data": "a1961.g2.akamai.net",
            "type": "CNAME"
          }
        ]
      },
      {
        "type": "A",
        "request": "dns.msftncsi.com",
        "answers": [
          {
            "data": "131.107.255.255",
            "type": "A"
          }
        ]
      },
      {
        "type": "AAAA",
        "request": "dns.msftncsi.com",
        "answers": [
          {
            "data": "fd3e:4f5a:5b81::1",
            "type": "AAAA"
          }
        ]
      },
      {
        "type": "A",
        "request": "teredo.ipv6.microsoft.com",
        "answers": []
      }
    ],
    "hosts": [
      "113.171.230.17",
      "8.8.8.8"
    ],
    "icmp": [],
    "smtp": []
  },
  "static_imports": [
    "EventUnregister",
    "EventRegister",
    "EventWrite",
    "AllocConsole",
    "SetUnhandledExceptionFilter",
    "InterlockedIncrement",
    "InterlockedDecrement",
    "GetCurrentProcess",
    "SetEvent",
    "GetModuleHandleW",
    "OpenProcess",
    "InitializeCriticalSectionAndSpinCount",
    "Sleep",
    "TerminateProcess",
    "MultiByteToWideChar",
    "GetLastError",
    "GetProcAddress",
    "GetProcessId",
    "CreateEventW",
    "WaitForMultipleObjects",
    "DeleteCriticalSection",
    "CloseHandle",
    "GetCPInfo",
    "GetTickCount",
    "InitializeCriticalSection",
    "LeaveCriticalSection",
    "GetACP",
    "EnterCriticalSection",
    "SetConsoleTitleW",
    "GetVersion",
    "HeapSize",
    "GetSystemInfo",
    "CompareStringW",
    "GetVersionExA",
    "GetFileAttributesW",
    "CreateFileA",
    "IsValidCodePage",
    "WideCharToMultiByte",
    "UnmapViewOfFile",
    "MapViewOfFile",
    "CreateFileMappingW",
    "GetProcessHeap",
    "HeapFree",
    "HeapReAlloc",
    "HeapAlloc",
    "HeapDestroy",
    "ReadFile",
    "GetFileSize",
    "CreateFileW",
    "GetTickCount64",
    "GetSystemTimeAsFileTime",
    "GetCurrentThreadId",
    "QueryPerformanceCounter",
    "IsProcessorFeaturePresent",
    "IsDebuggerPresent",
    "DecodePointer",
    "EncodePointer",
    "??3@YAXPAX@Z",
    "_CxxThrowException",
    "__RTDynamicCast",
    "_except_handler4_common",
    "_controlfp_s",
    "_invoke_watson",
    "__crtSetUnhandledExceptionFilter",
    "__CxxFrameHandler3",
    "??1type_info@@UAE@XZ",
    "??1reader_writer_lock@Concurrency@@QAE@XZ",
    "??0reader_writer_lock@Concurrency@@QAE@XZ",
    "__crtTerminateProcess",
    "__crtUnhandledException",
    "_crt_debugger_hook",
    "_onexit",
    "__dllonexit",
    "_calloc_crt",
    "_unlock",
    "_lock",
    "?terminate@@YAXXZ",
    "_commode",
    "_fmode",
    "__winitenv",
    "_initterm",
    "_initterm_e",
    "__setusermatherr",
    "_configthreadlocale",
    "_cexit",
    "_exit",
    "exit",
    "__set_app_type",
    "__wgetmainargs",
    "_amsg_exit",
    "_XcptFilter",
    "_fdopen",
    "__uncaught_exception",
    "?_CheckTaskCollection@_UnrealizedChore@details@Concurrency@@IAEXXZ",
    "?_Schedule@_StructuredTaskCollection@details@Concurrency@@QAEXPAV_UnrealizedChore@23@@Z",
    "?_RunAndWait@_StructuredTaskCollection@details@Concurrency@@QAG?AW4_TaskCollectionStatus@23@PAV_UnrealizedChore@23@@Z",
    "?_Abort@_StructuredTaskCollection@details@Concurrency@@AAEXXZ",
    "?_CleanupToken@_StructuredTaskCollection@details@Concurrency@@AAEXXZ",
    "?Free@Concurrency@@YAXPAX@Z",
    "??0missing_wait@Concurrency@@QAE@XZ",
    "?Get@CurrentScheduler@Concurrency@@SAPAVScheduler@2@XZ",
    "_time64",
    "getc",
    "fclose",
    "wcscpy_s",
    "fseek",
    "_vsnwprintf_s",
    "wcscat_s",
    "ftell",
    "memcpy_s",
    "fread",
    "_ungetc_nolock",
    "_wstat64i32",
    "_wfsopen",
    "_ismbblead",
    "_wsplitpath_s",
    "ungetc",
    "_filbuf",
    "qsort",
    "_wsopen_s",
    "??0exception@std@@QAE@ABV01@@Z",
    "??1exception@std@@UAE@XZ",
    "?what@exception@std@@UBEPBDXZ",
    "feof",
    "_wcsicmp",
    "??2@YAPAXI@Z",
    "freopen_s",
    "_set_invalid_parameter_handler",
    "_purecall",
    "wprintf",
    "_wgetenv_s",
    "_resetstkoflw",
    "__iob_func",
    "malloc",
    "free",
    "_wtoi",
    "memmove",
    "_recalloc",
    "memset",
    "calloc",
    "_swab",
    "memcpy",
    "_stricmp",
    "_strnicmp",
    "wcstoul",
    "memcmp",
    "?_Winerror_map@std@@YAPBDH@Z",
    "?_Syserror_map@std@@YAPBDH@Z",
    "?_Xbad_alloc@std@@YAXXZ",
    "?_Xout_of_range@std@@YAXPBD@Z",
    "?_Xlength_error@std@@YAXPBD@Z",
    "CoRegisterPSClsid",
    "CoCreateInstance",
    "CLSIDFromString",
    "CoInitializeSecurity",
    "CoInitializeEx",
    "CoRevokeClassObject",
    "CoRegisterClassObject",
    "CoTaskMemFree",
    "CoTaskMemAlloc",
    "CoUninitialize",
    "MessageBoxA",
    "SysAllocStringLen",
    "SysReAllocStringLen",
    "SysAllocString",
    "SysFreeString",
    "SysStringLen",
    "VarBstrCmp",
    "BSTR_UserSize",
    "BSTR_UserMarshal",
    "BSTR_UserUnmarshal",
    "BSTR_UserFree",
    "?update@file_buffer@edge@@IAEXIII@Z",
    "?opened_in_editor@file_buffer@edge@@IAEXXZ",
    "??0a_find_all_refs_operation@edge@@QAE@PAUallocator@1@PAUIntermediateSymbol@@PAVtranslation_unit@1@W4a_far_filter_mode@1@@Z",
    "install_host",
    "??1scoped_query_manager@edge@@QAE@XZ",
    "??0scoped_query_manager@edge@@QAE@PAUallocator@1@PAVtranslation_unit@1@PAUIEdgeSnapshotSession@@_N@Z",
    "?get_inactive_regions_for_file@translation_unit@edge@@QBEXPAUallocator@2@PAUIEdgeSnapshotSession@@PBG_NPAUInactiveRegionArray@@@Z",
    "??1file_buffer@edge@@MAE@XZ",
    "?get_semantic_tokens_for_fragments_in_view@translation_unit@edge@@QBE_NPAUallocator@2@PAUIEdgeSnapshotSession@@PBGPAUSemanticTokenArray@@@Z",
    "?update_range@translation_unit@edge@@QAEXPAUallocator@2@PAUIEdgeSnapshotSession@@Ufile_position@2@2_N3332PAI4@Z",
    "?get_errors_for_file@translation_unit@edge@@QBEXPAUallocator@2@PAUIEdgeSnapshotSession@@PBGPAUIsenseErrorArray@@@Z",
    "?get_errors_for_tu@translation_unit@edge@@QBEXPAUallocator@2@PAUIEdgeSnapshotSession@@PAUIsenseErrorArray@@@Z",
    "?get_output_pch_file@translation_unit@edge@@QBE_NPAU?$buffer@G@2@@Z",
    "?get_input_pch_file@translation_unit@edge@@QBE_NPAU?$buffer@G@2@@Z",
    "?contains_source_file@translation_unit@edge@@QBE_NPBG@Z",
    "?get_preparse_snapshot_session@translation_unit@edge@@QBEPAUIEdgeSnapshotSession@@XZ",
    "?preparse_successful@translation_unit@edge@@QBE_NXZ",
    "??1translation_unit@edge@@QAE@XZ",
    "??0translation_unit@edge@@QAE@HPAPBGPBG1PAUIEdgeSnapshotSession@@@Z",
    "??0file_position@edge@@QAE@XZ",
    "??0file_buffer@edge@@IAE@XZ",
    "?get_reference_highlights@translation_unit@edge@@QBE_NPAUallocator@2@PAUIEdgeSnapshotSession@@PBGPAUReferenceHighlightArray@@@Z",
    "?resolve_candidate@a_find_all_refs_operation@edge@@QAE?AW4a_far_resolution_kind@2@PAUIEdgeSnapshotSession@@ABUfile_position@2@PAK2@Z",
    "??0a_find_def_operation@edge@@QAE@PAUallocator@1@@Z",
    "??1a_find_def_operation@edge@@QAE@XZ",
    "?find_definition@a_find_def_operation@edge@@QAE?AW4an_error_code@12@PAUIntermediateSymbol@@0PAVtranslation_unit@2@PAUIEdgeSnapshotSession@@@Z",
    "?canonicalize@edge@@YAPBGPBG_N@Z",
    "?get_host@edge@@YAPAUhost@1@XZ",
    "??1a_find_all_refs_operation@edge@@QAE@XZ",
    "?fill_in_intermediate@edge@@YAXPAUIntermediateSymbol@@PAUsymbol@1@@Z",
    "?get_param_help_overloads@intellisense_operation@edge@@QAEXPAU?$list@PAUsymbol@edge@@@2@PAW4arg_list_entry_kind@2@PAUfile_position@2@@Z",
    "?get_auto_complete_members@intellisense_operation@edge@@QAEXPAU?$list@PAUsymbol@edge@@@2@W4member_list_kind@12@_NAA_N3@Z",
    "?get_auto_complete_members@intellisense_operation@edge@@QAEXPAU?$list@PAUsymbol@edge@@@2@W4member_list_kind@12@@Z",
    "?last_error_code@intellisense_operation@edge@@QBE?AW4error_code@12@XZ",
    "?call_sites_in_enclosing_function_scope@intellisense_operation@edge@@QAEXPAU?$list@Ucall_site@edge@@@2@@Z",
    "?function_scope_enclosing_cursor@intellisense_operation@edge@@QAEPAUfunction_symbol@2@XZ",
    "?scope_at_cursor@intellisense_operation@edge@@QAEPAUscope_entry@2@PAPAUmember_selection_entry@2@@Z",
    "?function_call_at_cursor@intellisense_operation@edge@@QAE_NPAUcall_site@2@@Z",
    "?symbol_at_cursor@intellisense_operation@edge@@QAEPAUsymbol@2@PAU?$list@PAUsymbol@edge@@@2@@Z",
    "??1intellisense_operation@edge@@QAE@XZ",
    "??0intellisense_operation@edge@@QAE@PAUallocator@1@PAVtranslation_unit@1@PAUIEdgeSnapshotSession@@ABUfile_position@1@_N@Z",
    "?get_intermediate_symbols@a_get_symbol_operation@edge@@QBE?AW4an_error_code@12@PAVtranslation_unit@2@PAUIEdgeSnapshotSession@@W4a_symbol_filter@2@PAUIntermediateSymbolArray@@@Z",
    "??1a_get_symbol_operation@edge@@QAE@XZ",
    "??0a_get_symbol_operation@edge@@QAE@PAUallocator@1@ABUfile_line_column@1@@Z",
    "CStdStubBuffer_DebugServerQueryInterface",
    "NdrCStdStubBuffer_Release",
    "NdrDllGetClassObject",
    "CStdStubBuffer_AddRef",
    "IUnknown_QueryInterface_Proxy",
    "NdrOleFree",
    "NdrOleAllocate",
    "CStdStubBuffer_CountRefs",
    "IUnknown_Release_Proxy",
    "CStdStubBuffer_Connect",
    "CStdStubBuffer_QueryInterface",
    "CStdStubBuffer_Invoke",
    "CStdStubBuffer_IsIIDSupported",
    "CStdStubBuffer_Disconnect",
    "CStdStubBuffer_DebugServerRelease",
    "IUnknown_AddRef_Proxy"
  ],
  "signatures_ttp": {
    "T1045": "Software Packing"
  },
  "signatures_full": [
    {
      "name": "has_pdb",
      "description": "This executable has a PDB path",
      "severity": 1,
      "ttp": {},
      "markcount": 1,
      "marks": [
        {
          "category": "pdb_path",
          "ioc": "VCPkgSrv.pdb",
          "type": "ioc",
          "description": null
        }
      ]
    },
    {
      "name": "pe_features",
      "description": "The executable contains unknown PE section names indicative of a packer (could be a false positive)",
      "severity": 1,
      "ttp": {
        "T1045": {
          "short": "Software Packing",
          "long": "Software packing is a method of compressing or encrypting an executable. Packing an executable changes the file signature in an attempt to avoid signature-based detection. Most decompression techniques decompress the executable code in memory."
        }
      },
      "markcount": 1,
      "marks": [
        {
          "category": "section",
          "ioc": ".orpc",
          "type": "ioc",
          "description": null
        }
      ]
    }
  ],
  "processes": [
    {
      "name": "lsass.exe",
      "path": "C:\\Windows\\System32\\lsass.exe",
      "pid": 484,
      "cmdline": "C:\\Windows\\system32\\lsass.exe",
      "modules": [
        "lsass.exe",
        "ntdll.dll",
        "kernel32.dll",
        "KERNELBASE.dll",
        "msvcrt.dll",
        "RPCRT4.dll",
        "SspiSrv.dll",
        "lsasrv.dll",
        "sechost.dll",
        "SspiCli.dll",
        "ADVAPI32.dll",
        "USER32.dll",
        "GDI32.dll",
        "LPK.dll",
        "USP10.dll",
        "SAMSRV.dll",
        "cryptdll.dll",
        "MSASN1.dll",
        "wevtapi.dll",
        "IMM32.DLL",
        "MSCTF.dll",
        "cngaudit.dll",
        "AUTHZ.dll",
        "ncrypt.dll",
        "bcrypt.dll",
        "msprivs.DLL",
        "netjoin.dll",
        "negoexts.DLL",
        "Secur32.dll",
        "cryptbase.dll",
        "kerberos.DLL",
        "CRYPTSP.dll",
        "WS2_32.dll",
        "NSI.dll",
        "mswsock.dll",
        "wship6.dll",
        "msv1_0.DLL",
        "netlogon.DLL",
        "DNSAPI.dll",
        "logoncli.dll",
        "schannel.DLL",
        "CRYPT32.dll",
        "wdigest.DLL",
        "rsaenh.dll",
        "tspkg.DLL",
        "pku2u.DLL",
        "bcryptprimitives.dll",
        "RpcRtRemote.dll",
        "efslsaext.dll",
        "WINSTA.dll",
        "scecli.DLL",
        "credssp.dll",
        "IPHLPAPI.DLL",
        "WINNSI.DLL",
        "netutils.dll",
        "USERENV.dll",
        "profapi.dll",
        "wshtcpip.dll",
        "monitor-x64.dll"
      ]
    }
  ]
}