{
  "behavior_summary": {
    "file_created": [],
    "file_deleted": [],
    "file_read": [],
    "file_recreated": [],
    "file_exists": [],
    "file_opened": [],
    "regkey_opened": [],
    "regkey_read": [],
    "regkey_written": [],
    "dll_loaded": [],
    "executed_commands": [],
    "directory_created": [],
    "mutex": [],
    "processes_created": [],
    "resolves_host": []
  },
  "dropped_files": [],
  "api_statistics": {},
  "api_call_sequence": [],
  "network": {
    "http": [
      {
        "count": 1,
        "body": "",
        "uri": "http://www.msftncsi.com/ncsi.txt",
        "user-agent": "Microsoft NCSI",
        "method": "GET",
        "host": "www.msftncsi.com",
        "version": "1.1",
        "path": "/ncsi.txt",
        "data": "GET /ncsi.txt HTTP/1.1\r\nConnection: Close\r\nUser-Agent: Microsoft NCSI\r\nHost: www.msftncsi.com\r\n\r\n",
        "port": 80
      }
    ],
    "tcp": [
      {
        "src": "192.168.56.101",
        "dst": "113.171.230.17",
        "offset": 1294,
        "time": 2.8093249797821045,
        "dport": 80,
        "sport": 49161
      }
    ],
    "udp": [
      {
        "src": "192.168.56.101",
        "dst": "192.168.56.255",
        "offset": 2060,
        "time": 3.080414056777954,
        "dport": 137,
        "sport": 137
      },
      {
        "src": "192.168.56.101",
        "dst": "224.0.0.252",
        "offset": 6684,
        "time": 1.0215919017791748,
        "dport": 5355,
        "sport": 50233
      },
      {
        "src": "192.168.56.101",
        "dst": "224.0.0.252",
        "offset": 7004,
        "time": 2.0418710708618164,
        "dport": 5355,
        "sport": 52790
      },
      {
        "src": "192.168.56.101",
        "dst": "224.0.0.252",
        "offset": 7332,
        "time": 0.0519709587097168,
        "dport": 5355,
        "sport": 53526
      },
      {
        "src": "192.168.56.101",
        "dst": "224.0.0.252",
        "offset": 7660,
        "time": 3.0131940841674805,
        "dport": 5355,
        "sport": 59798
      },
      {
        "src": "192.168.56.101",
        "dst": "224.0.0.252",
        "offset": 7980,
        "time": 3.0108559131622314,
        "dport": 5355,
        "sport": 60897
      },
      {
        "src": "192.168.56.101",
        "dst": "224.0.0.252",
        "offset": 8308,
        "time": 2.4320790767669678,
        "dport": 5355,
        "sport": 62139
      },
      {
        "src": "192.168.56.101",
        "dst": "8.8.8.8",
        "offset": 8628,
        "time": 2.078278064727783,
        "dport": 53,
        "sport": 54506
      },
      {
        "src": "192.168.56.101",
        "dst": "8.8.8.8",
        "offset": 8840,
        "time": 2.047636032104492,
        "dport": 53,
        "sport": 55116
      },
      {
        "src": "192.168.56.101",
        "dst": "8.8.8.8",
        "offset": 9040,
        "time": 3.01111102104187,
        "dport": 53,
        "sport": 58709
      },
      {
        "src": "192.168.56.101",
        "dst": "8.8.8.8",
        "offset": 9315,
        "time": 2.753325939178467,
        "dport": 53,
        "sport": 65068
      }
    ],
    "dns": [
      {
        "type": "A",
        "request": "www.msftncsi.com",
        "answers": [
          {
            "data": "113.171.230.17",
            "type": "A"
          },
          {
            "data": "www.msftncsi.com.edgesuite.net",
            "type": "CNAME"
          },
          {
            "data": "a1961.g2.akamai.net",
            "type": "CNAME"
          }
        ]
      },
      {
        "type": "A",
        "request": "dns.msftncsi.com",
        "answers": [
          {
            "data": "131.107.255.255",
            "type": "A"
          }
        ]
      },
      {
        "type": "AAAA",
        "request": "dns.msftncsi.com",
        "answers": [
          {
            "data": "fd3e:4f5a:5b81::1",
            "type": "AAAA"
          }
        ]
      },
      {
        "type": "A",
        "request": "teredo.ipv6.microsoft.com",
        "answers": []
      }
    ],
    "hosts": [
      "113.171.230.17",
      "8.8.8.8"
    ],
    "icmp": [],
    "smtp": []
  },
  "static_imports": [
    "gimp_ui_init",
    "gimp_window_set_transient",
    "gimp_zoom_preview_get_factor",
    "gimp_zoom_preview_get_source",
    "gimp_zoom_preview_get_type",
    "gimp_zoom_preview_new",
    "DeleteCriticalSection",
    "EnterCriticalSection",
    "GetCurrentProcess",
    "GetCurrentProcessId",
    "GetCurrentThreadId",
    "GetLastError",
    "GetModuleHandleA",
    "GetProcAddress",
    "GetStartupInfoA",
    "GetSystemTimeAsFileTime",
    "GetTickCount",
    "InitializeCriticalSection",
    "LeaveCriticalSection",
    "QueryPerformanceCounter",
    "RtlAddFunctionTable",
    "RtlCaptureContext",
    "RtlLookupFunctionEntry",
    "RtlVirtualUnwind",
    "SetUnhandledExceptionFilter",
    "Sleep",
    "TerminateProcess",
    "TlsGetValue",
    "UnhandledExceptionFilter",
    "VirtualProtect",
    "VirtualQuery",
    "__C_specific_handler",
    "__argc",
    "__argv",
    "__dllonexit",
    "__getmainargs",
    "__initenv",
    "__iob_func",
    "__lconv_init",
    "__set_app_type",
    "__setusermatherr",
    "_acmdln",
    "_amsg_exit",
    "_cexit",
    "_errno",
    "_fmode",
    "_initterm",
    "_lock",
    "_onexit",
    "_unlock",
    "abort",
    "calloc",
    "exit",
    "fprintf",
    "free",
    "fwrite",
    "malloc",
    "memcpy",
    "signal",
    "strlen",
    "strncmp",
    "vfprintf",
    "gimp_displays_flush",
    "gimp_drawable_bpp",
    "gimp_drawable_detach",
    "gimp_drawable_flush",
    "gimp_drawable_get",
    "gimp_drawable_has_alpha",
    "gimp_drawable_is_gray",
    "gimp_drawable_is_rgb",
    "gimp_drawable_mask_bounds",
    "gimp_drawable_merge_shadow",
    "gimp_drawable_update",
    "gimp_image_get_resolution",
    "gimp_install_procedure",
    "gimp_item_get_image",
    "gimp_main",
    "gimp_pixel_rgn_init",
    "gimp_pixel_rgns_process",
    "gimp_pixel_rgns_register",
    "gimp_plugin_menu_register",
    "gimp_procedural_db_get_data",
    "gimp_procedural_db_set_data",
    "gimp_progress_init",
    "gimp_progress_update",
    "gimp_tile_cache_ntiles",
    "gimp_tile_width",
    "gimp_locale_directory",
    "gimp_hsv_to_rgb",
    "gimp_rgb_set_alpha",
    "gimp_rgb_to_hsv",
    "gimp_color_button_get_color",
    "gimp_color_button_new",
    "gimp_coordinates_new",
    "gimp_dialog_get_type",
    "gimp_dialog_new",
    "gimp_dialog_run",
    "gimp_frame_new",
    "gimp_int_adjustment_update",
    "gimp_preview_area_get_type",
    "gimp_preview_draw_buffer",
    "gimp_preview_get_size",
    "gimp_preview_get_type",
    "gimp_preview_invalidate",
    "gimp_preview_set_default_cursor",
    "gimp_preview_transform",
    "gimp_preview_untransform",
    "gimp_scale_entry_new",
    "gimp_size_entry_get_refval",
    "gimp_size_entry_get_type",
    "gimp_size_entry_set_refval",
    "gimp_standard_help_func",
    "gimp_table_attach_aligned",
    "gimp_toggle_button_update",
    "gtk_box_new",
    "cairo_destroy",
    "cairo_line_to",
    "cairo_move_to",
    "cairo_set_line_width",
    "cairo_set_source_rgba",
    "cairo_stroke",
    "cairo_stroke_preserve",
    "gdk_cairo_create",
    "gdk_cursor_new_for_display",
    "gdk_cursor_unref",
    "gdk_event_request_motions",
    "g_free",
    "g_malloc",
    "g_malloc0",
    "g_malloc_n",
    "g_rand_double",
    "g_rand_double_range",
    "g_rand_free",
    "g_rand_new",
    "g_signal_connect_data",
    "g_signal_handlers_block_matched",
    "g_signal_handlers_unblock_matched",
    "g_type_check_instance_cast",
    "gtk_box_get_type",
    "gtk_box_pack_start",
    "gtk_check_button_new_with_mnemonic",
    "gtk_container_add",
    "gtk_container_get_type",
    "gtk_container_set_border_width",
    "gtk_dialog_get_content_area",
    "gtk_dialog_get_type",
    "gtk_dialog_set_alternative_button_order",
    "gtk_table_attach",
    "gtk_table_get_type",
    "gtk_table_new",
    "gtk_table_set_col_spacings",
    "gtk_table_set_row_spacing",
    "gtk_table_set_row_spacings",
    "gtk_toggle_button_get_type",
    "gtk_toggle_button_set_active",
    "gtk_widget_add_events",
    "gtk_widget_destroy",
    "gtk_widget_get_allocation",
    "gtk_widget_get_display",
    "gtk_widget_get_type",
    "gtk_widget_get_window",
    "gtk_widget_queue_draw",
    "gtk_widget_show",
    "gtk_window_get_type",
    "libintl_bind_textdomain_codeset",
    "libintl_bindtextdomain",
    "libintl_gettext",
    "libintl_textdomain"
  ],
  "signatures_ttp": {},
  "signatures_full": [],
  "processes": [
    {
      "name": "lsass.exe",
      "path": "C:\\Windows\\System32\\lsass.exe",
      "pid": 484,
      "cmdline": "C:\\Windows\\system32\\lsass.exe",
      "modules": [
        "lsass.exe",
        "ntdll.dll",
        "kernel32.dll",
        "KERNELBASE.dll",
        "msvcrt.dll",
        "RPCRT4.dll",
        "SspiSrv.dll",
        "lsasrv.dll",
        "sechost.dll",
        "SspiCli.dll",
        "ADVAPI32.dll",
        "USER32.dll",
        "GDI32.dll",
        "LPK.dll",
        "USP10.dll",
        "SAMSRV.dll",
        "cryptdll.dll",
        "MSASN1.dll",
        "wevtapi.dll",
        "IMM32.DLL",
        "MSCTF.dll",
        "cngaudit.dll",
        "AUTHZ.dll",
        "ncrypt.dll",
        "bcrypt.dll",
        "msprivs.DLL",
        "netjoin.dll",
        "negoexts.DLL",
        "Secur32.dll",
        "cryptbase.dll",
        "kerberos.DLL",
        "CRYPTSP.dll",
        "WS2_32.dll",
        "NSI.dll",
        "mswsock.dll",
        "wship6.dll",
        "msv1_0.DLL",
        "netlogon.DLL",
        "DNSAPI.dll",
        "logoncli.dll",
        "schannel.DLL",
        "CRYPT32.dll",
        "wdigest.DLL",
        "rsaenh.dll",
        "tspkg.DLL",
        "pku2u.DLL",
        "bcryptprimitives.dll",
        "RpcRtRemote.dll",
        "efslsaext.dll",
        "WINSTA.dll",
        "scecli.DLL",
        "credssp.dll",
        "IPHLPAPI.DLL",
        "WINNSI.DLL",
        "netutils.dll",
        "USERENV.dll",
        "profapi.dll",
        "wshtcpip.dll",
        "monitor-x64.dll"
      ]
    }
  ]
}