{
  "behavior_summary": {
    "file_created": [],
    "file_deleted": [],
    "file_read": [],
    "file_recreated": [],
    "file_exists": [],
    "file_opened": [],
    "regkey_opened": [],
    "regkey_read": [],
    "regkey_written": [],
    "dll_loaded": [],
    "executed_commands": [],
    "directory_created": [],
    "mutex": [],
    "processes_created": [],
    "resolves_host": []
  },
  "dropped_files": [],
  "api_statistics": {},
  "api_call_sequence": [],
  "network": {
    "http": [
      {
        "count": 1,
        "body": "",
        "uri": "http://www.msftncsi.com/ncsi.txt",
        "user-agent": "Microsoft NCSI",
        "method": "GET",
        "host": "www.msftncsi.com",
        "version": "1.1",
        "path": "/ncsi.txt",
        "data": "GET /ncsi.txt HTTP/1.1\r\nConnection: Close\r\nUser-Agent: Microsoft NCSI\r\nHost: www.msftncsi.com\r\n\r\n",
        "port": 80
      }
    ],
    "tcp": [
      {
        "src": "192.168.56.101",
        "dst": "113.171.230.17",
        "offset": 1468,
        "time": 2.8062100410461426,
        "dport": 80,
        "sport": 49160
      }
    ],
    "udp": [
      {
        "src": "192.168.56.101",
        "dst": "192.168.56.255",
        "offset": 2234,
        "time": 3.0803329944610596,
        "dport": 137,
        "sport": 137
      },
      {
        "src": "192.168.56.101",
        "dst": "224.0.0.252",
        "offset": 6606,
        "time": 1.018528938293457,
        "dport": 5355,
        "sport": 50233
      },
      {
        "src": "192.168.56.101",
        "dst": "224.0.0.252",
        "offset": 6926,
        "time": 1.552495002746582,
        "dport": 5355,
        "sport": 52790
      },
      {
        "src": "192.168.56.101",
        "dst": "224.0.0.252",
        "offset": 7254,
        "time": 0.055830955505371094,
        "dport": 5355,
        "sport": 53526
      },
      {
        "src": "192.168.56.101",
        "dst": "224.0.0.252",
        "offset": 7582,
        "time": 3.0102720260620117,
        "dport": 5355,
        "sport": 59798
      },
      {
        "src": "192.168.56.101",
        "dst": "224.0.0.252",
        "offset": 7902,
        "time": 3.0096359252929688,
        "dport": 5355,
        "sport": 60897
      },
      {
        "src": "192.168.56.101",
        "dst": "224.0.0.252",
        "offset": 8230,
        "time": 2.4269189834594727,
        "dport": 5355,
        "sport": 62139
      },
      {
        "src": "192.168.56.101",
        "dst": "8.8.8.8",
        "offset": 8550,
        "time": 2.0698039531707764,
        "dport": 53,
        "sport": 54506
      },
      {
        "src": "192.168.56.101",
        "dst": "8.8.8.8",
        "offset": 8762,
        "time": 2.041252851486206,
        "dport": 53,
        "sport": 55116
      },
      {
        "src": "192.168.56.101",
        "dst": "8.8.8.8",
        "offset": 8962,
        "time": 3.0100228786468506,
        "dport": 53,
        "sport": 57168
      },
      {
        "src": "192.168.56.101",
        "dst": "8.8.8.8",
        "offset": 9237,
        "time": 2.752631902694702,
        "dport": 53,
        "sport": 65068
      }
    ],
    "dns": [
      {
        "type": "A",
        "request": "www.msftncsi.com",
        "answers": [
          {
            "data": "113.171.230.17",
            "type": "A"
          },
          {
            "data": "www.msftncsi.com.edgesuite.net",
            "type": "CNAME"
          },
          {
            "data": "a1961.g2.akamai.net",
            "type": "CNAME"
          }
        ]
      },
      {
        "type": "A",
        "request": "dns.msftncsi.com",
        "answers": [
          {
            "data": "131.107.255.255",
            "type": "A"
          }
        ]
      },
      {
        "type": "AAAA",
        "request": "dns.msftncsi.com",
        "answers": [
          {
            "data": "fd3e:4f5a:5b81::1",
            "type": "AAAA"
          }
        ]
      },
      {
        "type": "A",
        "request": "teredo.ipv6.microsoft.com",
        "answers": []
      }
    ],
    "hosts": [
      "113.171.230.17",
      "8.8.8.8"
    ],
    "icmp": [],
    "smtp": []
  },
  "static_imports": [
    "gimp_drawable_combo_box_new",
    "gimp_ui_init",
    "gimp_window_set_transient",
    "DeleteCriticalSection",
    "EnterCriticalSection",
    "GetCurrentProcess",
    "GetCurrentProcessId",
    "GetCurrentThreadId",
    "GetLastError",
    "GetModuleHandleA",
    "GetProcAddress",
    "GetStartupInfoA",
    "GetSystemTimeAsFileTime",
    "GetTickCount",
    "InitializeCriticalSection",
    "LeaveCriticalSection",
    "QueryPerformanceCounter",
    "RtlAddFunctionTable",
    "RtlCaptureContext",
    "RtlLookupFunctionEntry",
    "RtlVirtualUnwind",
    "SetUnhandledExceptionFilter",
    "Sleep",
    "TerminateProcess",
    "TlsGetValue",
    "UnhandledExceptionFilter",
    "VirtualProtect",
    "VirtualQuery",
    "__C_specific_handler",
    "__argc",
    "__argv",
    "__dllonexit",
    "__getmainargs",
    "__initenv",
    "__iob_func",
    "__lconv_init",
    "__set_app_type",
    "__setusermatherr",
    "_acmdln",
    "_amsg_exit",
    "_cexit",
    "_errno",
    "_fmode",
    "_initterm",
    "_lock",
    "_onexit",
    "_unlock",
    "abort",
    "acos",
    "calloc",
    "exit",
    "fclose",
    "fprintf",
    "free",
    "fscanf",
    "fwrite",
    "malloc",
    "memcpy",
    "signal",
    "strlen",
    "strncmp",
    "vfprintf",
    "gimp_display_new",
    "gimp_displays_flush",
    "gimp_drawable_bpp",
    "gimp_drawable_detach",
    "gimp_drawable_flush",
    "gimp_drawable_get",
    "gimp_drawable_has_alpha",
    "gimp_drawable_height",
    "gimp_drawable_is_gray",
    "gimp_drawable_is_indexed",
    "gimp_drawable_is_rgb",
    "gimp_drawable_mask_bounds",
    "gimp_drawable_merge_shadow",
    "gimp_drawable_update",
    "gimp_drawable_width",
    "gimp_gimprc_query",
    "gimp_image_insert_layer",
    "gimp_image_new",
    "gimp_install_procedure",
    "gimp_item_get_image",
    "gimp_layer_new",
    "gimp_main",
    "gimp_pixel_rgn_get_pixel",
    "gimp_pixel_rgn_get_row",
    "gimp_pixel_rgn_init",
    "gimp_pixel_rgn_set_pixel",
    "gimp_pixel_rgn_set_row",
    "gimp_plugin_menu_register",
    "gimp_procedural_db_get_data",
    "gimp_procedural_db_set_data",
    "gimp_progress_init",
    "gimp_progress_update",
    "gimp_tile_cache_ntiles",
    "gimp_directory",
    "gimp_locale_directory",
    "gimp_path_free",
    "gimp_path_get_user_writable_dir",
    "gimp_path_parse",
    "gimp_bilinear",
    "gimp_bilinear_rgba",
    "gimp_rgb_add",
    "gimp_rgb_clamp",
    "gimp_rgb_composite",
    "gimp_rgb_get_uchar",
    "gimp_rgb_multiply",
    "gimp_rgb_set_alpha",
    "gimp_rgba_set",
    "gimp_vector3_add",
    "gimp_vector3_cross_product",
    "gimp_vector3_inner_product",
    "gimp_vector3_length",
    "gimp_vector3_mul",
    "gimp_vector3_normalize",
    "gimp_vector3_set",
    "gimp_vector3_sub",
    "gimp_vector_2d_to_3d",
    "gimp_vector_3d_to_2d",
    "gimp_color_button_get_color",
    "gimp_color_button_get_type",
    "gimp_color_button_new",
    "gimp_color_button_set_color",
    "gimp_color_button_set_update",
    "gimp_dialog_get_type",
    "gimp_dialog_new",
    "gimp_dialog_run",
    "gimp_double_adjustment_update",
    "gimp_frame_new",
    "gimp_help_set_help_data",
    "gimp_int_combo_box_connect",
    "gimp_int_combo_box_get_active",
    "gimp_int_combo_box_get_type",
    "gimp_int_combo_box_new",
    "gimp_int_combo_box_set_active",
    "gimp_scale_entry_new",
    "gimp_spin_button_new",
    "gimp_standard_help_func",
    "gimp_table_attach_aligned",
    "gimp_toggle_button_update",
    "gtk_box_new",
    "cairo_arc",
    "cairo_destroy",
    "cairo_fill",
    "cairo_format_stride_for_width",
    "cairo_image_surface_create_for_data",
    "cairo_line_to",
    "cairo_move_to",
    "cairo_paint",
    "cairo_set_line_width",
    "cairo_set_source_surface",
    "cairo_stroke",
    "cairo_surface_destroy",
    "cairo_surface_flush",
    "cairo_surface_mark_dirty",
    "gdk_cairo_create",
    "gdk_cairo_set_source_color",
    "gdk_cursor_new_for_display",
    "gdk_cursor_unref",
    "gdk_flush",
    "gdk_window_set_cursor",
    "gdk_pixbuf_new_from_inline",
    "g_ascii_dtostr",
    "g_ascii_strtod",
    "g_dpgettext",
    "g_filename_from_utf8_utf8",
    "g_fopen",
    "g_free",
    "g_get_tmp_dir",
    "g_log",
    "g_malloc",
    "g_malloc0",
    "g_malloc_n",
    "g_source_remove",
    "g_strdup",
    "g_strerror",
    "g_timeout_add",
    "g_object_bind_property",
    "g_object_unref",
    "g_signal_connect_data",
    "g_type_check_instance_cast",
    "gtk_adjustment_get_value",
    "gtk_box_get_type",
    "gtk_box_pack_start",
    "gtk_button_new_from_stock",
    "gtk_button_new_with_mnemonic",
    "gtk_check_button_new_with_mnemonic",
    "gtk_container_add",
    "gtk_container_get_type",
    "gtk_container_set_border_width",
    "gtk_dialog_get_content_area",
    "gtk_dialog_get_type",
    "gtk_dialog_set_alternative_button_order",
    "gtk_dialog_set_default_response",
    "gtk_drawing_area_new",
    "gtk_file_chooser_dialog_new",
    "gtk_file_chooser_get_filename_utf8",
    "gtk_file_chooser_get_type",
    "gtk_file_chooser_set_current_folder_utf8",
    "gtk_file_chooser_set_do_overwrite_confirmation",
    "gtk_frame_get_type",
    "gtk_frame_new",
    "gtk_frame_set_label_widget",
    "gtk_frame_set_shadow_type",
    "gtk_icon_factory_add",
    "gtk_icon_factory_add_default",
    "gtk_icon_factory_new",
    "gtk_icon_set_add_source",
    "gtk_icon_set_new",
    "gtk_icon_set_unref",
    "gtk_icon_source_free",
    "gtk_icon_source_new",
    "gtk_icon_source_set_pixbuf",
    "gtk_icon_source_set_size",
    "gtk_icon_source_set_size_wildcarded",
    "gtk_image_new_from_stock",
    "gtk_label_get_type",
    "gtk_label_new",
    "gtk_label_new_with_mnemonic",
    "gtk_label_set_mnemonic_widget",
    "gtk_misc_get_type",
    "gtk_misc_set_alignment",
    "gtk_notebook_append_page",
    "gtk_notebook_get_type",
    "gtk_notebook_new",
    "gtk_size_group_add_widget",
    "gtk_size_group_new",
    "gtk_spin_button_get_type",
    "gtk_spin_button_get_value",
    "gtk_spin_button_set_value",
    "gtk_stock_add_static",
    "gtk_table_attach",
    "gtk_table_attach_defaults",
    "gtk_table_get_type",
    "gtk_table_new",
    "gtk_table_set_col_spacing",
    "gtk_table_set_col_spacings",
    "gtk_table_set_row_spacing",
    "gtk_table_set_row_spacings",
    "gtk_toggle_button_get_active",
    "gtk_toggle_button_get_type",
    "gtk_toggle_button_set_active",
    "gtk_widget_destroy",
    "gtk_widget_destroyed",
    "gtk_widget_get_display",
    "gtk_widget_get_type",
    "gtk_widget_get_window",
    "gtk_widget_queue_draw",
    "gtk_widget_realize",
    "gtk_widget_set_events",
    "gtk_widget_set_sensitive",
    "gtk_widget_set_size_request",
    "gtk_widget_show",
    "gtk_window_get_type",
    "gtk_window_present",
    "libintl_bind_textdomain_codeset",
    "libintl_bindtextdomain",
    "libintl_fprintf",
    "libintl_gettext",
    "libintl_snprintf",
    "libintl_textdomain"
  ],
  "signatures_ttp": {},
  "signatures_full": [],
  "processes": [
    {
      "name": "lsass.exe",
      "path": "C:\\Windows\\System32\\lsass.exe",
      "pid": 484,
      "cmdline": "C:\\Windows\\system32\\lsass.exe",
      "modules": [
        "lsass.exe",
        "ntdll.dll",
        "kernel32.dll",
        "KERNELBASE.dll",
        "msvcrt.dll",
        "RPCRT4.dll",
        "SspiSrv.dll",
        "lsasrv.dll",
        "sechost.dll",
        "SspiCli.dll",
        "ADVAPI32.dll",
        "USER32.dll",
        "GDI32.dll",
        "LPK.dll",
        "USP10.dll",
        "SAMSRV.dll",
        "cryptdll.dll",
        "MSASN1.dll",
        "wevtapi.dll",
        "IMM32.DLL",
        "MSCTF.dll",
        "cngaudit.dll",
        "AUTHZ.dll",
        "ncrypt.dll",
        "bcrypt.dll",
        "msprivs.DLL",
        "netjoin.dll",
        "negoexts.DLL",
        "Secur32.dll",
        "cryptbase.dll",
        "kerberos.DLL",
        "CRYPTSP.dll",
        "WS2_32.dll",
        "NSI.dll",
        "mswsock.dll",
        "wship6.dll",
        "msv1_0.DLL",
        "netlogon.DLL",
        "DNSAPI.dll",
        "logoncli.dll",
        "schannel.DLL",
        "CRYPT32.dll",
        "wdigest.DLL",
        "rsaenh.dll",
        "tspkg.DLL",
        "pku2u.DLL",
        "bcryptprimitives.dll",
        "RpcRtRemote.dll",
        "efslsaext.dll",
        "WINSTA.dll",
        "scecli.DLL",
        "credssp.dll",
        "IPHLPAPI.DLL",
        "WINNSI.DLL",
        "netutils.dll",
        "USERENV.dll",
        "profapi.dll",
        "wshtcpip.dll",
        "monitor-x64.dll"
      ]
    }
  ]
}