{
  "behavior_summary": {
    "file_created": [
      "C:\\Windows\\Logs\\DXError.log",
      "C:\\Windows\\Logs\\DirectX.log"
    ],
    "file_deleted": [],
    "file_read": [
      "C:\\Windows\\Logs\\DXError.log",
      "C:\\Windows\\Logs\\DirectX.log"
    ],
    "file_recreated": [],
    "file_exists": [],
    "file_opened": [
      "C:\\Windows\\SysWOW64\\en-US\\KERNELBASE.dll.mui",
      "C:\\Windows\\Logs\\DXError.log",
      "C:\\Windows\\Logs\\DirectX.log"
    ],
    "regkey_opened": [
      "HKEY_LOCAL_MACHINE\\Software\\Microsoft\\Windows\\CurrentVersion",
      "HKEY_LOCAL_MACHINE\\Software\\Microsoft\\DirectX",
      "HKEY_LOCAL_MACHINE\\SOFTWARE\\Microsoft\\OLE",
      "HKEY_LOCAL_MACHINE\\SOFTWARE\\Microsoft\\OLEAUT",
      "HKEY_LOCAL_MACHINE\\Software\\Microsoft\\Windows\\CurrentVersion\\Setup",
      "HKEY_LOCAL_MACHINE\\Software\\Microsoft\\OLE\\Tracing",
      "HKEY_LOCAL_MACHINE\\Software\\Microsoft\\Advanced INF Setup"
    ],
    "regkey_read": [
      "HKEY_LOCAL_MACHINE\\SOFTWARE\\Microsoft\\Windows\\CurrentVersion\\Setup\\SourcePath",
      "HKEY_LOCAL_MACHINE\\SOFTWARE\\Wow6432Node\\Microsoft\\Windows\\CurrentVersion\\DevicePath",
      "HKEY_LOCAL_MACHINE\\SYSTEM\\ControlSet001\\Control\\Nls\\CustomLocale\\en-US",
      "HKEY_LOCAL_MACHINE\\SOFTWARE\\Microsoft\\OLE\\PageAllocatorUseSystemHeap",
      "HKEY_LOCAL_MACHINE\\SOFTWARE\\Microsoft\\Windows NT\\CurrentVersion\\GRE_Initialize\\DisableMetaFiles",
      "HKEY_LOCAL_MACHINE\\SYSTEM\\ControlSet001\\Control\\Nls\\ExtendedLocale\\en-US",
      "HKEY_LOCAL_MACHINE\\SOFTWARE\\Microsoft\\OLE\\PageAllocatorSystemHeapIsPrivate",
      "HKEY_LOCAL_MACHINE\\SOFTWARE\\Wow6432Node\\Microsoft\\Advanced INF Setup\\AdvpackLogFile"
    ],
    "regkey_written": [
      "HKEY_LOCAL_MACHINE\\SOFTWARE\\Wow6432Node\\Microsoft\\DirectX\\command",
      "HKEY_LOCAL_MACHINE\\SOFTWARE\\Wow6432Node\\Microsoft\\DirectX\\DXSetup"
    ],
    "dll_loaded": [
      "advapi32.dll",
      "advpack.dll",
      "API-MS-Win-Core-LocalRegistry-L1-1-0.dll",
      "dsetup.dll"
    ],
    "executed_commands": [],
    "directory_created": [
      "C:\\Windows\\Logs"
    ],
    "mutex": [
      "DirectX Setup"
    ],
    "processes_created": [],
    "resolves_host": []
  },
  "dropped_files": [
    {
      "yara": [],
      "sha1": "fc130eba755d77e70821a72b41bf412dcf6b8a6b",
      "name": "908ef826688156bc_dxerror.log",
      "filepath": "C:\\Windows\\Logs\\DXError.log",
      "type": "ASCII text, with CRLF, CR line terminators",
      "sha256": "908ef826688156bca6a3fc0b3e9723784ad3c41c10895248c4d4de0594abe971",
      "urls": [],
      "crc32": "1C95B066",
      "path": "/home/cuckoo/.cuckoo/storage/analyses/136/files/908ef826688156bc_dxerror.log",
      "ssdeep": null,
      "size": 384,
      "sha512": "1fccf0e05249a8da169a443074b2f7132e17b658980db8e4538947d74d8908f36bfdeb672c32a265736c332f87415615e21d466714c53e78f7dcce7b73e1997c",
      "pids": [
        2260
      ],
      "md5": "a87b1ebbc89937959cf4e58b0f082878"
    },
    {
      "yara": [],
      "sha1": "1b2e1a57f09e1360be73a217edb07a4406691562",
      "name": "7dac49f3e47f0e17_directx.log",
      "filepath": "C:\\Windows\\Logs\\DirectX.log",
      "type": "ASCII text, with CRLF line terminators",
      "sha256": "7dac49f3e47f0e17b0e0694bf1f87ea43848f0c6ea57de0dad5de524ad325d12",
      "urls": [],
      "crc32": "47CE3600",
      "path": "/home/cuckoo/.cuckoo/storage/analyses/136/files/7dac49f3e47f0e17_directx.log",
      "ssdeep": null,
      "size": 198,
      "sha512": "5f15e3c51647795c33f96890a345017cfbd3da7f26decf1e5446fd64aa063d0420a187b396d793fcbb9122c7320638df5ec9545047055482bb75ed55ee95dd81",
      "pids": [
        2260
      ],
      "md5": "597c0455fd0f5fceabee0313b9e7dac7"
    }
  ],
  "api_statistics": {
    "2260": {
      "GetNativeSystemInfo": 1,
      "RegCloseKey": 6,
      "LdrUnloadDll": 4,
      "GetSystemInfo": 1,
      "GetSystemWindowsDirectoryW": 6,
      "NtClose": 41,
      "RegCreateKeyExA": 1,
      "MessageBoxTimeoutA": 1,
      "RegQueryValueExW": 5,
      "NtOpenDirectoryObject": 1,
      "NtMapViewOfSection": 1,
      "RegOpenKeyExW": 6,
      "SetErrorMode": 2,
      "NtAllocateVirtualMemory": 6,
      "RegOpenKeyExA": 2,
      "NtWriteFile": 18,
      "LdrGetDllHandle": 5,
      "NtFreeVirtualMemory": 3,
      "NtReadFile": 16,
      "LoadStringA": 2,
      "NtUnmapViewOfSection": 4,
      "SetFilePointer": 70,
      "GetSystemDirectoryW": 2,
      "SetUnhandledExceptionFilter": 1,
      "NtCreateFile": 19,
      "GetSystemTimeAsFileTime": 1,
      "FindFirstFileExW": 5,
      "NtCreateMutant": 3,
      "NtCreateSection": 1,
      "LoadStringW": 1,
      "NtOpenKey": 3,
      "LdrGetProcedureAddress": 8,
      "CreateDirectoryW": 2,
      "RegSetValueExA": 2,
      "GetFileType": 18,
      "LdrLoadDll": 4,
      "NtTerminateProcess": 3,
      "NtQueryValueKey": 3
    }
  },
  "api_call_sequence": [
    {
      "time": 1746151435.280875,
      "api": "GetSystemTimeAsFileTime",
      "pid": 2260,
      "arguments": {},
      "category": "synchronisation"
    },
    {
      "time": 1746151435.280875,
      "api": "NtAllocateVirtualMemory",
      "pid": 2260,
      "arguments": {
        "process_identifier": 2260,
        "region_size": 1703936,
        "stack_dep_bypass": 0,
        "stack_pivoted": 0,
        "heap_dep_bypass": 0,
        "protection": 4,
        "process_handle": "0xffffffff",
        "allocation_type": 8192,
        "base_address": "0x00870000"
      },
      "category": "process"
    },
    {
      "time": 1746151435.280875,
      "api": "NtFreeVirtualMemory",
      "pid": 2260,
      "arguments": {
        "free_type": 32768,
        "process_identifier": 2260,
        "process_handle": "0xffffffff",
        "base_address": "0x00870000",
        "size": 1638400
      },
      "category": "process"
    },
    {
      "time": 1746151435.280875,
      "api": "NtAllocateVirtualMemory",
      "pid": 2260,
      "arguments": {
        "process_identifier": 2260,
        "region_size": 4096,
        "stack_dep_bypass": 0,
        "stack_pivoted": 0,
        "heap_dep_bypass": 0,
        "protection": 4,
        "process_handle": "0xffffffff",
        "allocation_type": 4096,
        "base_address": "0x00a00000"
      },
      "category": "process"
    },
    {
      "time": 1746151435.280875,
      "api": "LdrGetDllHandle",
      "pid": 2260,
      "arguments": {
        "module_name": "KERNEL32.DLL",
        "stack_pivoted": 0,
        "module_address": "0x77820000"
      },
      "category": "system"
    },
    {
      "time": 1746151435.280875,
      "api": "LdrGetProcedureAddress",
      "pid": 2260,
      "arguments": {
        "ordinal": 0,
        "module": "kernel32",
        "module_address": "0x77820000",
        "function_address": "0x77834f2b",
        "function_name": "FlsAlloc"
      },
      "category": "system"
    },
    {
      "time": 1746151435.280875,
      "api": "LdrGetProcedureAddress",
      "pid": 2260,
      "arguments": {
        "ordinal": 0,
        "module": "kernel32",
        "module_address": "0x77820000",
        "function_address": "0x77831252",
        "function_name": "FlsGetValue"
      },
      "category": "system"
    },
    {
      "time": 1746151435.280875,
      "api": "LdrGetProcedureAddress",
      "pid": 2260,
      "arguments": {
        "ordinal": 0,
        "module": "kernel32",
        "module_address": "0x77820000",
        "function_address": "0x77834208",
        "function_name": "FlsSetValue"
      },
      "category": "system"
    },
    {
      "time": 1746151435.280875,
      "api": "LdrGetProcedureAddress",
      "pid": 2260,
      "arguments": {
        "ordinal": 0,
        "module": "kernel32",
        "module_address": "0x77820000",
        "function_address": "0x7783359f",
        "function_name": "FlsFree"
      },
      "category": "system"
    },
    {
      "time": 1746151435.280875,
      "api": "LdrGetDllHandle",
      "pid": 2260,
      "arguments": {
        "module_name": "KERNEL32.DLL",
        "stack_pivoted": 0,
        "module_address": "0x77820000"
      },
      "category": "system"
    },
    {
      "time": 1746151435.280875,
      "api": "NtAllocateVirtualMemory",
      "pid": 2260,
      "arguments": {
        "process_identifier": 2260,
        "region_size": 4096,
        "stack_dep_bypass": 0,
        "stack_pivoted": 0,
        "heap_dep_bypass": 0,
        "protection": 4,
        "process_handle": "0xffffffff",
        "allocation_type": 4096,
        "base_address": "0x00a01000"
      },
      "category": "process"
    },
    {
      "time": 1746151435.280875,
      "api": "NtAllocateVirtualMemory",
      "pid": 2260,
      "arguments": {
        "process_identifier": 2260,
        "region_size": 4096,
        "stack_dep_bypass": 0,
        "stack_pivoted": 0,
        "heap_dep_bypass": 0,
        "protection": 4,
        "process_handle": "0xffffffff",
        "allocation_type": 4096,
        "base_address": "0x00a02000"
      },
      "category": "process"
    },
    {
      "time": 1746151435.280875,
      "api": "SetUnhandledExceptionFilter",
      "pid": 2260,
      "arguments": {},
      "category": "exception"
    },
    {
      "time": 1746151435.280875,
      "api": "NtOpenDirectoryObject",
      "pid": 2260,
      "arguments": {
        "desired_access": "0x0000000f",
        "dirpath_r": "\\Sessions\\1\\BaseNamedObjects",
        "dirpath": "\\Sessions\\1\\BaseNamedObjects",
        "directory_handle": "0x00000074"
      },
      "category": "file"
    },
    {
      "time": 1746151435.280875,
      "api": "NtCreateMutant",
      "pid": 2260,
      "arguments": {
        "initial_owner": 0,
        "desired_access": "0x001f0001",
        "mutant_name": "DirectX Setup",
        "mutant_handle": "0x00000078"
      },
      "category": "synchronisation"
    },
    {
      "time": 1746151435.280875,
      "api": "CreateDirectoryW",
      "pid": 2260,
      "arguments": {
        "dirpath_r": "C:\\Windows\\Logs",
        "dirpath": "C:\\Windows\\Logs"
      },
      "category": "file"
    },
    {
      "time": 1746151435.280875,
      "api": "NtCreateFile",
      "pid": 2260,
      "arguments": {
        "create_disposition": 3,
        "file_handle": "0x0000007c",
        "filepath": "C:\\Windows\\Logs\\DirectX.log",
        "desired_access": "0xc0100080",
        "file_attributes": 128,
        "filepath_r": "\\??\\C:\\Windows\\Logs\\DirectX.log",
        "create_options": 96,
        "status_info": 2,
        "share_access": 3
      },
      "category": "file"
    },
    {
      "time": 1746151435.280875,
      "api": "GetFileType",
      "pid": 2260,
      "arguments": {
        "file_handle": "0x0000007c"
      },
      "category": "file"
    },
    {
      "time": 1746151435.280875,
      "api": "SetFilePointer",
      "pid": 2260,
      "arguments": {
        "file_handle": "0x0000007c",
        "move_method": 2,
        "offset": 4294967295
      },
      "category": "file"
    },
    {
      "time": 1746151435.280875,
      "api": "NtAllocateVirtualMemory",
      "pid": 2260,
      "arguments": {
        "process_identifier": 2260,
        "region_size": 8192,
        "stack_dep_bypass": 0,
        "stack_pivoted": 0,
        "heap_dep_bypass": 0,
        "protection": 4,
        "process_handle": "0xffffffff",
        "allocation_type": 4096,
        "base_address": "0x00a03000"
      },
      "category": "process"
    },
    {
      "time": 1746151435.280875,
      "api": "SetFilePointer",
      "pid": 2260,
      "arguments": {
        "file_handle": "0x0000007c",
        "move_method": 2,
        "offset": 0
      },
      "category": "file"
    },
    {
      "time": 1746151435.280875,
      "api": "SetFilePointer",
      "pid": 2260,
      "arguments": {
        "file_handle": "0x0000007c",
        "move_method": 2,
        "offset": 0
      },
      "category": "file"
    },
    {
      "time": 1746151435.280875,
      "api": "NtWriteFile",
      "pid": 2260,
      "arguments": {
        "file_handle": "0x0000007c",
        "filepath": "C:\\Windows\\Logs\\DirectX.log",
        "buffer": "05/02/25 17:43:55: DXSetup: No command line switch\r\n",
        "offset": 0
      },
      "category": "file"
    },
    {
      "time": 1746151435.280875,
      "api": "NtClose",
      "pid": 2260,
      "arguments": {
        "handle": "0x0000007c"
      },
      "category": "system"
    },
    {
      "time": 1746151435.280875,
      "api": "FindFirstFileExW",
      "pid": 2260,
      "arguments": {
        "filepath_r": "C:\\Users\\Administrator\\AppData\\Local\\Temp\\directx.cab",
        "filepath": "C:\\Users\\Administrator\\AppData\\Local\\Temp\\directx.cab"
      },
      "category": "file"
    },
    {
      "time": 1746151435.280875,
      "api": "FindFirstFileExW",
      "pid": 2260,
      "arguments": {
        "filepath_r": "C:\\Users\\Administrator\\AppData\\Local\\Temp\\dxnt.cab",
        "filepath": "C:\\Users\\Administrator\\AppData\\Local\\Temp\\dxnt.cab"
      },
      "category": "file"
    },
    {
      "time": 1746151435.280875,
      "api": "FindFirstFileExW",
      "pid": 2260,
      "arguments": {
        "filepath_r": "C:\\Users\\Administrator\\AppData\\Local\\Temp\\directx.inf",
        "filepath": "C:\\Users\\Administrator\\AppData\\Local\\Temp\\directx.inf"
      },
      "category": "file"
    },
    {
      "time": 1746151435.280875,
      "api": "FindFirstFileExW",
      "pid": 2260,
      "arguments": {
        "filepath_r": "C:\\Users\\Administrator\\AppData\\Local\\Temp\\dxntunp.inf",
        "filepath": "C:\\Users\\Administrator\\AppData\\Local\\Temp\\dxntunp.inf"
      },
      "category": "file"
    },
    {
      "time": 1746151435.280875,
      "api": "RegOpenKeyExW",
      "pid": 2260,
      "arguments": {
        "access": "0x00020019",
        "base_handle": "0x80000002",
        "key_handle": "0x0000007c",
        "regkey": "HKEY_LOCAL_MACHINE\\SOFTWARE\\Microsoft\\OLE",
        "regkey_r": "SOFTWARE\\Microsoft\\OLE",
        "options": 0
      },
      "category": "registry"
    },
    {
      "time": 1746151435.280875,
      "api": "RegQueryValueExW",
      "pid": 2260,
      "arguments": {
        "key_handle": "0x0000007c",
        "value": "",
        "regkey_r": "PageAllocatorUseSystemHeap",
        "reg_type": 0,
        "regkey": "HKEY_LOCAL_MACHINE\\SOFTWARE\\Microsoft\\OLE\\PageAllocatorUseSystemHeap"
      },
      "category": "registry"
    },
    {
      "time": 1746151435.280875,
      "api": "RegCloseKey",
      "pid": 2260,
      "arguments": {
        "key_handle": "0x0000007c"
      },
      "category": "registry"
    },
    {
      "time": 1746151435.280875,
      "api": "RegOpenKeyExW",
      "pid": 2260,
      "arguments": {
        "access": "0x00020019",
        "base_handle": "0x80000002",
        "key_handle": "0x0000007c",
        "regkey": "HKEY_LOCAL_MACHINE\\SOFTWARE\\Microsoft\\OLE",
        "regkey_r": "SOFTWARE\\Microsoft\\OLE",
        "options": 0
      },
      "category": "registry"
    },
    {
      "time": 1746151435.280875,
      "api": "RegQueryValueExW",
      "pid": 2260,
      "arguments": {
        "key_handle": "0x0000007c",
        "value": "",
        "regkey_r": "PageAllocatorSystemHeapIsPrivate",
        "reg_type": 0,
        "regkey": "HKEY_LOCAL_MACHINE\\SOFTWARE\\Microsoft\\OLE\\PageAllocatorSystemHeapIsPrivate"
      },
      "category": "registry"
    },
    {
      "time": 1746151435.280875,
      "api": "RegCloseKey",
      "pid": 2260,
      "arguments": {
        "key_handle": "0x0000007c"
      },
      "category": "registry"
    },
    {
      "time": 1746151435.280875,
      "api": "GetSystemInfo",
      "pid": 2260,
      "arguments": {
        "processor_count": 2
      },
      "category": "system"
    },
    {
      "time": 1746151435.280875,
      "api": "LdrGetDllHandle",
      "pid": 2260,
      "arguments": {
        "module_name": "rpcrt4.dll",
        "stack_pivoted": 0,
        "module_address": "0x76dc0000"
      },
      "category": "system"
    },
    {
      "time": 1746151435.280875,
      "api": "LdrGetProcedureAddress",
      "pid": 2260,
      "arguments": {
        "ordinal": 0,
        "module": "RPCRT4",
        "module_address": "0x76dc0000",
        "function_address": "0x76df3bee",
        "function_name": "I_RpcInitNdrImports"
      },
      "category": "system"
    },
    {
      "time": 1746151435.296875,
      "api": "RegOpenKeyExW",
      "pid": 2260,
      "arguments": {
        "access": "0x00020019",
        "base_handle": "0x80000002",
        "key_handle": "0x00000000",
        "regkey": "HKEY_LOCAL_MACHINE\\Software\\Microsoft\\OLE\\Tracing",
        "regkey_r": "Software\\Microsoft\\OLE\\Tracing",
        "options": 0
      },
      "category": "registry"
    },
    {
      "time": 1746151435.296875,
      "api": "GetSystemWindowsDirectoryW",
      "pid": 2260,
      "arguments": {
        "dirpath": "C:\\Windows"
      },
      "category": "file"
    },
    {
      "time": 1746151435.296875,
      "api": "GetSystemDirectoryW",
      "pid": 2260,
      "arguments": {
        "dirpath": "C:\\Windows\\system32"
      },
      "category": "file"
    },
    {
      "time": 1746151435.296875,
      "api": "RegOpenKeyExA",
      "pid": 2260,
      "arguments": {
        "access": "0x00000001",
        "base_handle": "0x80000002",
        "key_handle": "0x00000000",
        "regkey": "HKEY_LOCAL_MACHINE\\SOFTWARE\\Microsoft\\OLEAUT",
        "regkey_r": "SOFTWARE\\Microsoft\\OLEAUT",
        "options": 0
      },
      "category": "registry"
    },
    {
      "time": 1746151435.296875,
      "api": "RegOpenKeyExA",
      "pid": 2260,
      "arguments": {
        "access": "0x00000001",
        "base_handle": "0x80000002",
        "key_handle": "0x00000000",
        "regkey": "HKEY_LOCAL_MACHINE\\SOFTWARE\\Microsoft\\OLEAUT",
        "regkey_r": "SOFTWARE\\Microsoft\\OLEAUT",
        "options": 0
      },
      "category": "registry"
    },
    {
      "time": 1746151435.296875,
      "api": "GetSystemWindowsDirectoryW",
      "pid": 2260,
      "arguments": {
        "dirpath": "C:\\Windows"
      },
      "category": "file"
    },
    {
      "time": 1746151435.296875,
      "api": "GetSystemWindowsDirectoryW",
      "pid": 2260,
      "arguments": {
        "dirpath": "C:\\Windows"
      },
      "category": "file"
    },
    {
      "time": 1746151435.296875,
      "api": "LoadStringW",
      "pid": 2260,
      "arguments": {
        "module_handle": "0x759a0000",
        "id": 4,
        "string": "Insufficient memory"
      },
      "category": "ui"
    },
    {
      "time": 1746151435.296875,
      "api": "GetSystemWindowsDirectoryW",
      "pid": 2260,
      "arguments": {
        "dirpath": "C:\\Windows"
      },
      "category": "file"
    },
    {
      "time": 1746151435.296875,
      "api": "GetSystemDirectoryW",
      "pid": 2260,
      "arguments": {
        "dirpath": "C:\\Windows\\system32"
      },
      "category": "file"
    },
    {
      "time": 1746151435.296875,
      "api": "RegOpenKeyExW",
      "pid": 2260,
      "arguments": {
        "access": "0x00020019",
        "base_handle": "0x80000002",
        "key_handle": "0x000000a4",
        "regkey": "HKEY_LOCAL_MACHINE\\Software\\Microsoft\\Windows\\CurrentVersion\\Setup",
        "regkey_r": "Software\\Microsoft\\Windows\\CurrentVersion\\Setup",
        "options": 0
      },
      "category": "registry"
    },
    {
      "time": 1746151435.296875,
      "api": "LdrLoadDll",
      "pid": 2260,
      "arguments": {
        "basename": "API-MS-Win-Core-LocalRegistry-L1-1-0",
        "module_address": "0x77820000",
        "flags": 0,
        "module_name": "API-MS-Win-Core-LocalRegistry-L1-1-0.dll",
        "stack_pivoted": 0
      },
      "category": "system"
    },
    {
      "time": 1746151435.296875,
      "api": "LdrGetProcedureAddress",
      "pid": 2260,
      "arguments": {
        "ordinal": 0,
        "module": "kernel32",
        "module_address": "0x77820000",
        "function_address": "0x77831f4e",
        "function_name": "RegQueryValueExW"
      },
      "category": "system"
    },
    {
      "time": 1746151435.296875,
      "api": "RegQueryValueExW",
      "pid": 2260,
      "arguments": {
        "key_handle": "0x000000a4",
        "value": "",
        "regkey_r": "SourcePath",
        "reg_type": 0,
        "regkey": "HKEY_LOCAL_MACHINE\\SOFTWARE\\Microsoft\\Windows\\CurrentVersion\\Setup\\SourcePath"
      },
      "category": "registry"
    },
    {
      "time": 1746151435.296875,
      "api": "RegCloseKey",
      "pid": 2260,
      "arguments": {
        "key_handle": "0x000000a4"
      },
      "category": "registry"
    },
    {
      "time": 1746151435.296875,
      "api": "RegOpenKeyExW",
      "pid": 2260,
      "arguments": {
        "access": "0x00020019",
        "base_handle": "0x80000002",
        "key_handle": "0x000000a4",
        "regkey": "HKEY_LOCAL_MACHINE\\Software\\Microsoft\\Windows\\CurrentVersion",
        "regkey_r": "Software\\Microsoft\\Windows\\CurrentVersion",
        "options": 0
      },
      "category": "registry"
    },
    {
      "time": 1746151435.296875,
      "api": "RegQueryValueExW",
      "pid": 2260,
      "arguments": {
        "key_handle": "0x000000a4",
        "value": "%SystemRoot%\\inf",
        "regkey_r": "DevicePath",
        "reg_type": 2,
        "regkey": "HKEY_LOCAL_MACHINE\\SOFTWARE\\Wow6432Node\\Microsoft\\Windows\\CurrentVersion\\DevicePath"
      },
      "category": "registry"
    },
    {
      "time": 1746151435.296875,
      "api": "NtOpenKey",
      "pid": 2260,
      "arguments": {
        "key_handle": "0x000000a8",
        "desired_access": "0x00020019",
        "regkey": "HKEY_LOCAL_MACHINE\\System\\CurrentControlSet\\Control\\Nls\\CustomLocale"
      },
      "category": "registry"
    },
    {
      "time": 1746151435.296875,
      "api": "NtQueryValueKey",
      "pid": 2260,
      "arguments": {
        "key_handle": "0x000000a8",
        "key_name": "",
        "value": "",
        "reg_type": 0,
        "information_class": 1,
        "regkey": "HKEY_LOCAL_MACHINE\\SYSTEM\\ControlSet001\\Control\\Nls\\CustomLocale\\en-US"
      },
      "category": "registry"
    },
    {
      "time": 1746151435.296875,
      "api": "NtClose",
      "pid": 2260,
      "arguments": {
        "handle": "0x000000a8"
      },
      "category": "system"
    },
    {
      "time": 1746151435.296875,
      "api": "NtOpenKey",
      "pid": 2260,
      "arguments": {
        "key_handle": "0x000000a8",
        "desired_access": "0x00020019",
        "regkey": "HKEY_LOCAL_MACHINE\\System\\CurrentControlSet\\Control\\Nls\\ExtendedLocale"
      },
      "category": "registry"
    },
    {
      "time": 1746151435.296875,
      "api": "NtQueryValueKey",
      "pid": 2260,
      "arguments": {
        "key_handle": "0x000000a8",
        "key_name": "",
        "value": "",
        "reg_type": 0,
        "information_class": 1,
        "regkey": "HKEY_LOCAL_MACHINE\\SYSTEM\\ControlSet001\\Control\\Nls\\ExtendedLocale\\en-US"
      },
      "category": "registry"
    },
    {
      "time": 1746151435.296875,
      "api": "NtClose",
      "pid": 2260,
      "arguments": {
        "handle": "0x000000a8"
      },
      "category": "system"
    },
    {
      "time": 1746151435.296875,
      "api": "RegCloseKey",
      "pid": 2260,
      "arguments": {
        "key_handle": "0x000000a4"
      },
      "category": "registry"
    },
    {
      "time": 1746151435.296875,
      "api": "NtCreateMutant",
      "pid": 2260,
      "arguments": {
        "initial_owner": 0,
        "desired_access": "0x001f0001",
        "mutant_name": "",
        "mutant_handle": "0x000000a8"
      },
      "category": "synchronisation"
    },
    {
      "time": 1746151435.296875,
      "api": "NtCreateMutant",
      "pid": 2260,
      "arguments": {
        "initial_owner": 0,
        "desired_access": "0x001f0001",
        "mutant_name": "",
        "mutant_handle": "0x000000b0"
      },
      "category": "synchronisation"
    },
    {
      "time": 1746151435.296875,
      "api": "GetNativeSystemInfo",
      "pid": 2260,
      "arguments": {
        "processor_count": 2
      },
      "category": "system"
    },
    {
      "time": 1746151435.296875,
      "api": "GetSystemWindowsDirectoryW",
      "pid": 2260,
      "arguments": {
        "dirpath": "C:\\Windows"
      },
      "category": "file"
    },
    {
      "time": 1746151435.296875,
      "api": "GetSystemWindowsDirectoryW",
      "pid": 2260,
      "arguments": {
        "dirpath": "C:\\Windows"
      },
      "category": "file"
    },
    {
      "time": 1746151435.296875,
      "api": "NtClose",
      "pid": 2260,
      "arguments": {
        "handle": "0x000000b4"
      },
      "category": "system"
    },
    {
      "time": 1746151435.296875,
      "api": "RegOpenKeyExW",
      "pid": 2260,
      "arguments": {
        "access": "0x00020019",
        "base_handle": "0x80000002",
        "key_handle": "0x000000b4",
        "regkey": "HKEY_LOCAL_MACHINE\\Software\\Microsoft\\Advanced INF Setup",
        "regkey_r": "Software\\Microsoft\\Advanced INF Setup",
        "options": 0
      },
      "category": "registry"
    },
    {
      "time": 1746151435.296875,
      "api": "RegQueryValueExW",
      "pid": 2260,
      "arguments": {
        "key_handle": "0x000000b4",
        "value": "",
        "regkey_r": "AdvpackLogFile",
        "reg_type": 0,
        "regkey": "HKEY_LOCAL_MACHINE\\SOFTWARE\\Wow6432Node\\Microsoft\\Advanced INF Setup\\AdvpackLogFile"
      },
      "category": "registry"
    },
    {
      "time": 1746151435.296875,
      "api": "RegCloseKey",
      "pid": 2260,
      "arguments": {
        "key_handle": "0x000000b4"
      },
      "category": "registry"
    },
    {
      "time": 1746151435.296875,
      "api": "LdrLoadDll",
      "pid": 2260,
      "arguments": {
        "basename": "advpack",
        "module_address": "0x74630000",
        "flags": 0,
        "module_name": "advpack.dll",
        "stack_pivoted": 0
      },
      "category": "system"
    },
    {
      "time": 1746151435.296875,
      "api": "LdrGetProcedureAddress",
      "pid": 2260,
      "arguments": {
        "ordinal": 0,
        "module": "advpack",
        "module_address": "0x74630000",
        "function_address": "0x7463fe25",
        "function_name": "IsNTAdmin"
      },
      "category": "system"
    },
    {
      "time": 1746151435.296875,
      "api": "LdrLoadDll",
      "pid": 2260,
      "arguments": {
        "basename": "advapi32",
        "module_address": "0x770b0000",
        "flags": 0,
        "module_name": "advapi32.dll",
        "stack_pivoted": 0
      },
      "category": "system"
    },
    {
      "time": 1746151435.296875,
      "api": "LdrGetProcedureAddress",
      "pid": 2260,
      "arguments": {
        "ordinal": 0,
        "module": "ADVAPI32",
        "module_address": "0x770b0000",
        "function_address": "0x770bdf04",
        "function_name": "CheckTokenMembership"
      },
      "category": "system"
    },
    {
      "time": 1746151435.296875,
      "api": "NtClose",
      "pid": 2260,
      "arguments": {
        "handle": "0x000000b4"
      },
      "category": "system"
    },
    {
      "time": 1746151435.296875,
      "api": "NtClose",
      "pid": 2260,
      "arguments": {
        "handle": "0x000000b8"
      },
      "category": "system"
    },
    {
      "time": 1746151435.296875,
      "api": "LdrUnloadDll",
      "pid": 2260,
      "arguments": {
        "library": "ADVAPI32",
        "module_address": "0x770b0000"
      },
      "category": "system"
    },
    {
      "time": 1746151435.296875,
      "api": "LdrUnloadDll",
      "pid": 2260,
      "arguments": {
        "library": "advpack",
        "module_address": "0x74630000"
      },
      "category": "system"
    },
    {
      "time": 1746151435.296875,
      "api": "RegCreateKeyExA",
      "pid": 2260,
      "arguments": {
        "access": "0x00000002",
        "base_handle": "0x80000002",
        "regkey": "HKEY_LOCAL_MACHINE\\Software\\Microsoft\\DirectX",
        "key_handle": "0x000000a0",
        "options": 0,
        "regkey_r": "Software\\Microsoft\\DirectX",
        "disposition": 0,
        "class": ""
      },
      "category": "registry"
    },
    {
      "time": 1746151435.296875,
      "api": "RegSetValueExA",
      "pid": 2260,
      "arguments": {
        "key_handle": "0x000000a0",
        "value": 0,
        "regkey_r": "command",
        "reg_type": 4,
        "regkey": "HKEY_LOCAL_MACHINE\\SOFTWARE\\Wow6432Node\\Microsoft\\DirectX\\command"
      },
      "category": "registry"
    },
    {
      "time": 1746151435.296875,
      "api": "RegSetValueExA",
      "pid": 2260,
      "arguments": {
        "key_handle": "0x000000a0",
        "value": 0,
        "regkey_r": "DXSetup",
        "reg_type": 4,
        "regkey": "HKEY_LOCAL_MACHINE\\SOFTWARE\\Wow6432Node\\Microsoft\\DirectX\\DXSetup"
      },
      "category": "registry"
    },
    {
      "time": 1746151435.296875,
      "api": "RegCloseKey",
      "pid": 2260,
      "arguments": {
        "key_handle": "0x000000a0"
      },
      "category": "registry"
    },
    {
      "time": 1746151435.296875,
      "api": "SetErrorMode",
      "pid": 2260,
      "arguments": {
        "mode": 32769
      },
      "category": "system"
    },
    {
      "time": 1746151435.296875,
      "api": "LdrLoadDll",
      "pid": 2260,
      "arguments": {
        "basename": "dsetup",
        "module_address": "0x00000000",
        "flags": 0,
        "module_name": "dsetup.dll",
        "stack_pivoted": 0
      },
      "category": "system"
    },
    {
      "time": 1746151435.296875,
      "api": "SetErrorMode",
      "pid": 2260,
      "arguments": {
        "mode": 32775
      },
      "category": "system"
    },
    {
      "time": 1746151435.296875,
      "api": "CreateDirectoryW",
      "pid": 2260,
      "arguments": {
        "dirpath_r": "C:\\Windows\\Logs",
        "dirpath": "C:\\Windows\\Logs"
      },
      "category": "file"
    },
    {
      "time": 1746151435.296875,
      "api": "NtCreateFile",
      "pid": 2260,
      "arguments": {
        "create_disposition": 3,
        "file_handle": "0x000000a0",
        "filepath": "C:\\Windows\\Logs\\DXError.log",
        "desired_access": "0xc0100080",
        "file_attributes": 128,
        "filepath_r": "\\??\\C:\\Windows\\Logs\\DXError.log",
        "create_options": 96,
        "status_info": 2,
        "share_access": 3
      },
      "category": "file"
    },
    {
      "time": 1746151435.296875,
      "api": "GetFileType",
      "pid": 2260,
      "arguments": {
        "file_handle": "0x000000a0"
      },
      "category": "file"
    },
    {
      "time": 1746151435.296875,
      "api": "SetFilePointer",
      "pid": 2260,
      "arguments": {
        "file_handle": "0x000000a0",
        "move_method": 2,
        "offset": 4294967295
      },
      "category": "file"
    },
    {
      "time": 1746151435.296875,
      "api": "SetFilePointer",
      "pid": 2260,
      "arguments": {
        "file_handle": "0x000000a0",
        "move_method": 2,
        "offset": 0
      },
      "category": "file"
    },
    {
      "time": 1746151435.296875,
      "api": "SetFilePointer",
      "pid": 2260,
      "arguments": {
        "file_handle": "0x000000a0",
        "move_method": 2,
        "offset": 0
      },
      "category": "file"
    },
    {
      "time": 1746151435.296875,
      "api": "NtWriteFile",
      "pid": 2260,
      "arguments": {
        "file_handle": "0x000000a0",
        "filepath": "C:\\Windows\\Logs\\DXError.log",
        "buffer": "--------------------\r\n",
        "offset": 0
      },
      "category": "file"
    },
    {
      "time": 1746151435.296875,
      "api": "NtClose",
      "pid": 2260,
      "arguments": {
        "handle": "0x000000a0"
      },
      "category": "system"
    },
    {
      "time": 1746151435.296875,
      "api": "NtCreateFile",
      "pid": 2260,
      "arguments": {
        "create_disposition": 3,
        "file_handle": "0x000000a0",
        "filepath": "C:\\Windows\\Logs\\DXError.log",
        "desired_access": "0xc0100080",
        "file_attributes": 128,
        "filepath_r": "\\??\\C:\\Windows\\Logs\\DXError.log",
        "create_options": 96,
        "status_info": 1,
        "share_access": 3
      },
      "category": "file"
    },
    {
      "time": 1746151435.296875,
      "api": "GetFileType",
      "pid": 2260,
      "arguments": {
        "file_handle": "0x000000a0"
      },
      "category": "file"
    },
    {
      "time": 1746151435.296875,
      "api": "SetFilePointer",
      "pid": 2260,
      "arguments": {
        "file_handle": "0x000000a0",
        "move_method": 2,
        "offset": 4294967295
      },
      "category": "file"
    },
    {
      "time": 1746151435.296875,
      "api": "NtReadFile",
      "pid": 2260,
      "arguments": {
        "file_handle": "0x000000a0",
        "buffer": "\n",
        "length": 1,
        "offset": 0
      },
      "category": "file"
    },
    {
      "time": 1746151435.296875,
      "api": "SetFilePointer",
      "pid": 2260,
      "arguments": {
        "file_handle": "0x000000a0",
        "move_method": 0,
        "offset": 0
      },
      "category": "file"
    },
    {
      "time": 1746151435.296875,
      "api": "SetFilePointer",
      "pid": 2260,
      "arguments": {
        "file_handle": "0x000000a0",
        "move_method": 2,
        "offset": 0
      },
      "category": "file"
    },
    {
      "time": 1746151435.296875,
      "api": "SetFilePointer",
      "pid": 2260,
      "arguments": {
        "file_handle": "0x000000a0",
        "move_method": 2,
        "offset": 0
      },
      "category": "file"
    },
    {
      "time": 1746151435.296875,
      "api": "NtWriteFile",
      "pid": 2260,
      "arguments": {
        "file_handle": "0x000000a0",
        "filepath": "C:\\Windows\\Logs\\DXError.log",
        "buffer": "[05/02/25 17:43:55]",
        "offset": 0
      },
      "category": "file"
    },
    {
      "time": 1746151435.296875,
      "api": "NtClose",
      "pid": 2260,
      "arguments": {
        "handle": "0x000000a0"
      },
      "category": "system"
    },
    {
      "time": 1746151435.296875,
      "api": "NtCreateFile",
      "pid": 2260,
      "arguments": {
        "create_disposition": 3,
        "file_handle": "0x000000a0",
        "filepath": "C:\\Windows\\Logs\\DXError.log",
        "desired_access": "0xc0100080",
        "file_attributes": 128,
        "filepath_r": "\\??\\C:\\Windows\\Logs\\DXError.log",
        "create_options": 96,
        "status_info": 1,
        "share_access": 3
      },
      "category": "file"
    },
    {
      "time": 1746151435.296875,
      "api": "GetFileType",
      "pid": 2260,
      "arguments": {
        "file_handle": "0x000000a0"
      },
      "category": "file"
    },
    {
      "time": 1746151435.296875,
      "api": "SetFilePointer",
      "pid": 2260,
      "arguments": {
        "file_handle": "0x000000a0",
        "move_method": 2,
        "offset": 4294967295
      },
      "category": "file"
    },
    {
      "time": 1746151435.296875,
      "api": "NtReadFile",
      "pid": 2260,
      "arguments": {
        "file_handle": "0x000000a0",
        "buffer": "]",
        "length": 1,
        "offset": 0
      },
      "category": "file"
    },
    {
      "time": 1746151435.296875,
      "api": "SetFilePointer",
      "pid": 2260,
      "arguments": {
        "file_handle": "0x000000a0",
        "move_method": 0,
        "offset": 0
      },
      "category": "file"
    },
    {
      "time": 1746151435.296875,
      "api": "SetFilePointer",
      "pid": 2260,
      "arguments": {
        "file_handle": "0x000000a0",
        "move_method": 2,
        "offset": 0
      },
      "category": "file"
    },
    {
      "time": 1746151435.296875,
      "api": "SetFilePointer",
      "pid": 2260,
      "arguments": {
        "file_handle": "0x000000a0",
        "move_method": 2,
        "offset": 0
      },
      "category": "file"
    },
    {
      "time": 1746151435.296875,
      "api": "NtWriteFile",
      "pid": 2260,
      "arguments": {
        "file_handle": "0x000000a0",
        "filepath": "C:\\Windows\\Logs\\DXError.log",
        "buffer": " module: DXSetup(Jun  2 2010), file: dxsetup.cpp, line: 1158, function: WinMain\r\n\r\n",
        "offset": 0
      },
      "category": "file"
    },
    {
      "time": 1746151435.296875,
      "api": "NtClose",
      "pid": 2260,
      "arguments": {
        "handle": "0x000000a0"
      },
      "category": "system"
    },
    {
      "time": 1746151435.296875,
      "api": "NtCreateFile",
      "pid": 2260,
      "arguments": {
        "create_disposition": 3,
        "file_handle": "0x000000a0",
        "filepath": "C:\\Windows\\Logs\\DXError.log",
        "desired_access": "0xc0100080",
        "file_attributes": 128,
        "filepath_r": "\\??\\C:\\Windows\\Logs\\DXError.log",
        "create_options": 96,
        "status_info": 1,
        "share_access": 3
      },
      "category": "file"
    },
    {
      "time": 1746151435.296875,
      "api": "GetFileType",
      "pid": 2260,
      "arguments": {
        "file_handle": "0x000000a0"
      },
      "category": "file"
    },
    {
      "time": 1746151435.296875,
      "api": "SetFilePointer",
      "pid": 2260,
      "arguments": {
        "file_handle": "0x000000a0",
        "move_method": 2,
        "offset": 4294967295
      },
      "category": "file"
    },
    {
      "time": 1746151435.296875,
      "api": "NtReadFile",
      "pid": 2260,
      "arguments": {
        "file_handle": "0x000000a0",
        "buffer": "\n",
        "length": 1,
        "offset": 0
      },
      "category": "file"
    },
    {
      "time": 1746151435.296875,
      "api": "SetFilePointer",
      "pid": 2260,
      "arguments": {
        "file_handle": "0x000000a0",
        "move_method": 0,
        "offset": 0
      },
      "category": "file"
    },
    {
      "time": 1746151435.296875,
      "api": "SetFilePointer",
      "pid": 2260,
      "arguments": {
        "file_handle": "0x000000a0",
        "move_method": 2,
        "offset": 0
      },
      "category": "file"
    },
    {
      "time": 1746151435.296875,
      "api": "SetFilePointer",
      "pid": 2260,
      "arguments": {
        "file_handle": "0x000000a0",
        "move_method": 2,
        "offset": 0
      },
      "category": "file"
    },
    {
      "time": 1746151435.312875,
      "api": "NtWriteFile",
      "pid": 2260,
      "arguments": {
        "file_handle": "0x000000a0",
        "filepath": "C:\\Windows\\Logs\\DXError.log",
        "buffer": "    Failed API:\t\tLoadLibrary()\r\n",
        "offset": 0
      },
      "category": "file"
    },
    {
      "time": 1746151435.312875,
      "api": "NtClose",
      "pid": 2260,
      "arguments": {
        "handle": "0x000000a0"
      },
      "category": "system"
    },
    {
      "time": 1746151435.312875,
      "api": "NtCreateFile",
      "pid": 2260,
      "arguments": {
        "create_disposition": 3,
        "file_handle": "0x000000a0",
        "filepath": "C:\\Windows\\Logs\\DirectX.log",
        "desired_access": "0xc0100080",
        "file_attributes": 128,
        "filepath_r": "\\??\\C:\\Windows\\Logs\\DirectX.log",
        "create_options": 96,
        "status_info": 1,
        "share_access": 3
      },
      "category": "file"
    },
    {
      "time": 1746151435.312875,
      "api": "GetFileType",
      "pid": 2260,
      "arguments": {
        "file_handle": "0x000000a0"
      },
      "category": "file"
    },
    {
      "time": 1746151435.312875,
      "api": "SetFilePointer",
      "pid": 2260,
      "arguments": {
        "file_handle": "0x000000a0",
        "move_method": 2,
        "offset": 4294967295
      },
      "category": "file"
    },
    {
      "time": 1746151435.312875,
      "api": "NtReadFile",
      "pid": 2260,
      "arguments": {
        "file_handle": "0x000000a0",
        "buffer": "\n",
        "length": 1,
        "offset": 0
      },
      "category": "file"
    },
    {
      "time": 1746151435.312875,
      "api": "SetFilePointer",
      "pid": 2260,
      "arguments": {
        "file_handle": "0x000000a0",
        "move_method": 0,
        "offset": 0
      },
      "category": "file"
    },
    {
      "time": 1746151435.312875,
      "api": "SetFilePointer",
      "pid": 2260,
      "arguments": {
        "file_handle": "0x000000a0",
        "move_method": 2,
        "offset": 0
      },
      "category": "file"
    },
    {
      "time": 1746151435.312875,
      "api": "SetFilePointer",
      "pid": 2260,
      "arguments": {
        "file_handle": "0x000000a0",
        "move_method": 2,
        "offset": 0
      },
      "category": "file"
    },
    {
      "time": 1746151435.312875,
      "api": "NtWriteFile",
      "pid": 2260,
      "arguments": {
        "file_handle": "0x000000a0",
        "filepath": "C:\\Windows\\Logs\\DirectX.log",
        "buffer": "05/02/25 17:43:55: DXSetup: WinMain(): LoadLibrary() failed, error = 126.\r\n",
        "offset": 0
      },
      "category": "file"
    },
    {
      "time": 1746151435.312875,
      "api": "NtClose",
      "pid": 2260,
      "arguments": {
        "handle": "0x000000a0"
      },
      "category": "system"
    },
    {
      "time": 1746151435.312875,
      "api": "NtCreateFile",
      "pid": 2260,
      "arguments": {
        "create_disposition": 3,
        "file_handle": "0x000000a0",
        "filepath": "C:\\Windows\\Logs\\DXError.log",
        "desired_access": "0xc0100080",
        "file_attributes": 128,
        "filepath_r": "\\??\\C:\\Windows\\Logs\\DXError.log",
        "create_options": 96,
        "status_info": 1,
        "share_access": 3
      },
      "category": "file"
    },
    {
      "time": 1746151435.312875,
      "api": "GetFileType",
      "pid": 2260,
      "arguments": {
        "file_handle": "0x000000a0"
      },
      "category": "file"
    },
    {
      "time": 1746151435.312875,
      "api": "SetFilePointer",
      "pid": 2260,
      "arguments": {
        "file_handle": "0x000000a0",
        "move_method": 2,
        "offset": 4294967295
      },
      "category": "file"
    },
    {
      "time": 1746151435.312875,
      "api": "NtReadFile",
      "pid": 2260,
      "arguments": {
        "file_handle": "0x000000a0",
        "buffer": "\n",
        "length": 1,
        "offset": 0
      },
      "category": "file"
    },
    {
      "time": 1746151435.312875,
      "api": "SetFilePointer",
      "pid": 2260,
      "arguments": {
        "file_handle": "0x000000a0",
        "move_method": 0,
        "offset": 0
      },
      "category": "file"
    },
    {
      "time": 1746151435.312875,
      "api": "SetFilePointer",
      "pid": 2260,
      "arguments": {
        "file_handle": "0x000000a0",
        "move_method": 2,
        "offset": 0
      },
      "category": "file"
    },
    {
      "time": 1746151435.312875,
      "api": "SetFilePointer",
      "pid": 2260,
      "arguments": {
        "file_handle": "0x000000a0",
        "move_method": 2,
        "offset": 0
      },
      "category": "file"
    },
    {
      "time": 1746151435.312875,
      "api": "NtWriteFile",
      "pid": 2260,
      "arguments": {
        "file_handle": "0x000000a0",
        "filepath": "C:\\Windows\\Logs\\DXError.log",
        "buffer": "    Error:\t\t",
        "offset": 0
      },
      "category": "file"
    },
    {
      "time": 1746151435.312875,
      "api": "NtClose",
      "pid": 2260,
      "arguments": {
        "handle": "0x000000a0"
      },
      "category": "system"
    },
    {
      "time": 1746151435.312875,
      "api": "NtCreateFile",
      "pid": 2260,
      "arguments": {
        "create_disposition": 3,
        "file_handle": "0x000000a0",
        "filepath": "C:\\Windows\\Logs\\DXError.log",
        "desired_access": "0xc0100080",
        "file_attributes": 128,
        "filepath_r": "\\??\\C:\\Windows\\Logs\\DXError.log",
        "create_options": 96,
        "status_info": 1,
        "share_access": 3
      },
      "category": "file"
    },
    {
      "time": 1746151435.312875,
      "api": "GetFileType",
      "pid": 2260,
      "arguments": {
        "file_handle": "0x000000a0"
      },
      "category": "file"
    },
    {
      "time": 1746151435.312875,
      "api": "SetFilePointer",
      "pid": 2260,
      "arguments": {
        "file_handle": "0x000000a0",
        "move_method": 2,
        "offset": 4294967295
      },
      "category": "file"
    },
    {
      "time": 1746151435.312875,
      "api": "NtReadFile",
      "pid": 2260,
      "arguments": {
        "file_handle": "0x000000a0",
        "buffer": "\t",
        "length": 1,
        "offset": 0
      },
      "category": "file"
    },
    {
      "time": 1746151435.312875,
      "api": "SetFilePointer",
      "pid": 2260,
      "arguments": {
        "file_handle": "0x000000a0",
        "move_method": 0,
        "offset": 0
      },
      "category": "file"
    },
    {
      "time": 1746151435.312875,
      "api": "SetFilePointer",
      "pid": 2260,
      "arguments": {
        "file_handle": "0x000000a0",
        "move_method": 2,
        "offset": 0
      },
      "category": "file"
    },
    {
      "time": 1746151435.312875,
      "api": "SetFilePointer",
      "pid": 2260,
      "arguments": {
        "file_handle": "0x000000a0",
        "move_method": 2,
        "offset": 0
      },
      "category": "file"
    },
    {
      "time": 1746151435.312875,
      "api": "NtWriteFile",
      "pid": 2260,
      "arguments": {
        "file_handle": "0x000000a0",
        "filepath": "C:\\Windows\\Logs\\DXError.log",
        "buffer": "(126)",
        "offset": 0
      },
      "category": "file"
    },
    {
      "time": 1746151435.312875,
      "api": "NtClose",
      "pid": 2260,
      "arguments": {
        "handle": "0x000000a0"
      },
      "category": "system"
    },
    {
      "time": 1746151435.312875,
      "api": "NtCreateFile",
      "pid": 2260,
      "arguments": {
        "create_disposition": 1,
        "file_handle": "0x000000a0",
        "filepath": "C:\\Windows\\SysWOW64\\en-US\\KERNELBASE.dll.mui",
        "desired_access": "0x80100080",
        "file_attributes": 0,
        "filepath_r": "\\??\\C:\\Windows\\syswow64\\en-US\\KERNELBASE.dll.mui",
        "create_options": 0,
        "status_info": 1,
        "share_access": 5
      },
      "category": "file"
    },
    {
      "time": 1746151435.312875,
      "api": "NtCreateSection",
      "pid": 2260,
      "arguments": {
        "section_handle": "0x0000007c",
        "object_handle": "0x00000000",
        "desired_access": "0x000f0005",
        "protection": 8,
        "section_name": "",
        "file_handle": "0x000000a0"
      },
      "category": "process"
    },
    {
      "time": 1746151435.312875,
      "api": "NtMapViewOfSection",
      "pid": 2260,
      "arguments": {
        "section_handle": "0x0000007c",
        "process_identifier": 2260,
        "commit_size": 0,
        "win32_protect": 8,
        "buffer": "",
        "process_handle": "0xffffffff",
        "allocation_type": 0,
        "section_offset": 0,
        "view_size": 786432,
        "base_address": "0x00360000"
      },
      "category": "process"
    },
    {
      "time": 1746151435.312875,
      "api": "NtClose",
      "pid": 2260,
      "arguments": {
        "handle": "0x0000007c"
      },
      "category": "system"
    },
    {
      "time": 1746151435.312875,
      "api": "NtCreateFile",
      "pid": 2260,
      "arguments": {
        "create_disposition": 3,
        "file_handle": "0x0000007c",
        "filepath": "C:\\Windows\\Logs\\DXError.log",
        "desired_access": "0xc0100080",
        "file_attributes": 128,
        "filepath_r": "\\??\\C:\\Windows\\Logs\\DXError.log",
        "create_options": 96,
        "status_info": 1,
        "share_access": 3
      },
      "category": "file"
    },
    {
      "time": 1746151435.312875,
      "api": "GetFileType",
      "pid": 2260,
      "arguments": {
        "file_handle": "0x0000007c"
      },
      "category": "file"
    },
    {
      "time": 1746151435.312875,
      "api": "SetFilePointer",
      "pid": 2260,
      "arguments": {
        "file_handle": "0x0000007c",
        "move_method": 2,
        "offset": 4294967295
      },
      "category": "file"
    },
    {
      "time": 1746151435.312875,
      "api": "NtReadFile",
      "pid": 2260,
      "arguments": {
        "file_handle": "0x0000007c",
        "buffer": ")",
        "length": 1,
        "offset": 0
      },
      "category": "file"
    },
    {
      "time": 1746151435.312875,
      "api": "SetFilePointer",
      "pid": 2260,
      "arguments": {
        "file_handle": "0x0000007c",
        "move_method": 0,
        "offset": 0
      },
      "category": "file"
    },
    {
      "time": 1746151435.312875,
      "api": "SetFilePointer",
      "pid": 2260,
      "arguments": {
        "file_handle": "0x0000007c",
        "move_method": 2,
        "offset": 0
      },
      "category": "file"
    },
    {
      "time": 1746151435.312875,
      "api": "SetFilePointer",
      "pid": 2260,
      "arguments": {
        "file_handle": "0x0000007c",
        "move_method": 2,
        "offset": 0
      },
      "category": "file"
    },
    {
      "time": 1746151435.312875,
      "api": "NtWriteFile",
      "pid": 2260,
      "arguments": {
        "file_handle": "0x0000007c",
        "filepath": "C:\\Windows\\Logs\\DXError.log",
        "buffer": " - ",
        "offset": 0
      },
      "category": "file"
    },
    {
      "time": 1746151435.312875,
      "api": "NtClose",
      "pid": 2260,
      "arguments": {
        "handle": "0x0000007c"
      },
      "category": "system"
    },
    {
      "time": 1746151435.312875,
      "api": "NtCreateFile",
      "pid": 2260,
      "arguments": {
        "create_disposition": 3,
        "file_handle": "0x0000007c",
        "filepath": "C:\\Windows\\Logs\\DXError.log",
        "desired_access": "0xc0100080",
        "file_attributes": 128,
        "filepath_r": "\\??\\C:\\Windows\\Logs\\DXError.log",
        "create_options": 96,
        "status_info": 1,
        "share_access": 3
      },
      "category": "file"
    },
    {
      "time": 1746151435.312875,
      "api": "GetFileType",
      "pid": 2260,
      "arguments": {
        "file_handle": "0x0000007c"
      },
      "category": "file"
    },
    {
      "time": 1746151435.312875,
      "api": "SetFilePointer",
      "pid": 2260,
      "arguments": {
        "file_handle": "0x0000007c",
        "move_method": 2,
        "offset": 4294967295
      },
      "category": "file"
    },
    {
      "time": 1746151435.312875,
      "api": "NtReadFile",
      "pid": 2260,
      "arguments": {
        "file_handle": "0x0000007c",
        "buffer": " ",
        "length": 1,
        "offset": 0
      },
      "category": "file"
    },
    {
      "time": 1746151435.312875,
      "api": "SetFilePointer",
      "pid": 2260,
      "arguments": {
        "file_handle": "0x0000007c",
        "move_method": 0,
        "offset": 0
      },
      "category": "file"
    },
    {
      "time": 1746151435.312875,
      "api": "SetFilePointer",
      "pid": 2260,
      "arguments": {
        "file_handle": "0x0000007c",
        "move_method": 2,
        "offset": 0
      },
      "category": "file"
    },
    {
      "time": 1746151435.312875,
      "api": "SetFilePointer",
      "pid": 2260,
      "arguments": {
        "file_handle": "0x0000007c",
        "move_method": 2,
        "offset": 0
      },
      "category": "file"
    },
    {
      "time": 1746151435.312875,
      "api": "NtWriteFile",
      "pid": 2260,
      "arguments": {
        "file_handle": "0x0000007c",
        "filepath": "C:\\Windows\\Logs\\DXError.log",
        "buffer": "The specified module could not be found.\r\r\n",
        "offset": 0
      },
      "category": "file"
    },
    {
      "time": 1746151435.312875,
      "api": "NtClose",
      "pid": 2260,
      "arguments": {
        "handle": "0x0000007c"
      },
      "category": "system"
    },
    {
      "time": 1746151435.312875,
      "api": "NtCreateFile",
      "pid": 2260,
      "arguments": {
        "create_disposition": 3,
        "file_handle": "0x0000007c",
        "filepath": "C:\\Windows\\Logs\\DXError.log",
        "desired_access": "0xc0100080",
        "file_attributes": 128,
        "filepath_r": "\\??\\C:\\Windows\\Logs\\DXError.log",
        "create_options": 96,
        "status_info": 1,
        "share_access": 3
      },
      "category": "file"
    },
    {
      "time": 1746151435.312875,
      "api": "GetFileType",
      "pid": 2260,
      "arguments": {
        "file_handle": "0x0000007c"
      },
      "category": "file"
    },
    {
      "time": 1746151435.312875,
      "api": "SetFilePointer",
      "pid": 2260,
      "arguments": {
        "file_handle": "0x0000007c",
        "move_method": 2,
        "offset": 4294967295
      },
      "category": "file"
    },
    {
      "time": 1746151435.312875,
      "api": "NtReadFile",
      "pid": 2260,
      "arguments": {
        "file_handle": "0x0000007c",
        "buffer": "\n",
        "length": 1,
        "offset": 0
      },
      "category": "file"
    },
    {
      "time": 1746151435.312875,
      "api": "SetFilePointer",
      "pid": 2260,
      "arguments": {
        "file_handle": "0x0000007c",
        "move_method": 0,
        "offset": 0
      },
      "category": "file"
    },
    {
      "time": 1746151435.312875,
      "api": "SetFilePointer",
      "pid": 2260,
      "arguments": {
        "file_handle": "0x0000007c",
        "move_method": 2,
        "offset": 0
      },
      "category": "file"
    },
    {
      "time": 1746151435.312875,
      "api": "SetFilePointer",
      "pid": 2260,
      "arguments": {
        "file_handle": "0x0000007c",
        "move_method": 2,
        "offset": 0
      },
      "category": "file"
    },
    {
      "time": 1746151435.312875,
      "api": "NtWriteFile",
      "pid": 2260,
      "arguments": {
        "file_handle": "0x0000007c",
        "filepath": "C:\\Windows\\Logs\\DXError.log",
        "buffer": "\r\n\r\n",
        "offset": 0
      },
      "category": "file"
    },
    {
      "time": 1746151435.312875,
      "api": "NtClose",
      "pid": 2260,
      "arguments": {
        "handle": "0x0000007c"
      },
      "category": "system"
    },
    {
      "time": 1746151435.312875,
      "api": "FindFirstFileExW",
      "pid": 2260,
      "arguments": {
        "filepath_r": "C:\\Users\\Administrator\\AppData\\Local\\Temp\\dsetup.dll",
        "filepath": "C:\\Users\\Administrator\\AppData\\Local\\Temp\\dsetup.dll"
      },
      "category": "file"
    },
    {
      "time": 1746151435.312875,
      "api": "NtCreateFile",
      "pid": 2260,
      "arguments": {
        "create_disposition": 3,
        "file_handle": "0x0000007c",
        "filepath": "C:\\Windows\\Logs\\DXError.log",
        "desired_access": "0xc0100080",
        "file_attributes": 128,
        "filepath_r": "\\??\\C:\\Windows\\Logs\\DXError.log",
        "create_options": 96,
        "status_info": 1,
        "share_access": 3
      },
      "category": "file"
    },
    {
      "time": 1746151435.312875,
      "api": "GetFileType",
      "pid": 2260,
      "arguments": {
        "file_handle": "0x0000007c"
      },
      "category": "file"
    },
    {
      "time": 1746151435.312875,
      "api": "SetFilePointer",
      "pid": 2260,
      "arguments": {
        "file_handle": "0x0000007c",
        "move_method": 2,
        "offset": 4294967295
      },
      "category": "file"
    },
    {
      "time": 1746151435.312875,
      "api": "NtReadFile",
      "pid": 2260,
      "arguments": {
        "file_handle": "0x0000007c",
        "buffer": "\n",
        "length": 1,
        "offset": 0
      },
      "category": "file"
    },
    {
      "time": 1746151435.312875,
      "api": "SetFilePointer",
      "pid": 2260,
      "arguments": {
        "file_handle": "0x0000007c",
        "move_method": 0,
        "offset": 0
      },
      "category": "file"
    },
    {
      "time": 1746151435.312875,
      "api": "SetFilePointer",
      "pid": 2260,
      "arguments": {
        "file_handle": "0x0000007c",
        "move_method": 2,
        "offset": 0
      },
      "category": "file"
    },
    {
      "time": 1746151435.312875,
      "api": "SetFilePointer",
      "pid": 2260,
      "arguments": {
        "file_handle": "0x0000007c",
        "move_method": 2,
        "offset": 0
      },
      "category": "file"
    },
    {
      "time": 1746151435.312875,
      "api": "NtWriteFile",
      "pid": 2260,
      "arguments": {
        "file_handle": "0x0000007c",
        "filepath": "C:\\Windows\\Logs\\DXError.log",
        "buffer": "--------------------\r\n",
        "offset": 0
      },
      "category": "file"
    },
    {
      "time": 1746151435.312875,
      "api": "NtClose",
      "pid": 2260,
      "arguments": {
        "handle": "0x0000007c"
      },
      "category": "system"
    },
    {
      "time": 1746151435.312875,
      "api": "NtCreateFile",
      "pid": 2260,
      "arguments": {
        "create_disposition": 3,
        "file_handle": "0x0000007c",
        "filepath": "C:\\Windows\\Logs\\DXError.log",
        "desired_access": "0xc0100080",
        "file_attributes": 128,
        "filepath_r": "\\??\\C:\\Windows\\Logs\\DXError.log",
        "create_options": 96,
        "status_info": 1,
        "share_access": 3
      },
      "category": "file"
    },
    {
      "time": 1746151435.312875,
      "api": "GetFileType",
      "pid": 2260,
      "arguments": {
        "file_handle": "0x0000007c"
      },
      "category": "file"
    },
    {
      "time": 1746151435.312875,
      "api": "SetFilePointer",
      "pid": 2260,
      "arguments": {
        "file_handle": "0x0000007c",
        "move_method": 2,
        "offset": 4294967295
      },
      "category": "file"
    },
    {
      "time": 1746151435.312875,
      "api": "NtReadFile",
      "pid": 2260,
      "arguments": {
        "file_handle": "0x0000007c",
        "buffer": "\n",
        "length": 1,
        "offset": 0
      },
      "category": "file"
    },
    {
      "time": 1746151435.312875,
      "api": "SetFilePointer",
      "pid": 2260,
      "arguments": {
        "file_handle": "0x0000007c",
        "move_method": 0,
        "offset": 0
      },
      "category": "file"
    },
    {
      "time": 1746151435.312875,
      "api": "SetFilePointer",
      "pid": 2260,
      "arguments": {
        "file_handle": "0x0000007c",
        "move_method": 2,
        "offset": 0
      },
      "category": "file"
    },
    {
      "time": 1746151435.312875,
      "api": "SetFilePointer",
      "pid": 2260,
      "arguments": {
        "file_handle": "0x0000007c",
        "move_method": 2,
        "offset": 0
      },
      "category": "file"
    },
    {
      "time": 1746151435.312875,
      "api": "NtWriteFile",
      "pid": 2260,
      "arguments": {
        "file_handle": "0x0000007c",
        "filepath": "C:\\Windows\\Logs\\DXError.log",
        "buffer": "[05/02/25 17:43:55]",
        "offset": 0
      },
      "category": "file"
    },
    {
      "time": 1746151435.312875,
      "api": "NtClose",
      "pid": 2260,
      "arguments": {
        "handle": "0x0000007c"
      },
      "category": "system"
    },
    {
      "time": 1746151435.312875,
      "api": "NtCreateFile",
      "pid": 2260,
      "arguments": {
        "create_disposition": 3,
        "file_handle": "0x0000007c",
        "filepath": "C:\\Windows\\Logs\\DXError.log",
        "desired_access": "0xc0100080",
        "file_attributes": 128,
        "filepath_r": "\\??\\C:\\Windows\\Logs\\DXError.log",
        "create_options": 96,
        "status_info": 1,
        "share_access": 3
      },
      "category": "file"
    },
    {
      "time": 1746151435.312875,
      "api": "GetFileType",
      "pid": 2260,
      "arguments": {
        "file_handle": "0x0000007c"
      },
      "category": "file"
    },
    {
      "time": 1746151435.312875,
      "api": "SetFilePointer",
      "pid": 2260,
      "arguments": {
        "file_handle": "0x0000007c",
        "move_method": 2,
        "offset": 4294967295
      },
      "category": "file"
    },
    {
      "time": 1746151435.312875,
      "api": "NtReadFile",
      "pid": 2260,
      "arguments": {
        "file_handle": "0x0000007c",
        "buffer": "]",
        "length": 1,
        "offset": 0
      },
      "category": "file"
    },
    {
      "time": 1746151435.312875,
      "api": "SetFilePointer",
      "pid": 2260,
      "arguments": {
        "file_handle": "0x0000007c",
        "move_method": 0,
        "offset": 0
      },
      "category": "file"
    },
    {
      "time": 1746151435.312875,
      "api": "SetFilePointer",
      "pid": 2260,
      "arguments": {
        "file_handle": "0x0000007c",
        "move_method": 2,
        "offset": 0
      },
      "category": "file"
    },
    {
      "time": 1746151435.312875,
      "api": "SetFilePointer",
      "pid": 2260,
      "arguments": {
        "file_handle": "0x0000007c",
        "move_method": 2,
        "offset": 0
      },
      "category": "file"
    },
    {
      "time": 1746151435.312875,
      "api": "NtWriteFile",
      "pid": 2260,
      "arguments": {
        "file_handle": "0x0000007c",
        "filepath": "C:\\Windows\\Logs\\DXError.log",
        "buffer": " module: DXSetup(Jun  2 2010), file: dxsetup.cpp, line: 649, function: LogNoDsetup\r\n\r\n",
        "offset": 0
      },
      "category": "file"
    },
    {
      "time": 1746151435.312875,
      "api": "NtClose",
      "pid": 2260,
      "arguments": {
        "handle": "0x0000007c"
      },
      "category": "system"
    },
    {
      "time": 1746151435.312875,
      "api": "NtCreateFile",
      "pid": 2260,
      "arguments": {
        "create_disposition": 3,
        "file_handle": "0x0000007c",
        "filepath": "C:\\Windows\\Logs\\DXError.log",
        "desired_access": "0xc0100080",
        "file_attributes": 128,
        "filepath_r": "\\??\\C:\\Windows\\Logs\\DXError.log",
        "create_options": 96,
        "status_info": 1,
        "share_access": 3
      },
      "category": "file"
    },
    {
      "time": 1746151435.312875,
      "api": "GetFileType",
      "pid": 2260,
      "arguments": {
        "file_handle": "0x0000007c"
      },
      "category": "file"
    },
    {
      "time": 1746151435.312875,
      "api": "SetFilePointer",
      "pid": 2260,
      "arguments": {
        "file_handle": "0x0000007c",
        "move_method": 2,
        "offset": 4294967295
      },
      "category": "file"
    },
    {
      "time": 1746151435.312875,
      "api": "NtReadFile",
      "pid": 2260,
      "arguments": {
        "file_handle": "0x0000007c",
        "buffer": "\n",
        "length": 1,
        "offset": 0
      },
      "category": "file"
    },
    {
      "time": 1746151435.312875,
      "api": "SetFilePointer",
      "pid": 2260,
      "arguments": {
        "file_handle": "0x0000007c",
        "move_method": 0,
        "offset": 0
      },
      "category": "file"
    },
    {
      "time": 1746151435.312875,
      "api": "SetFilePointer",
      "pid": 2260,
      "arguments": {
        "file_handle": "0x0000007c",
        "move_method": 2,
        "offset": 0
      },
      "category": "file"
    },
    {
      "time": 1746151435.312875,
      "api": "SetFilePointer",
      "pid": 2260,
      "arguments": {
        "file_handle": "0x0000007c",
        "move_method": 2,
        "offset": 0
      },
      "category": "file"
    },
    {
      "time": 1746151435.312875,
      "api": "NtWriteFile",
      "pid": 2260,
      "arguments": {
        "file_handle": "0x0000007c",
        "filepath": "C:\\Windows\\Logs\\DXError.log",
        "buffer": "    ",
        "offset": 0
      },
      "category": "file"
    },
    {
      "time": 1746151435.312875,
      "api": "NtClose",
      "pid": 2260,
      "arguments": {
        "handle": "0x0000007c"
      },
      "category": "system"
    },
    {
      "time": 1746151435.312875,
      "api": "NtCreateFile",
      "pid": 2260,
      "arguments": {
        "create_disposition": 3,
        "file_handle": "0x0000007c",
        "filepath": "C:\\Windows\\Logs\\DXError.log",
        "desired_access": "0xc0100080",
        "file_attributes": 128,
        "filepath_r": "\\??\\C:\\Windows\\Logs\\DXError.log",
        "create_options": 96,
        "status_info": 1,
        "share_access": 3
      },
      "category": "file"
    },
    {
      "time": 1746151435.312875,
      "api": "GetFileType",
      "pid": 2260,
      "arguments": {
        "file_handle": "0x0000007c"
      },
      "category": "file"
    },
    {
      "time": 1746151435.312875,
      "api": "SetFilePointer",
      "pid": 2260,
      "arguments": {
        "file_handle": "0x0000007c",
        "move_method": 2,
        "offset": 4294967295
      },
      "category": "file"
    },
    {
      "time": 1746151435.312875,
      "api": "NtReadFile",
      "pid": 2260,
      "arguments": {
        "file_handle": "0x0000007c",
        "buffer": " ",
        "length": 1,
        "offset": 0
      },
      "category": "file"
    },
    {
      "time": 1746151435.312875,
      "api": "SetFilePointer",
      "pid": 2260,
      "arguments": {
        "file_handle": "0x0000007c",
        "move_method": 0,
        "offset": 0
      },
      "category": "file"
    },
    {
      "time": 1746151435.312875,
      "api": "SetFilePointer",
      "pid": 2260,
      "arguments": {
        "file_handle": "0x0000007c",
        "move_method": 2,
        "offset": 0
      },
      "category": "file"
    },
    {
      "time": 1746151435.312875,
      "api": "SetFilePointer",
      "pid": 2260,
      "arguments": {
        "file_handle": "0x0000007c",
        "move_method": 2,
        "offset": 0
      },
      "category": "file"
    },
    {
      "time": 1746151435.312875,
      "api": "NtWriteFile",
      "pid": 2260,
      "arguments": {
        "file_handle": "0x0000007c",
        "filepath": "C:\\Windows\\Logs\\DXError.log",
        "buffer": "Unable to find dsetup.dll.",
        "offset": 0
      },
      "category": "file"
    },
    {
      "time": 1746151435.312875,
      "api": "NtClose",
      "pid": 2260,
      "arguments": {
        "handle": "0x0000007c"
      },
      "category": "system"
    },
    {
      "time": 1746151435.312875,
      "api": "NtCreateFile",
      "pid": 2260,
      "arguments": {
        "create_disposition": 3,
        "file_handle": "0x0000007c",
        "filepath": "C:\\Windows\\Logs\\DXError.log",
        "desired_access": "0xc0100080",
        "file_attributes": 128,
        "filepath_r": "\\??\\C:\\Windows\\Logs\\DXError.log",
        "create_options": 96,
        "status_info": 1,
        "share_access": 3
      },
      "category": "file"
    },
    {
      "time": 1746151435.312875,
      "api": "GetFileType",
      "pid": 2260,
      "arguments": {
        "file_handle": "0x0000007c"
      },
      "category": "file"
    },
    {
      "time": 1746151435.312875,
      "api": "SetFilePointer",
      "pid": 2260,
      "arguments": {
        "file_handle": "0x0000007c",
        "move_method": 2,
        "offset": 4294967295
      },
      "category": "file"
    },
    {
      "time": 1746151435.312875,
      "api": "NtReadFile",
      "pid": 2260,
      "arguments": {
        "file_handle": "0x0000007c",
        "buffer": ".",
        "length": 1,
        "offset": 0
      },
      "category": "file"
    },
    {
      "time": 1746151435.312875,
      "api": "SetFilePointer",
      "pid": 2260,
      "arguments": {
        "file_handle": "0x0000007c",
        "move_method": 0,
        "offset": 0
      },
      "category": "file"
    },
    {
      "time": 1746151435.312875,
      "api": "SetFilePointer",
      "pid": 2260,
      "arguments": {
        "file_handle": "0x0000007c",
        "move_method": 2,
        "offset": 0
      },
      "category": "file"
    },
    {
      "time": 1746151435.312875,
      "api": "SetFilePointer",
      "pid": 2260,
      "arguments": {
        "file_handle": "0x0000007c",
        "move_method": 2,
        "offset": 0
      },
      "category": "file"
    },
    {
      "time": 1746151435.312875,
      "api": "NtWriteFile",
      "pid": 2260,
      "arguments": {
        "file_handle": "0x0000007c",
        "filepath": "C:\\Windows\\Logs\\DXError.log",
        "buffer": "\r\n\r\n",
        "offset": 0
      },
      "category": "file"
    },
    {
      "time": 1746151435.312875,
      "api": "NtClose",
      "pid": 2260,
      "arguments": {
        "handle": "0x0000007c"
      },
      "category": "system"
    },
    {
      "time": 1746151435.312875,
      "api": "NtCreateFile",
      "pid": 2260,
      "arguments": {
        "create_disposition": 3,
        "file_handle": "0x0000007c",
        "filepath": "C:\\Windows\\Logs\\DirectX.log",
        "desired_access": "0xc0100080",
        "file_attributes": 128,
        "filepath_r": "\\??\\C:\\Windows\\Logs\\DirectX.log",
        "create_options": 96,
        "status_info": 1,
        "share_access": 3
      },
      "category": "file"
    },
    {
      "time": 1746151435.312875,
      "api": "GetFileType",
      "pid": 2260,
      "arguments": {
        "file_handle": "0x0000007c"
      },
      "category": "file"
    },
    {
      "time": 1746151435.312875,
      "api": "SetFilePointer",
      "pid": 2260,
      "arguments": {
        "file_handle": "0x0000007c",
        "move_method": 2,
        "offset": 4294967295
      },
      "category": "file"
    },
    {
      "time": 1746151435.312875,
      "api": "NtReadFile",
      "pid": 2260,
      "arguments": {
        "file_handle": "0x0000007c",
        "buffer": "\n",
        "length": 1,
        "offset": 0
      },
      "category": "file"
    },
    {
      "time": 1746151435.312875,
      "api": "SetFilePointer",
      "pid": 2260,
      "arguments": {
        "file_handle": "0x0000007c",
        "move_method": 0,
        "offset": 0
      },
      "category": "file"
    },
    {
      "time": 1746151435.312875,
      "api": "SetFilePointer",
      "pid": 2260,
      "arguments": {
        "file_handle": "0x0000007c",
        "move_method": 2,
        "offset": 0
      },
      "category": "file"
    },
    {
      "time": 1746151435.312875,
      "api": "SetFilePointer",
      "pid": 2260,
      "arguments": {
        "file_handle": "0x0000007c",
        "move_method": 2,
        "offset": 0
      },
      "category": "file"
    },
    {
      "time": 1746151435.312875,
      "api": "NtWriteFile",
      "pid": 2260,
      "arguments": {
        "file_handle": "0x0000007c",
        "filepath": "C:\\Windows\\Logs\\DirectX.log",
        "buffer": "05/02/25 17:43:55: DXSetup: LogNoDsetup(): Unable to find dsetup.dll.\r\n",
        "offset": 0
      },
      "category": "file"
    },
    {
      "time": 1746151435.312875,
      "api": "NtClose",
      "pid": 2260,
      "arguments": {
        "handle": "0x0000007c"
      },
      "category": "system"
    },
    {
      "time": 1746151435.312875,
      "api": "LoadStringA",
      "pid": 2260,
      "arguments": {
        "module_handle": "0x00ee0000",
        "id": 217,
        "string": "Unable to find %s"
      },
      "category": "ui"
    },
    {
      "time": 1746151435.312875,
      "api": "LoadStringA",
      "pid": 2260,
      "arguments": {
        "module_handle": "0x00ee0000",
        "id": 100,
        "string": "DirectX Setup"
      },
      "category": "ui"
    },
    {
      "time": 1746151437.077875,
      "api": "MessageBoxTimeoutA",
      "pid": 2260,
      "arguments": {
        "window_handle": "0x00000000",
        "text": "Unable to find dsetup.dll",
        "caption": "DirectX Setup",
        "flags": 16,
        "language_identifier": 0
      },
      "category": "ui"
    },
    {
      "time": 1746151437.077875,
      "api": "NtClose",
      "pid": 2260,
      "arguments": {
        "handle": "0x00000078"
      },
      "category": "system"
    },
    {
      "time": 1746151437.077875,
      "api": "LdrGetDllHandle",
      "pid": 2260,
      "arguments": {
        "module_name": "mscoree.dll",
        "stack_pivoted": 0,
        "module_address": "0x00000000"
      },
      "category": "system"
    },
    {
      "time": 1746151437.077875,
      "api": "LdrGetDllHandle",
      "pid": 2260,
      "arguments": {
        "module_name": "mscoree.dll",
        "stack_pivoted": 0,
        "module_address": "0x00000000"
      },
      "category": "system"
    },
    {
      "time": 1746151437.077875,
      "api": "NtTerminateProcess",
      "pid": 2260,
      "arguments": {
        "status_code": "0xfffffff7",
        "process_identifier": 0,
        "process_handle": "0x00000000"
      },
      "category": "process"
    },
    {
      "time": 1746151437.077875,
      "api": "NtTerminateProcess",
      "pid": 2260,
      "arguments": {
        "status_code": "0xfffffff7",
        "process_identifier": 0,
        "process_handle": "0x00000000"
      },
      "category": "process"
    },
    {
      "time": 1746151437.077875,
      "api": "LdrUnloadDll",
      "pid": 2260,
      "arguments": {
        "library": "MSCTF",
        "module_address": "0x75c60000"
      },
      "category": "system"
    },
    {
      "time": 1746151437.077875,
      "api": "NtClose",
      "pid": 2260,
      "arguments": {
        "handle": "0x000000f0"
      },
      "category": "system"
    },
    {
      "time": 1746151437.077875,
      "api": "NtFreeVirtualMemory",
      "pid": 2260,
      "arguments": {
        "free_type": 16384,
        "process_identifier": 2260,
        "process_handle": "0xffffffff",
        "base_address": "0x00471000",
        "size": 61440
      },
      "category": "process"
    },
    {
      "time": 1746151437.077875,
      "api": "NtFreeVirtualMemory",
      "pid": 2260,
      "arguments": {
        "free_type": 16384,
        "process_identifier": 2260,
        "process_handle": "0xffffffff",
        "base_address": "0x00465000",
        "size": 12288
      },
      "category": "process"
    },
    {
      "time": 1746151437.077875,
      "api": "NtClose",
      "pid": 2260,
      "arguments": {
        "handle": "0x000000b4"
      },
      "category": "system"
    },
    {
      "time": 1746151437.077875,
      "api": "NtClose",
      "pid": 2260,
      "arguments": {
        "handle": "0x00000090"
      },
      "category": "system"
    },
    {
      "time": 1746151437.077875,
      "api": "NtClose",
      "pid": 2260,
      "arguments": {
        "handle": "0x00000094"
      },
      "category": "system"
    },
    {
      "time": 1746151437.077875,
      "api": "NtAllocateVirtualMemory",
      "pid": 2260,
      "arguments": {
        "process_identifier": 2260,
        "region_size": 12288,
        "stack_dep_bypass": 0,
        "stack_pivoted": 0,
        "heap_dep_bypass": 0,
        "protection": 4,
        "process_handle": "0xffffffff",
        "allocation_type": 4096,
        "base_address": "0x00465000"
      },
      "category": "process"
    },
    {
      "time": 1746151437.077875,
      "api": "NtClose",
      "pid": 2260,
      "arguments": {
        "handle": "0x000000dc"
      },
      "category": "system"
    },
    {
      "time": 1746151437.077875,
      "api": "NtClose",
      "pid": 2260,
      "arguments": {
        "handle": "0x00000044"
      },
      "category": "system"
    },
    {
      "time": 1746151437.077875,
      "api": "NtUnmapViewOfSection",
      "pid": 2260,
      "arguments": {
        "process_identifier": 2260,
        "region_size": 4096,
        "process_handle": "0xffffffff",
        "base_address": "0x002d0000"
      },
      "category": "process"
    },
    {
      "time": 1746151437.077875,
      "api": "NtClose",
      "pid": 2260,
      "arguments": {
        "handle": "0x000000b8"
      },
      "category": "system"
    },
    {
      "time": 1746151437.077875,
      "api": "NtUnmapViewOfSection",
      "pid": 2260,
      "arguments": {
        "process_identifier": 2260,
        "region_size": 20271104,
        "process_handle": "0xffffffff",
        "base_address": "0x02ca0000"
      },
      "category": "process"
    },
    {
      "time": 1746151437.077875,
      "api": "NtUnmapViewOfSection",
      "pid": 2260,
      "arguments": {
        "process_identifier": 2260,
        "region_size": 8192,
        "process_handle": "0xffffffff",
        "base_address": "0x00140000"
      },
      "category": "process"
    },
    {
      "time": 1746151437.077875,
      "api": "NtClose",
      "pid": 2260,
      "arguments": {
        "handle": "0x00000068"
      },
      "category": "system"
    },
    {
      "time": 1746151437.077875,
      "api": "NtClose",
      "pid": 2260,
      "arguments": {
        "handle": "0x00000064"
      },
      "category": "system"
    },
    {
      "time": 1746151437.077875,
      "api": "NtUnmapViewOfSection",
      "pid": 2260,
      "arguments": {
        "process_identifier": 2260,
        "region_size": 4096,
        "process_handle": "0xffffffff",
        "base_address": "0x00430000"
      },
      "category": "process"
    },
    {
      "time": 1746151437.077875,
      "api": "NtClose",
      "pid": 2260,
      "arguments": {
        "handle": "0x000000ec"
      },
      "category": "system"
    },
    {
      "time": 1746151437.077875,
      "api": "NtClose",
      "pid": 2260,
      "arguments": {
        "handle": "0x00000060"
      },
      "category": "system"
    },
    {
      "time": 1746151437.077875,
      "api": "NtClose",
      "pid": 2260,
      "arguments": {
        "handle": "0x0000005c"
      },
      "category": "system"
    },
    {
      "time": 1746151437.077875,
      "api": "LdrUnloadDll",
      "pid": 2260,
      "arguments": {
        "library": "IMM32",
        "module_address": "0x77030000"
      },
      "category": "system"
    },
    {
      "time": 1746151437.077875,
      "api": "NtOpenKey",
      "pid": 2260,
      "arguments": {
        "key_handle": "0x0000005c",
        "desired_access": "0x00020019",
        "regkey": "HKEY_LOCAL_MACHINE\\Software\\Microsoft\\Windows NT\\CurrentVersion\\GRE_Initialize"
      },
      "category": "registry"
    },
    {
      "time": 1746151437.077875,
      "api": "NtQueryValueKey",
      "pid": 2260,
      "arguments": {
        "key_handle": "0x0000005c",
        "key_name": "",
        "value": "",
        "reg_type": 0,
        "information_class": 2,
        "regkey": "HKEY_LOCAL_MACHINE\\SOFTWARE\\Microsoft\\Windows NT\\CurrentVersion\\GRE_Initialize\\DisableMetaFiles"
      },
      "category": "registry"
    },
    {
      "time": 1746151437.077875,
      "api": "NtClose",
      "pid": 2260,
      "arguments": {
        "handle": "0x0000005c"
      },
      "category": "system"
    },
    {
      "time": 1746151437.077875,
      "api": "NtClose",
      "pid": 2260,
      "arguments": {
        "handle": "0x00000034"
      },
      "category": "system"
    },
    {
      "time": 1746151437.077875,
      "api": "NtClose",
      "pid": 2260,
      "arguments": {
        "handle": "0x0000002c"
      },
      "category": "system"
    },
    {
      "time": 1746151437.077875,
      "api": "NtClose",
      "pid": 2260,
      "arguments": {
        "handle": "0x00000030"
      },
      "category": "system"
    },
    {
      "time": 1746151437.077875,
      "api": "NtTerminateProcess",
      "pid": 2260,
      "arguments": {
        "status_code": "0xfffffff7",
        "process_identifier": 2260,
        "process_handle": "0xffffffff"
      },
      "category": "process"
    }
  ],
  "network": {
    "http": [
      {
        "count": 1,
        "body": "",
        "uri": "http://www.msftncsi.com/ncsi.txt",
        "user-agent": "Microsoft NCSI",
        "method": "GET",
        "host": "www.msftncsi.com",
        "version": "1.1",
        "path": "/ncsi.txt",
        "data": "GET /ncsi.txt HTTP/1.1\r\nConnection: Close\r\nUser-Agent: Microsoft NCSI\r\nHost: www.msftncsi.com\r\n\r\n",
        "port": 80
      }
    ],
    "tcp": [
      {
        "src": "192.168.56.101",
        "dst": "113.171.230.17",
        "offset": 1642,
        "time": 2.818519115447998,
        "dport": 80,
        "sport": 49162
      }
    ],
    "udp": [
      {
        "src": "192.168.56.101",
        "dst": "192.168.56.255",
        "offset": 2338,
        "time": 3.088531970977783,
        "dport": 137,
        "sport": 137
      },
      {
        "src": "192.168.56.101",
        "dst": "224.0.0.252",
        "offset": 6710,
        "time": 1.0794789791107178,
        "dport": 5355,
        "sport": 50233
      },
      {
        "src": "192.168.56.101",
        "dst": "224.0.0.252",
        "offset": 7030,
        "time": 1.597391128540039,
        "dport": 5355,
        "sport": 52790
      },
      {
        "src": "192.168.56.101",
        "dst": "224.0.0.252",
        "offset": 7358,
        "time": 0.06572294235229492,
        "dport": 5355,
        "sport": 53526
      },
      {
        "src": "192.168.56.101",
        "dst": "224.0.0.252",
        "offset": 7686,
        "time": 3.0196759700775146,
        "dport": 5355,
        "sport": 58709
      },
      {
        "src": "192.168.56.101",
        "dst": "224.0.0.252",
        "offset": 8014,
        "time": 3.0202760696411133,
        "dport": 5355,
        "sport": 59798
      },
      {
        "src": "192.168.56.101",
        "dst": "224.0.0.252",
        "offset": 8334,
        "time": 2.4378559589385986,
        "dport": 5355,
        "sport": 62139
      },
      {
        "src": "192.168.56.101",
        "dst": "8.8.8.8",
        "offset": 8654,
        "time": 2.0848259925842285,
        "dport": 53,
        "sport": 54506
      },
      {
        "src": "192.168.56.101",
        "dst": "8.8.8.8",
        "offset": 8866,
        "time": 2.05669903755188,
        "dport": 53,
        "sport": 55116
      },
      {
        "src": "192.168.56.101",
        "dst": "8.8.8.8",
        "offset": 9066,
        "time": 3.0197291374206543,
        "dport": 53,
        "sport": 60897
      },
      {
        "src": "192.168.56.101",
        "dst": "8.8.8.8",
        "offset": 9341,
        "time": 2.7613439559936523,
        "dport": 53,
        "sport": 65068
      }
    ],
    "dns": [
      {
        "type": "A",
        "request": "www.msftncsi.com",
        "answers": [
          {
            "data": "113.171.230.17",
            "type": "A"
          },
          {
            "data": "www.msftncsi.com.edgesuite.net",
            "type": "CNAME"
          },
          {
            "data": "a1961.g2.akamai.net",
            "type": "CNAME"
          }
        ]
      },
      {
        "type": "A",
        "request": "dns.msftncsi.com",
        "answers": [
          {
            "data": "131.107.255.255",
            "type": "A"
          }
        ]
      },
      {
        "type": "AAAA",
        "request": "dns.msftncsi.com",
        "answers": [
          {
            "data": "fd3e:4f5a:5b81::1",
            "type": "AAAA"
          }
        ]
      },
      {
        "type": "A",
        "request": "teredo.ipv6.microsoft.com",
        "answers": []
      }
    ],
    "hosts": [
      "113.171.230.17",
      "8.8.8.8"
    ],
    "icmp": [],
    "smtp": []
  },
  "static_imports": [
    "RegCloseKey",
    "RegDeleteValueA",
    "RegSetValueExA",
    "RegCreateKeyExA",
    "RegOpenKeyExA",
    "AdjustTokenPrivileges",
    "LookupPrivilegeValueA",
    "OpenProcessToken",
    "FindClose",
    "FindFirstFileA",
    "lstrlenA",
    "ReadFile",
    "GetFileSize",
    "CreateFileA",
    "GetCurrentDirectoryA",
    "GetCurrentProcess",
    "GetModuleFileNameA",
    "SetErrorMode",
    "CreateMutexA",
    "GetModuleHandleA",
    "CreateThread",
    "GetSystemDirectoryA",
    "CloseHandle",
    "GetVersionExA",
    "LoadLibraryA",
    "GetProcAddress",
    "GetWindowsDirectoryA",
    "FreeLibrary",
    "CompareStringA",
    "FormatMessageA",
    "lstrcmpiA",
    "GetProcessHeap",
    "SetEndOfFile",
    "WriteConsoleW",
    "HeapReAlloc",
    "GetStringTypeW",
    "HeapSize",
    "FlushFileBuffers",
    "SetStdHandle",
    "GetConsoleMode",
    "GetConsoleCP",
    "SetFilePointer",
    "Sleep",
    "LoadLibraryW",
    "MultiByteToWideChar",
    "LCMapStringW",
    "IsValidCodePage",
    "GetOEMCP",
    "GetACP",
    "GetCPInfo",
    "IsProcessorFeaturePresent",
    "RaiseException",
    "HeapAlloc",
    "RtlUnwind",
    "CreateFileW",
    "LeaveCriticalSection",
    "EnterCriticalSection",
    "OutputDebugStringA",
    "CreateDirectoryA",
    "GetLastError",
    "LocalFree",
    "GetCommandLineA",
    "HeapSetInformation",
    "GetStartupInfoW",
    "GetLocalTime",
    "SetUnhandledExceptionFilter",
    "GetModuleHandleW",
    "ExitProcess",
    "DecodePointer",
    "WriteFile",
    "GetStdHandle",
    "GetModuleFileNameW",
    "FreeEnvironmentStringsW",
    "WideCharToMultiByte",
    "GetEnvironmentStringsW",
    "SetHandleCount",
    "InitializeCriticalSectionAndSpinCount",
    "GetFileType",
    "DeleteCriticalSection",
    "EncodePointer",
    "TlsAlloc",
    "TlsGetValue",
    "TlsSetValue",
    "TlsFree",
    "InterlockedIncrement",
    "SetLastError",
    "GetCurrentThreadId",
    "InterlockedDecrement",
    "HeapCreate",
    "QueryPerformanceCounter",
    "GetTickCount",
    "GetCurrentProcessId",
    "GetSystemTimeAsFileTime",
    "UnhandledExceptionFilter",
    "IsDebuggerPresent",
    "TerminateProcess",
    "HeapFree",
    "CreateCompatibleDC",
    "GetObjectA",
    "StretchBlt",
    "DeleteDC",
    "SelectObject",
    "CreateFontIndirectA",
    "DeleteObject",
    "GetDeviceCaps",
    "ReleaseDC",
    "GetDC",
    "LoadImageA",
    "SystemParametersInfoA",
    "SendDlgItemMessageA",
    "SetWindowTextA",
    "GetWindowLongA",
    "SetWindowLongA",
    "PostMessageA",
    "GetParent",
    "SetDlgItemTextA",
    "GetDlgItem",
    "SendMessageA",
    "ShowWindow",
    "GetAsyncKeyState",
    "ExitWindowsEx",
    "EnumWindows",
    "CharLowerA",
    "LoadStringA",
    "MessageBoxA",
    "GetWindowTextA",
    "GetClassNameA",
    "SetForegroundWindow",
    "SetFocus",
    "VerQueryValueA",
    "GetFileVersionInfoA",
    "GetFileVersionInfoSizeA",
    "CreatePropertySheetPageA",
    "PropertySheetA"
  ],
  "signatures_ttp": {},
  "signatures_full": [
    {
      "name": "has_pdb",
      "description": "This executable has a PDB path",
      "severity": 1,
      "ttp": {},
      "markcount": 1,
      "marks": [
        {
          "category": "pdb_path",
          "ioc": "DXSETUP.pdb",
          "type": "ioc",
          "description": null
        }
      ]
    }
  ],
  "processes": [
    {
      "name": "lsass.exe",
      "path": "C:\\Windows\\System32\\lsass.exe",
      "pid": 484,
      "cmdline": "C:\\Windows\\system32\\lsass.exe",
      "modules": [
        "lsass.exe",
        "ntdll.dll",
        "kernel32.dll",
        "KERNELBASE.dll",
        "msvcrt.dll",
        "RPCRT4.dll",
        "SspiSrv.dll",
        "lsasrv.dll",
        "sechost.dll",
        "SspiCli.dll",
        "ADVAPI32.dll",
        "USER32.dll",
        "GDI32.dll",
        "LPK.dll",
        "USP10.dll",
        "SAMSRV.dll",
        "cryptdll.dll",
        "MSASN1.dll",
        "wevtapi.dll",
        "IMM32.DLL",
        "MSCTF.dll",
        "cngaudit.dll",
        "AUTHZ.dll",
        "ncrypt.dll",
        "bcrypt.dll",
        "msprivs.DLL",
        "netjoin.dll",
        "negoexts.DLL",
        "Secur32.dll",
        "cryptbase.dll",
        "kerberos.DLL",
        "CRYPTSP.dll",
        "WS2_32.dll",
        "NSI.dll",
        "mswsock.dll",
        "wship6.dll",
        "msv1_0.DLL",
        "netlogon.DLL",
        "DNSAPI.dll",
        "logoncli.dll",
        "schannel.DLL",
        "CRYPT32.dll",
        "wdigest.DLL",
        "rsaenh.dll",
        "tspkg.DLL",
        "pku2u.DLL",
        "bcryptprimitives.dll",
        "RpcRtRemote.dll",
        "efslsaext.dll",
        "WINSTA.dll",
        "scecli.DLL",
        "credssp.dll",
        "IPHLPAPI.DLL",
        "WINNSI.DLL",
        "netutils.dll",
        "USERENV.dll",
        "profapi.dll",
        "wshtcpip.dll",
        "monitor-x64.dll"
      ]
    },
    {
      "name": "046041aba6ba77534c36bb0c2496408d23c6a09f930c46b392f1edc70dfd66de.exe",
      "path": "C:\\Users\\Administrator\\AppData\\Local\\Temp\\046041aba6ba77534c36bb0c2496408d23c6a09f930c46b392f1edc70dfd66de.exe",
      "pid": 2260,
      "cmdline": "\"C:\\Users\\Administrator\\AppData\\Local\\Temp\\046041aba6ba77534c36bb0c2496408d23c6a09f930c46b392f1edc70dfd66de.exe\" ",
      "modules": [
        "046041aba6ba77534c36bb0c2496408d23c6a09f930c46b392f1edc70dfd66de.exe",
        "ntdll.dll",
        "kernel32.dll",
        "KERNELBASE.dll",
        "ADVAPI32.dll",
        "msvcrt.dll",
        "sechost.dll",
        "RPCRT4.dll",
        "SspiCli.dll",
        "CRYPTBASE.dll",
        "GDI32.dll",
        "USER32.dll",
        "LPK.dll",
        "USP10.dll",
        "VERSION.dll",
        "COMCTL32.dll",
        "SHLWAPI.dll",
        "IMM32.DLL",
        "MSCTF.dll",
        "monitor-x86.dll"
      ]
    }
  ]
}