{
  "behavior_summary": {
    "file_created": [],
    "file_deleted": [],
    "file_read": [],
    "file_recreated": [],
    "file_exists": [],
    "file_opened": [],
    "regkey_opened": [
      "HKEY_LOCAL_MACHINE\\Software\\Aladdin Ghostscript",
      "HKEY_LOCAL_MACHINE\\Software\\GNU Ghostscript",
      "HKEY_LOCAL_MACHINE\\Software\\GPL Ghostscript",
      "HKEY_LOCAL_MACHINE\\Software\\AFPL Ghostscript"
    ],
    "regkey_read": [],
    "regkey_written": [],
    "dll_loaded": [],
    "executed_commands": [],
    "directory_created": [],
    "mutex": [],
    "processes_created": [],
    "resolves_host": []
  },
  "dropped_files": [],
  "api_statistics": {
    "2264": {
      "GetSystemTimeAsFileTime": 1,
      "SetUnhandledExceptionFilter": 1,
      "NtTerminateProcess": 3,
      "NtClose": 1,
      "NtAllocateVirtualMemory": 1,
      "RegOpenKeyExA": 4,
      "LdrGetDllHandle": 2
    }
  },
  "api_call_sequence": [
    {
      "time": 1746152905.800271,
      "api": "GetSystemTimeAsFileTime",
      "pid": 2264,
      "arguments": {},
      "category": "synchronisation"
    },
    {
      "time": 1746152905.800271,
      "api": "SetUnhandledExceptionFilter",
      "pid": 2264,
      "arguments": {},
      "category": "exception"
    },
    {
      "time": 1746152905.800271,
      "api": "RegOpenKeyExA",
      "pid": 2264,
      "arguments": {
        "access": "0x00020019",
        "base_handle": "0xffffffff80000002",
        "key_handle": "0x0000000000000000",
        "regkey": "HKEY_LOCAL_MACHINE\\Software\\AFPL Ghostscript",
        "regkey_r": "Software\\AFPL Ghostscript",
        "options": 0
      },
      "category": "registry"
    },
    {
      "time": 1746152905.800271,
      "api": "RegOpenKeyExA",
      "pid": 2264,
      "arguments": {
        "access": "0x00020019",
        "base_handle": "0xffffffff80000002",
        "key_handle": "0x0000000000000000",
        "regkey": "HKEY_LOCAL_MACHINE\\Software\\Aladdin Ghostscript",
        "regkey_r": "Software\\Aladdin Ghostscript",
        "options": 0
      },
      "category": "registry"
    },
    {
      "time": 1746152905.800271,
      "api": "RegOpenKeyExA",
      "pid": 2264,
      "arguments": {
        "access": "0x00020019",
        "base_handle": "0xffffffff80000002",
        "key_handle": "0x0000000000000000",
        "regkey": "HKEY_LOCAL_MACHINE\\Software\\GPL Ghostscript",
        "regkey_r": "Software\\GPL Ghostscript",
        "options": 0
      },
      "category": "registry"
    },
    {
      "time": 1746152905.800271,
      "api": "RegOpenKeyExA",
      "pid": 2264,
      "arguments": {
        "access": "0x00020019",
        "base_handle": "0xffffffff80000002",
        "key_handle": "0x0000000000000000",
        "regkey": "HKEY_LOCAL_MACHINE\\Software\\GNU Ghostscript",
        "regkey_r": "Software\\GNU Ghostscript",
        "options": 0
      },
      "category": "registry"
    },
    {
      "time": 1746152905.800271,
      "api": "NtAllocateVirtualMemory",
      "pid": 2264,
      "arguments": {
        "process_identifier": 2264,
        "region_size": 69632,
        "stack_dep_bypass": 0,
        "stack_pivoted": 0,
        "heap_dep_bypass": 0,
        "protection": 4,
        "process_handle": "0xffffffffffffffff",
        "allocation_type": 4096,
        "base_address": "0x00000000004e0000"
      },
      "category": "process"
    },
    {
      "time": 1746152905.816271,
      "api": "LdrGetDllHandle",
      "pid": 2264,
      "arguments": {
        "module_name": "mscoree.dll",
        "stack_pivoted": 0,
        "module_address": "0x0000000000000000"
      },
      "category": "system"
    },
    {
      "time": 1746152905.816271,
      "api": "LdrGetDllHandle",
      "pid": 2264,
      "arguments": {
        "module_name": "mscoree.dll",
        "stack_pivoted": 0,
        "module_address": "0x0000000000000000"
      },
      "category": "system"
    },
    {
      "time": 1746152905.816271,
      "api": "NtTerminateProcess",
      "pid": 2264,
      "arguments": {
        "status_code": "0x00000001",
        "process_identifier": 0,
        "process_handle": "0x0000000000000000"
      },
      "category": "process"
    },
    {
      "time": 1746152905.816271,
      "api": "NtTerminateProcess",
      "pid": 2264,
      "arguments": {
        "status_code": "0x00000001",
        "process_identifier": 0,
        "process_handle": "0x0000000000000000"
      },
      "category": "process"
    },
    {
      "time": 1746152905.816271,
      "api": "NtClose",
      "pid": 2264,
      "arguments": {
        "handle": "0x0000000000000020"
      },
      "category": "system"
    },
    {
      "time": 1746152905.816271,
      "api": "NtTerminateProcess",
      "pid": 2264,
      "arguments": {
        "status_code": "0x00000001",
        "process_identifier": 2264,
        "process_handle": "0xffffffffffffffff"
      },
      "category": "process"
    }
  ],
  "network": {
    "http": [
      {
        "count": 1,
        "body": "",
        "uri": "http://www.msftncsi.com/ncsi.txt",
        "user-agent": "Microsoft NCSI",
        "method": "GET",
        "host": "www.msftncsi.com",
        "version": "1.1",
        "path": "/ncsi.txt",
        "data": "GET /ncsi.txt HTTP/1.1\r\nConnection: Close\r\nUser-Agent: Microsoft NCSI\r\nHost: www.msftncsi.com\r\n\r\n",
        "port": 80
      }
    ],
    "tcp": [
      {
        "src": "192.168.56.101",
        "dst": "113.171.230.17",
        "offset": 1294,
        "time": 2.8118269443511963,
        "dport": 80,
        "sport": 49161
      }
    ],
    "udp": [
      {
        "src": "192.168.56.101",
        "dst": "192.168.56.255",
        "offset": 2060,
        "time": 3.0800070762634277,
        "dport": 137,
        "sport": 137
      },
      {
        "src": "192.168.56.101",
        "dst": "224.0.0.252",
        "offset": 3592,
        "time": 1.161931037902832,
        "dport": 5355,
        "sport": 50233
      },
      {
        "src": "192.168.56.101",
        "dst": "224.0.0.252",
        "offset": 3912,
        "time": 1.6919639110565186,
        "dport": 5355,
        "sport": 52790
      },
      {
        "src": "192.168.56.101",
        "dst": "224.0.0.252",
        "offset": 4240,
        "time": 0.04451608657836914,
        "dport": 5355,
        "sport": 53526
      },
      {
        "src": "192.168.56.101",
        "dst": "224.0.0.252",
        "offset": 4568,
        "time": 3.0138421058654785,
        "dport": 5355,
        "sport": 58709
      },
      {
        "src": "192.168.56.101",
        "dst": "224.0.0.252",
        "offset": 4896,
        "time": 3.0142710208892822,
        "dport": 5355,
        "sport": 59798
      },
      {
        "src": "192.168.56.101",
        "dst": "224.0.0.252",
        "offset": 5216,
        "time": 2.4280850887298584,
        "dport": 5355,
        "sport": 62139
      },
      {
        "src": "192.168.56.101",
        "dst": "8.8.8.8",
        "offset": 5536,
        "time": 2.081631898880005,
        "dport": 53,
        "sport": 54506
      },
      {
        "src": "192.168.56.101",
        "dst": "8.8.8.8",
        "offset": 5748,
        "time": 2.0531749725341797,
        "dport": 53,
        "sport": 55116
      },
      {
        "src": "192.168.56.101",
        "dst": "8.8.8.8",
        "offset": 5948,
        "time": 3.014660120010376,
        "dport": 53,
        "sport": 57168
      },
      {
        "src": "192.168.56.101",
        "dst": "8.8.8.8",
        "offset": 6223,
        "time": 2.7524139881134033,
        "dport": 53,
        "sport": 65068
      }
    ],
    "dns": [
      {
        "type": "A",
        "request": "www.msftncsi.com",
        "answers": [
          {
            "data": "113.171.230.17",
            "type": "A"
          },
          {
            "data": "www.msftncsi.com.edgesuite.net",
            "type": "CNAME"
          },
          {
            "data": "a1961.g2.akamai.net",
            "type": "CNAME"
          }
        ]
      },
      {
        "type": "A",
        "request": "dns.msftncsi.com",
        "answers": [
          {
            "data": "131.107.255.255",
            "type": "A"
          }
        ]
      },
      {
        "type": "AAAA",
        "request": "dns.msftncsi.com",
        "answers": [
          {
            "data": "fd3e:4f5a:5b81::1",
            "type": "AAAA"
          }
        ]
      },
      {
        "type": "A",
        "request": "teredo.ipv6.microsoft.com",
        "answers": []
      }
    ],
    "hosts": [
      "113.171.230.17",
      "8.8.8.8"
    ],
    "icmp": [],
    "smtp": []
  },
  "static_imports": [
    "RegCloseKey",
    "RegEnumKeyA",
    "RegOpenKeyExA",
    "RegQueryValueExA",
    "CloseHandle",
    "CreateFileA",
    "CreateProcessA",
    "DeleteCriticalSection",
    "DuplicateHandle",
    "EnterCriticalSection",
    "GetCurrentProcess",
    "GetCurrentProcessId",
    "GetCurrentThreadId",
    "GetExitCodeProcess",
    "GetLastError",
    "GetStartupInfoA",
    "GetSystemTimeAsFileTime",
    "GetTickCount",
    "GetVersion",
    "InitializeCriticalSection",
    "LeaveCriticalSection",
    "QueryPerformanceCounter",
    "RtlAddFunctionTable",
    "RtlCaptureContext",
    "RtlLookupFunctionEntry",
    "RtlVirtualUnwind",
    "SetUnhandledExceptionFilter",
    "Sleep",
    "TerminateProcess",
    "TlsGetValue",
    "UnhandledExceptionFilter",
    "VirtualProtect",
    "VirtualQuery",
    "WaitForSingleObject",
    "__C_specific_handler",
    "__dllonexit",
    "__getmainargs",
    "__initenv",
    "__iob_func",
    "__lconv_init",
    "__set_app_type",
    "__setusermatherr",
    "_acmdln",
    "_amsg_exit",
    "_cexit",
    "_fmode",
    "_fstat64",
    "_get_osfhandle",
    "_initterm",
    "_lock",
    "_onexit",
    "_snprintf",
    "_unlock",
    "_vsnprintf",
    "abort",
    "atof",
    "atoi",
    "atol",
    "calloc",
    "exit",
    "fclose",
    "ferror",
    "fgets",
    "fopen",
    "fprintf",
    "fputs",
    "fread",
    "free",
    "fseek",
    "ftell",
    "fwrite",
    "getenv",
    "isdigit",
    "localtime",
    "malloc",
    "memcmp",
    "memcpy",
    "memmove",
    "memset",
    "rewind",
    "signal",
    "sprintf",
    "sscanf",
    "strchr",
    "strcmp",
    "strlen",
    "strncat",
    "strncmp",
    "strncpy",
    "strrchr",
    "strtok",
    "tolower",
    "toupper",
    "vfprintf",
    "_time64",
    "_unlink",
    "_mktemp",
    "_getcwd",
    "_fileno",
    "_fdopen"
  ],
  "signatures_ttp": {},
  "signatures_full": [],
  "processes": [
    {
      "name": "lsass.exe",
      "path": "C:\\Windows\\System32\\lsass.exe",
      "pid": 484,
      "cmdline": "C:\\Windows\\system32\\lsass.exe",
      "modules": [
        "lsass.exe",
        "ntdll.dll",
        "kernel32.dll",
        "KERNELBASE.dll",
        "msvcrt.dll",
        "RPCRT4.dll",
        "SspiSrv.dll",
        "lsasrv.dll",
        "sechost.dll",
        "SspiCli.dll",
        "ADVAPI32.dll",
        "USER32.dll",
        "GDI32.dll",
        "LPK.dll",
        "USP10.dll",
        "SAMSRV.dll",
        "cryptdll.dll",
        "MSASN1.dll",
        "wevtapi.dll",
        "IMM32.DLL",
        "MSCTF.dll",
        "cngaudit.dll",
        "AUTHZ.dll",
        "ncrypt.dll",
        "bcrypt.dll",
        "msprivs.DLL",
        "netjoin.dll",
        "negoexts.DLL",
        "Secur32.dll",
        "cryptbase.dll",
        "kerberos.DLL",
        "CRYPTSP.dll",
        "WS2_32.dll",
        "NSI.dll",
        "mswsock.dll",
        "wship6.dll",
        "msv1_0.DLL",
        "netlogon.DLL",
        "DNSAPI.dll",
        "logoncli.dll",
        "schannel.DLL",
        "CRYPT32.dll",
        "wdigest.DLL",
        "rsaenh.dll",
        "tspkg.DLL",
        "pku2u.DLL",
        "bcryptprimitives.dll",
        "RpcRtRemote.dll",
        "efslsaext.dll",
        "WINSTA.dll",
        "scecli.DLL",
        "credssp.dll",
        "IPHLPAPI.DLL",
        "WINNSI.DLL",
        "netutils.dll",
        "USERENV.dll",
        "profapi.dll",
        "wshtcpip.dll",
        "monitor-x64.dll"
      ]
    },
    {
      "name": "0fe87602f6f2a6dd5acf209eea81ec0555fe1e02d6f781299724238b4cb2e2c1.exe",
      "path": "C:\\Users\\Administrator\\AppData\\Local\\Temp\\0fe87602f6f2a6dd5acf209eea81ec0555fe1e02d6f781299724238b4cb2e2c1.exe",
      "pid": 2264,
      "cmdline": "\"C:\\Users\\Administrator\\AppData\\Local\\Temp\\0fe87602f6f2a6dd5acf209eea81ec0555fe1e02d6f781299724238b4cb2e2c1.exe\" ",
      "modules": [
        "0fe87602f6f2a6dd5acf209eea81ec0555fe1e02d6f781299724238b4cb2e2c1.exe",
        "ntdll.dll",
        "kernel32.dll",
        "KERNELBASE.dll",
        "ADVAPI32.dll",
        "msvcrt.dll",
        "sechost.dll",
        "RPCRT4.dll",
        "monitor-x64.dll"
      ]
    }
  ]
}