{
  "behavior_summary": {
    "file_created": [],
    "file_deleted": [],
    "file_read": [],
    "file_recreated": [],
    "file_exists": [
      "C:\\Windows\\System32\\MSCOREE.DLL.local"
    ],
    "file_opened": [
      "C:\\Windows\\Microsoft.NET\\Framework64\\v2.0.50727\\",
      "C:\\Users\\Administrator\\AppData\\Local\\Temp\\67628a5f04c7099346dd18957a4bc5179f5c3a07b41ca0d2a9e708dcab54d16d.exe"
    ],
    "regkey_opened": [
      "HKEY_LOCAL_MACHINE\\SOFTWARE\\Microsoft\\.NETFramework\\Policy\\Upgrades",
      "HKEY_LOCAL_MACHINE\\Software\\Microsoft\\.NETFramework\\Policy\\Upgrades",
      "HKEY_CURRENT_USER\\Software\\Microsoft\\.NETFramework\\Policy\\Standards",
      "HKEY_LOCAL_MACHINE\\Software\\Microsoft\\.NETFramework",
      "HKEY_LOCAL_MACHINE\\Software\\Microsoft\\.NETFramework\\Policy\\Standards",
      "HKEY_CURRENT_USER\\Software\\Microsoft\\.NETFramework\\Policy\\Upgrades",
      "HKEY_LOCAL_MACHINE\\Software\\Microsoft\\.NETFramework\\Policy\\",
      "HKEY_LOCAL_MACHINE\\SOFTWARE\\Microsoft\\.NETFramework\\Policy\\standards\\v4.0.30319",
      "HKEY_CURRENT_USER\\Software\\Microsoft\\.NETFramework",
      "HKEY_LOCAL_MACHINE\\SOFTWARE\\Microsoft\\.NETFramework\\Policy\\v2.0",
      "HKEY_LOCAL_MACHINE\\SOFTWARE\\Microsoft\\.NETFramework\\Policy\\standards",
      "HKEY_LOCAL_MACHINE\\SOFTWARE\\Microsoft\\.NETFramework\\Policy\\AppPatch"
    ],
    "regkey_read": [
      "HKEY_LOCAL_MACHINE\\SOFTWARE\\Microsoft\\.NETFramework\\OnlyUseLatestCLR",
      "HKEY_LOCAL_MACHINE\\SOFTWARE\\Microsoft\\Windows NT\\CurrentVersion\\Windows\\LoadAppInit_DLLs",
      "HKEY_LOCAL_MACHINE\\SOFTWARE\\Microsoft\\.NETFramework\\NoGuiFromShim",
      "HKEY_LOCAL_MACHINE\\SOFTWARE\\Microsoft\\.NETFramework\\CLRLoadLogDir",
      "HKEY_LOCAL_MACHINE\\SOFTWARE\\Microsoft\\.NETFramework\\InstallRoot",
      "HKEY_LOCAL_MACHINE\\SOFTWARE\\Microsoft\\Windows NT\\CurrentVersion\\GRE_Initialize\\DisableMetaFiles"
    ],
    "regkey_written": [],
    "dll_loaded": [
      "ADVAPI32.dll",
      "SHLWAPI.dll",
      "C:\\Windows\\system32\\IMM32.DLL",
      "gdi32.dll"
    ],
    "executed_commands": [],
    "directory_created": [],
    "mutex": [],
    "processes_created": [],
    "resolves_host": []
  },
  "dropped_files": [],
  "api_statistics": {
    "2276": {
      "LdrUnloadDll": 1,
      "RegCloseKey": 16,
      "NtQueryKey": 2,
      "GetSystemInfo": 2,
      "NtTerminateProcess": 3,
      "NtQueryValueKey": 3,
      "GetFileAttributesW": 1,
      "RegQueryValueExW": 15,
      "NtMapViewOfSection": 2,
      "GetFileSize": 2,
      "RegOpenKeyExW": 20,
      "SetErrorMode": 2,
      "LdrGetDllHandle": 4,
      "NtFreeVirtualMemory": 1,
      "NtQuerySystemInformation": 1,
      "NtOpenFile": 5,
      "NtUnmapViewOfSection": 2,
      "RegQueryInfoKeyW": 6,
      "GetSystemDirectoryW": 2,
      "RegEnumKeyExW": 4,
      "NtQueryDirectoryFile": 1,
      "NtCreateFile": 3,
      "GetSystemTimeAsFileTime": 8,
      "NtCreateMutant": 1,
      "NtProtectVirtualMemory": 1,
      "RegEnumValueW": 3,
      "NtCreateSection": 2,
      "NtOpenKey": 3,
      "LdrGetProcedureAddress": 12,
      "NtOpenKeyEx": 3,
      "LdrLoadDll": 4,
      "NtClose": 15
    }
  },
  "api_call_sequence": [
    {
      "time": 1746122898.846771,
      "api": "GetSystemTimeAsFileTime",
      "pid": 2276,
      "arguments": {},
      "category": "synchronisation"
    },
    {
      "time": 1746122898.846771,
      "api": "GetSystemTimeAsFileTime",
      "pid": 2276,
      "arguments": {},
      "category": "synchronisation"
    },
    {
      "time": 1746122898.846771,
      "api": "NtCreateMutant",
      "pid": 2276,
      "arguments": {
        "initial_owner": 0,
        "desired_access": "0x001f0001",
        "mutant_name": "",
        "mutant_handle": "0x0000000000000034"
      },
      "category": "synchronisation"
    },
    {
      "time": 1746122898.862771,
      "api": "GetSystemTimeAsFileTime",
      "pid": 2276,
      "arguments": {},
      "category": "synchronisation"
    },
    {
      "time": 1746122898.862771,
      "api": "NtOpenKeyEx",
      "pid": 2276,
      "arguments": {
        "key_handle": "0x0000000000000038",
        "desired_access": "0x02000000",
        "regkey": "HKEY_LOCAL_MACHINE",
        "options": 0
      },
      "category": "registry"
    },
    {
      "time": 1746122898.862771,
      "api": "NtQueryKey",
      "pid": 2276,
      "arguments": {
        "key_handle": "0x0000000000000038",
        "buffer": "\u0000\u0000\u0000\u0000",
        "information_class": 7,
        "regkey": "HKEY_LOCAL_MACHINE"
      },
      "category": "registry"
    },
    {
      "time": 1746122898.862771,
      "api": "NtOpenKeyEx",
      "pid": 2276,
      "arguments": {
        "key_handle": "0x0000000000000000",
        "desired_access": "0x00020019",
        "regkey": "HKEY_LOCAL_MACHINE\\Software\\Microsoft\\Windows NT\\CurrentVersion\\Diagnostics",
        "options": 0
      },
      "category": "registry"
    },
    {
      "time": 1746122898.862771,
      "api": "LdrLoadDll",
      "pid": 2276,
      "arguments": {
        "basename": "ADVAPI32",
        "module_address": "0x000007feffd90000",
        "flags": 0,
        "module_name": "ADVAPI32.dll",
        "stack_pivoted": 0
      },
      "category": "system"
    },
    {
      "time": 1746122898.862771,
      "api": "LdrGetProcedureAddress",
      "pid": 2276,
      "arguments": {
        "ordinal": 0,
        "module": "ADVAPI32",
        "module_address": "0x000007feffd90000",
        "function_address": "0x000007feffdb06f0",
        "function_name": "RegOpenKeyExW"
      },
      "category": "system"
    },
    {
      "time": 1746122898.862771,
      "api": "RegOpenKeyExW",
      "pid": 2276,
      "arguments": {
        "access": "0x00020019",
        "base_handle": "0xffffffff80000002",
        "key_handle": "0x0000000000000040",
        "regkey": "HKEY_LOCAL_MACHINE\\Software\\Microsoft\\.NETFramework\\Policy\\",
        "regkey_r": "Software\\Microsoft\\.NETFramework\\Policy\\",
        "options": 0
      },
      "category": "registry"
    },
    {
      "time": 1746122898.862771,
      "api": "LdrGetProcedureAddress",
      "pid": 2276,
      "arguments": {
        "ordinal": 0,
        "module": "ADVAPI32",
        "module_address": "0x000007feffd90000",
        "function_address": "0x000007feffdac360",
        "function_name": "RegQueryInfoKeyW"
      },
      "category": "system"
    },
    {
      "time": 1746122898.862771,
      "api": "RegQueryInfoKeyW",
      "pid": 2276,
      "arguments": {
        "key_handle": "0x0000000000000040",
        "value_max_length": 0,
        "class_max_length": 0,
        "value_name_max_length": 0,
        "regkey": "HKEY_LOCAL_MACHINE\\SOFTWARE\\Microsoft\\.NETFramework\\Policy",
        "value_count": 0,
        "subkey_max_length": 9,
        "class": "",
        "subkey_count": 4
      },
      "category": "registry"
    },
    {
      "time": 1746122898.862771,
      "api": "LdrGetProcedureAddress",
      "pid": 2276,
      "arguments": {
        "ordinal": 0,
        "module": "ADVAPI32",
        "module_address": "0x000007feffd90000",
        "function_address": "0x000007feffdac310",
        "function_name": "RegEnumKeyExW"
      },
      "category": "system"
    },
    {
      "time": 1746122898.862771,
      "api": "RegEnumKeyExW",
      "pid": 2276,
      "arguments": {
        "index": 3,
        "key_handle": "0x0000000000000040",
        "key_name": "v2.0",
        "regkey": "HKEY_LOCAL_MACHINE\\SOFTWARE\\Microsoft\\.NETFramework\\Policy",
        "class": ""
      },
      "category": "registry"
    },
    {
      "time": 1746122898.862771,
      "api": "RegEnumKeyExW",
      "pid": 2276,
      "arguments": {
        "index": 2,
        "key_handle": "0x0000000000000040",
        "key_name": "Upgrades",
        "regkey": "HKEY_LOCAL_MACHINE\\SOFTWARE\\Microsoft\\.NETFramework\\Policy",
        "class": ""
      },
      "category": "registry"
    },
    {
      "time": 1746122898.862771,
      "api": "RegEnumKeyExW",
      "pid": 2276,
      "arguments": {
        "index": 1,
        "key_handle": "0x0000000000000040",
        "key_name": "standards",
        "regkey": "HKEY_LOCAL_MACHINE\\SOFTWARE\\Microsoft\\.NETFramework\\Policy",
        "class": ""
      },
      "category": "registry"
    },
    {
      "time": 1746122898.862771,
      "api": "RegEnumKeyExW",
      "pid": 2276,
      "arguments": {
        "index": 0,
        "key_handle": "0x0000000000000040",
        "key_name": "AppPatch",
        "regkey": "HKEY_LOCAL_MACHINE\\SOFTWARE\\Microsoft\\.NETFramework\\Policy",
        "class": ""
      },
      "category": "registry"
    },
    {
      "time": 1746122898.862771,
      "api": "RegOpenKeyExW",
      "pid": 2276,
      "arguments": {
        "access": "0x00020019",
        "base_handle": "0x0000000000000040",
        "key_handle": "0x0000000000000044",
        "regkey": "HKEY_LOCAL_MACHINE\\SOFTWARE\\Microsoft\\.NETFramework\\Policy\\v2.0",
        "regkey_r": "v2.0",
        "options": 0
      },
      "category": "registry"
    },
    {
      "time": 1746122898.862771,
      "api": "RegQueryInfoKeyW",
      "pid": 2276,
      "arguments": {
        "key_handle": "0x0000000000000044",
        "value_max_length": 24,
        "class_max_length": 0,
        "value_name_max_length": 5,
        "regkey": "HKEY_LOCAL_MACHINE\\SOFTWARE\\Microsoft\\.NETFramework\\Policy\\v2.0",
        "value_count": 1,
        "subkey_max_length": 0,
        "class": "",
        "subkey_count": 0
      },
      "category": "registry"
    },
    {
      "time": 1746122898.862771,
      "api": "LdrGetProcedureAddress",
      "pid": 2276,
      "arguments": {
        "ordinal": 0,
        "module": "ADVAPI32",
        "module_address": "0x000007feffd90000",
        "function_address": "0x000007feffdac420",
        "function_name": "RegEnumValueW"
      },
      "category": "system"
    },
    {
      "time": 1746122898.862771,
      "api": "RegEnumValueW",
      "pid": 2276,
      "arguments": {
        "index": 0,
        "key_handle": "0x0000000000000044",
        "value": "50727-50727",
        "regkey_r": "50727",
        "reg_type": 1,
        "regkey": "HKEY_LOCAL_MACHINE\\SOFTWARE\\Microsoft\\.NETFramework\\Policy\\v2.0\\(Default)"
      },
      "category": "registry"
    },
    {
      "time": 1746122898.862771,
      "api": "LdrGetProcedureAddress",
      "pid": 2276,
      "arguments": {
        "ordinal": 0,
        "module": "ADVAPI32",
        "module_address": "0x000007feffd90000",
        "function_address": "0x000007feffdb0710",
        "function_name": "RegCloseKey"
      },
      "category": "system"
    },
    {
      "time": 1746122898.862771,
      "api": "RegCloseKey",
      "pid": 2276,
      "arguments": {
        "key_handle": "0x0000000000000044"
      },
      "category": "registry"
    },
    {
      "time": 1746122898.862771,
      "api": "GetFileAttributesW",
      "pid": 2276,
      "arguments": {
        "file_attributes": -1,
        "filepath_r": "C:\\Windows\\SYSTEM32\\MSCOREE.DLL.local",
        "filepath": "C:\\Windows\\System32\\MSCOREE.DLL.local"
      },
      "category": "file"
    },
    {
      "time": 1746122898.862771,
      "api": "RegOpenKeyExW",
      "pid": 2276,
      "arguments": {
        "access": "0x00020019",
        "base_handle": "0xffffffff80000002",
        "key_handle": "0x0000000000000044",
        "regkey": "HKEY_LOCAL_MACHINE\\Software\\Microsoft\\.NETFramework",
        "regkey_r": "Software\\Microsoft\\.NETFramework",
        "options": 0
      },
      "category": "registry"
    },
    {
      "time": 1746122898.862771,
      "api": "LdrGetProcedureAddress",
      "pid": 2276,
      "arguments": {
        "ordinal": 0,
        "module": "ADVAPI32",
        "module_address": "0x000007feffd90000",
        "function_address": "0x000007feffdac2d0",
        "function_name": "RegQueryValueExW"
      },
      "category": "system"
    },
    {
      "time": 1746122898.862771,
      "api": "RegQueryValueExW",
      "pid": 2276,
      "arguments": {
        "key_handle": "0x0000000000000044",
        "value": "",
        "regkey_r": "InstallRoot",
        "reg_type": 1,
        "regkey": "HKEY_LOCAL_MACHINE\\SOFTWARE\\Microsoft\\.NETFramework\\InstallRoot"
      },
      "category": "registry"
    },
    {
      "time": 1746122898.862771,
      "api": "RegQueryValueExW",
      "pid": 2276,
      "arguments": {
        "key_handle": "0x0000000000000044",
        "value": "C:\\Windows\\Microsoft.NET\\Framework64\\",
        "regkey_r": "InstallRoot",
        "reg_type": 1,
        "regkey": "HKEY_LOCAL_MACHINE\\SOFTWARE\\Microsoft\\.NETFramework\\InstallRoot"
      },
      "category": "registry"
    },
    {
      "time": 1746122898.862771,
      "api": "RegCloseKey",
      "pid": 2276,
      "arguments": {
        "key_handle": "0x0000000000000044"
      },
      "category": "registry"
    },
    {
      "time": 1746122898.862771,
      "api": "NtOpenFile",
      "pid": 2276,
      "arguments": {
        "file_handle": "0x0000000000000044",
        "filepath": "C:\\Windows\\Microsoft.NET\\Framework64\\v2.0.50727\\",
        "desired_access": "0x00100001",
        "filepath_r": "\\??\\C:\\Windows\\Microsoft.NET\\Framework64\\v2.0.50727\\",
        "open_options": 16417,
        "status_info": 1,
        "share_access": 7
      },
      "category": "file"
    },
    {
      "time": 1746122898.862771,
      "api": "NtQueryDirectoryFile",
      "pid": 2276,
      "arguments": {
        "file_handle": "0x0000000000000044",
        "information_class": 3,
        "dirpath": "C:\\Windows\\Microsoft.NET\\Framework64\\v2.0.50727\\mscoreei.dll"
      },
      "category": "file"
    },
    {
      "time": 1746122898.877771,
      "api": "NtClose",
      "pid": 2276,
      "arguments": {
        "handle": "0x0000000000000044"
      },
      "category": "system"
    },
    {
      "time": 1746122898.877771,
      "api": "RegOpenKeyExW",
      "pid": 2276,
      "arguments": {
        "access": "0x00020019",
        "base_handle": "0x0000000000000040",
        "key_handle": "0x0000000000000044",
        "regkey": "HKEY_LOCAL_MACHINE\\SOFTWARE\\Microsoft\\.NETFramework\\Policy\\standards",
        "regkey_r": "standards",
        "options": 0
      },
      "category": "registry"
    },
    {
      "time": 1746122898.877771,
      "api": "RegQueryInfoKeyW",
      "pid": 2276,
      "arguments": {
        "key_handle": "0x0000000000000044",
        "value_max_length": 0,
        "class_max_length": 0,
        "value_name_max_length": 0,
        "regkey": "HKEY_LOCAL_MACHINE\\SOFTWARE\\Microsoft\\.NETFramework\\Policy\\standards",
        "value_count": 0,
        "subkey_max_length": 17,
        "class": "",
        "subkey_count": 3
      },
      "category": "registry"
    },
    {
      "time": 1746122898.877771,
      "api": "RegCloseKey",
      "pid": 2276,
      "arguments": {
        "key_handle": "0x0000000000000044"
      },
      "category": "registry"
    },
    {
      "time": 1746122898.877771,
      "api": "RegOpenKeyExW",
      "pid": 2276,
      "arguments": {
        "access": "0x00020019",
        "base_handle": "0x0000000000000040",
        "key_handle": "0x0000000000000044",
        "regkey": "HKEY_LOCAL_MACHINE\\SOFTWARE\\Microsoft\\.NETFramework\\Policy\\Upgrades",
        "regkey_r": "Upgrades",
        "options": 0
      },
      "category": "registry"
    },
    {
      "time": 1746122898.877771,
      "api": "RegQueryInfoKeyW",
      "pid": 2276,
      "arguments": {
        "key_handle": "0x0000000000000044",
        "value_max_length": 32,
        "class_max_length": 0,
        "value_name_max_length": 9,
        "regkey": "HKEY_LOCAL_MACHINE\\SOFTWARE\\Microsoft\\.NETFramework\\Policy\\Upgrades",
        "value_count": 1,
        "subkey_max_length": 0,
        "class": "",
        "subkey_count": 0
      },
      "category": "registry"
    },
    {
      "time": 1746122898.877771,
      "api": "RegEnumValueW",
      "pid": 2276,
      "arguments": {
        "index": 0,
        "key_handle": "0x0000000000000044",
        "value": "1.0.0-2.0.50727",
        "regkey_r": "2.0.50727",
        "reg_type": 1,
        "regkey": "HKEY_LOCAL_MACHINE\\SOFTWARE\\Microsoft\\.NETFramework\\Policy\\Upgrades\\\uf514+"
      },
      "category": "registry"
    },
    {
      "time": 1746122898.877771,
      "api": "RegCloseKey",
      "pid": 2276,
      "arguments": {
        "key_handle": "0x0000000000000044"
      },
      "category": "registry"
    },
    {
      "time": 1746122898.877771,
      "api": "RegOpenKeyExW",
      "pid": 2276,
      "arguments": {
        "access": "0x00020019",
        "base_handle": "0xffffffff80000002",
        "key_handle": "0x0000000000000044",
        "regkey": "HKEY_LOCAL_MACHINE\\Software\\Microsoft\\.NETFramework",
        "regkey_r": "Software\\Microsoft\\.NETFramework",
        "options": 0
      },
      "category": "registry"
    },
    {
      "time": 1746122898.877771,
      "api": "RegQueryValueExW",
      "pid": 2276,
      "arguments": {
        "key_handle": "0x0000000000000044",
        "value": "",
        "regkey_r": "InstallRoot",
        "reg_type": 1,
        "regkey": "HKEY_LOCAL_MACHINE\\SOFTWARE\\Microsoft\\.NETFramework\\InstallRoot"
      },
      "category": "registry"
    },
    {
      "time": 1746122898.877771,
      "api": "RegQueryValueExW",
      "pid": 2276,
      "arguments": {
        "key_handle": "0x0000000000000044",
        "value": "C:\\Windows\\Microsoft.NET\\Framework64\\",
        "regkey_r": "InstallRoot",
        "reg_type": 1,
        "regkey": "HKEY_LOCAL_MACHINE\\SOFTWARE\\Microsoft\\.NETFramework\\InstallRoot"
      },
      "category": "registry"
    },
    {
      "time": 1746122898.877771,
      "api": "RegCloseKey",
      "pid": 2276,
      "arguments": {
        "key_handle": "0x0000000000000044"
      },
      "category": "registry"
    },
    {
      "time": 1746122898.877771,
      "api": "NtOpenFile",
      "pid": 2276,
      "arguments": {
        "file_handle": "0x0000000000000000",
        "filepath": "C:\\Windows\\Microsoft.NET\\Framework64\\Upgrades.2.0.50727\\",
        "desired_access": "0x00100001",
        "filepath_r": "\\??\\C:\\Windows\\Microsoft.NET\\Framework64\\Upgrades.2.0.50727\\",
        "open_options": 16417,
        "status_info": 4294967295,
        "share_access": 7
      },
      "category": "file"
    },
    {
      "time": 1746122898.877771,
      "api": "RegOpenKeyExW",
      "pid": 2276,
      "arguments": {
        "access": "0x00020019",
        "base_handle": "0x0000000000000040",
        "key_handle": "0x0000000000000044",
        "regkey": "HKEY_LOCAL_MACHINE\\SOFTWARE\\Microsoft\\.NETFramework\\Policy\\AppPatch",
        "regkey_r": "AppPatch",
        "options": 0
      },
      "category": "registry"
    },
    {
      "time": 1746122898.877771,
      "api": "RegQueryInfoKeyW",
      "pid": 2276,
      "arguments": {
        "key_handle": "0x0000000000000044",
        "value_max_length": 0,
        "class_max_length": 0,
        "value_name_max_length": 0,
        "regkey": "HKEY_LOCAL_MACHINE\\SOFTWARE\\Microsoft\\.NETFramework\\Policy\\AppPatch",
        "value_count": 0,
        "subkey_max_length": 16,
        "class": "",
        "subkey_count": 1
      },
      "category": "registry"
    },
    {
      "time": 1746122898.877771,
      "api": "RegCloseKey",
      "pid": 2276,
      "arguments": {
        "key_handle": "0x0000000000000044"
      },
      "category": "registry"
    },
    {
      "time": 1746122898.877771,
      "api": "RegCloseKey",
      "pid": 2276,
      "arguments": {
        "key_handle": "0x0000000000000040"
      },
      "category": "registry"
    },
    {
      "time": 1746122898.877771,
      "api": "RegOpenKeyExW",
      "pid": 2276,
      "arguments": {
        "access": "0x00020019",
        "base_handle": "0xffffffff80000002",
        "key_handle": "0x0000000000000040",
        "regkey": "HKEY_LOCAL_MACHINE\\Software\\Microsoft\\.NETFramework",
        "regkey_r": "Software\\Microsoft\\.NETFramework",
        "options": 0
      },
      "category": "registry"
    },
    {
      "time": 1746122898.877771,
      "api": "RegQueryValueExW",
      "pid": 2276,
      "arguments": {
        "key_handle": "0x0000000000000040",
        "value": "",
        "regkey_r": "InstallRoot",
        "reg_type": 1,
        "regkey": "HKEY_LOCAL_MACHINE\\SOFTWARE\\Microsoft\\.NETFramework\\InstallRoot"
      },
      "category": "registry"
    },
    {
      "time": 1746122898.877771,
      "api": "RegQueryValueExW",
      "pid": 2276,
      "arguments": {
        "key_handle": "0x0000000000000040",
        "value": "C:\\Windows\\Microsoft.NET\\Framework64\\",
        "regkey_r": "InstallRoot",
        "reg_type": 1,
        "regkey": "HKEY_LOCAL_MACHINE\\SOFTWARE\\Microsoft\\.NETFramework\\InstallRoot"
      },
      "category": "registry"
    },
    {
      "time": 1746122898.877771,
      "api": "RegCloseKey",
      "pid": 2276,
      "arguments": {
        "key_handle": "0x0000000000000040"
      },
      "category": "registry"
    },
    {
      "time": 1746122898.893771,
      "api": "NtOpenFile",
      "pid": 2276,
      "arguments": {
        "file_handle": "0x0000000000000048",
        "filepath": "C:\\Windows\\Microsoft.NET\\Framework64\\Upgrades.2.0.50727\\",
        "desired_access": "0x00100001",
        "filepath_r": "\\??\\C:\\Windows\\Microsoft.NET\\Framework64\\Upgrades.2.0.50727\\",
        "open_options": 16417,
        "status_info": 4294967295,
        "share_access": 7
      },
      "category": "file"
    },
    {
      "time": 1746122898.893771,
      "api": "RegOpenKeyExW",
      "pid": 2276,
      "arguments": {
        "access": "0x00020019",
        "base_handle": "0xffffffff80000002",
        "key_handle": "0x0000000000000040",
        "regkey": "HKEY_LOCAL_MACHINE\\Software\\Microsoft\\.NETFramework",
        "regkey_r": "Software\\Microsoft\\.NETFramework",
        "options": 0
      },
      "category": "registry"
    },
    {
      "time": 1746122898.893771,
      "api": "RegQueryValueExW",
      "pid": 2276,
      "arguments": {
        "key_handle": "0x0000000000000040",
        "value": "",
        "regkey_r": "InstallRoot",
        "reg_type": 1,
        "regkey": "HKEY_LOCAL_MACHINE\\SOFTWARE\\Microsoft\\.NETFramework\\InstallRoot"
      },
      "category": "registry"
    },
    {
      "time": 1746122898.893771,
      "api": "RegQueryValueExW",
      "pid": 2276,
      "arguments": {
        "key_handle": "0x0000000000000040",
        "value": "C:\\Windows\\Microsoft.NET\\Framework64\\",
        "regkey_r": "InstallRoot",
        "reg_type": 1,
        "regkey": "HKEY_LOCAL_MACHINE\\SOFTWARE\\Microsoft\\.NETFramework\\InstallRoot"
      },
      "category": "registry"
    },
    {
      "time": 1746122898.893771,
      "api": "RegCloseKey",
      "pid": 2276,
      "arguments": {
        "key_handle": "0x0000000000000040"
      },
      "category": "registry"
    },
    {
      "time": 1746122898.893771,
      "api": "RegOpenKeyExW",
      "pid": 2276,
      "arguments": {
        "access": "0x00020019",
        "base_handle": "0xffffffff80000002",
        "key_handle": "0x0000000000000040",
        "regkey": "HKEY_LOCAL_MACHINE\\Software\\Microsoft\\.NETFramework",
        "regkey_r": "Software\\Microsoft\\.NETFramework",
        "options": 0
      },
      "category": "registry"
    },
    {
      "time": 1746122898.893771,
      "api": "RegQueryValueExW",
      "pid": 2276,
      "arguments": {
        "key_handle": "0x0000000000000040",
        "value": "",
        "regkey_r": "CLRLoadLogDir",
        "reg_type": 0,
        "regkey": "HKEY_LOCAL_MACHINE\\SOFTWARE\\Microsoft\\.NETFramework\\CLRLoadLogDir"
      },
      "category": "registry"
    },
    {
      "time": 1746122898.893771,
      "api": "RegCloseKey",
      "pid": 2276,
      "arguments": {
        "key_handle": "0x0000000000000040"
      },
      "category": "registry"
    },
    {
      "time": 1746122898.893771,
      "api": "RegOpenKeyExW",
      "pid": 2276,
      "arguments": {
        "access": "0x00020019",
        "base_handle": "0xffffffff80000002",
        "key_handle": "0x0000000000000040",
        "regkey": "HKEY_LOCAL_MACHINE\\Software\\Microsoft\\.NETFramework",
        "regkey_r": "Software\\Microsoft\\.NETFramework",
        "options": 0
      },
      "category": "registry"
    },
    {
      "time": 1746122898.893771,
      "api": "RegQueryValueExW",
      "pid": 2276,
      "arguments": {
        "key_handle": "0x0000000000000040",
        "value": "",
        "regkey_r": "OnlyUseLatestCLR",
        "reg_type": 0,
        "regkey": "HKEY_LOCAL_MACHINE\\SOFTWARE\\Microsoft\\.NETFramework\\OnlyUseLatestCLR"
      },
      "category": "registry"
    },
    {
      "time": 1746122898.893771,
      "api": "RegCloseKey",
      "pid": 2276,
      "arguments": {
        "key_handle": "0x0000000000000040"
      },
      "category": "registry"
    },
    {
      "time": 1746122898.924771,
      "api": "GetSystemTimeAsFileTime",
      "pid": 2276,
      "arguments": {},
      "category": "synchronisation"
    },
    {
      "time": 1746122898.924771,
      "api": "NtQuerySystemInformation",
      "pid": 2276,
      "arguments": {
        "information_class": 0
      },
      "category": "system"
    },
    {
      "time": 1746122898.924771,
      "api": "NtProtectVirtualMemory",
      "pid": 2276,
      "arguments": {
        "process_identifier": 2276,
        "stack_dep_bypass": 0,
        "stack_pivoted": 0,
        "heap_dep_bypass": 0,
        "length": 4096,
        "protection": 2,
        "process_handle": "0xffffffffffffffff",
        "base_address": "0x0000000077d33000"
      },
      "category": "process"
    },
    {
      "time": 1746122898.924771,
      "api": "GetSystemDirectoryW",
      "pid": 2276,
      "arguments": {
        "dirpath": "C:\\Windows\\system32"
      },
      "category": "file"
    },
    {
      "time": 1746122898.924771,
      "api": "LdrGetDllHandle",
      "pid": 2276,
      "arguments": {
        "module_name": "C:\\Windows\\system32\\IMM32.DLL",
        "stack_pivoted": 0,
        "module_address": "0x0000000000000000"
      },
      "category": "system"
    },
    {
      "time": 1746122898.924771,
      "api": "LdrGetDllHandle",
      "pid": 2276,
      "arguments": {
        "module_name": "C:\\Windows\\system32\\IMM32.DLL",
        "stack_pivoted": 0,
        "module_address": "0x0000000000000000"
      },
      "category": "system"
    },
    {
      "time": 1746122898.971771,
      "api": "LdrLoadDll",
      "pid": 2276,
      "arguments": {
        "basename": "IMM32",
        "module_address": "0x000007feff160000",
        "flags": 0,
        "module_name": "C:\\Windows\\system32\\IMM32.DLL",
        "stack_pivoted": 0
      },
      "category": "system"
    },
    {
      "time": 1746122898.971771,
      "api": "GetSystemDirectoryW",
      "pid": 2276,
      "arguments": {
        "dirpath": "C:\\Windows\\system32"
      },
      "category": "file"
    },
    {
      "time": 1746122898.971771,
      "api": "LdrGetDllHandle",
      "pid": 2276,
      "arguments": {
        "module_name": "C:\\Windows\\system32\\IMM32.DLL",
        "stack_pivoted": 0,
        "module_address": "0x000007feff160000"
      },
      "category": "system"
    },
    {
      "time": 1746122898.971771,
      "api": "NtOpenKey",
      "pid": 2276,
      "arguments": {
        "key_handle": "0x0000000000000000",
        "desired_access": "0x00020019",
        "regkey": "HKEY_LOCAL_MACHINE\\System\\CurrentControlSet\\Control\\Error Message Instrument\\"
      },
      "category": "registry"
    },
    {
      "time": 1746122898.971771,
      "api": "NtOpenKey",
      "pid": 2276,
      "arguments": {
        "key_handle": "0x0000000000000044",
        "desired_access": "0x00020019",
        "regkey": "HKEY_LOCAL_MACHINE\\Software\\Microsoft\\Windows NT\\CurrentVersion\\GRE_Initialize"
      },
      "category": "registry"
    },
    {
      "time": 1746122898.971771,
      "api": "NtQueryValueKey",
      "pid": 2276,
      "arguments": {
        "key_handle": "0x0000000000000044",
        "key_name": "",
        "value": "",
        "reg_type": 0,
        "information_class": 2,
        "regkey": "HKEY_LOCAL_MACHINE\\SOFTWARE\\Microsoft\\Windows NT\\CurrentVersion\\GRE_Initialize\\DisableMetaFiles"
      },
      "category": "registry"
    },
    {
      "time": 1746122898.971771,
      "api": "NtClose",
      "pid": 2276,
      "arguments": {
        "handle": "0x0000000000000044"
      },
      "category": "system"
    },
    {
      "time": 1746122898.971771,
      "api": "LdrGetDllHandle",
      "pid": 2276,
      "arguments": {
        "module_name": "LPK.DLL",
        "stack_pivoted": 0,
        "module_address": "0x000007feff900000"
      },
      "category": "system"
    },
    {
      "time": 1746122898.971771,
      "api": "LdrGetProcedureAddress",
      "pid": 2276,
      "arguments": {
        "ordinal": 0,
        "module": "LPK",
        "module_address": "0x000007feff900000",
        "function_address": "0x000007feff906ab0",
        "function_name": "LpkTabbedTextOut"
      },
      "category": "system"
    },
    {
      "time": 1746122898.971771,
      "api": "LdrGetProcedureAddress",
      "pid": 2276,
      "arguments": {
        "ordinal": 0,
        "module": "LPK",
        "module_address": "0x000007feff900000",
        "function_address": "0x000007feff905300",
        "function_name": "LpkPSMTextOut"
      },
      "category": "system"
    },
    {
      "time": 1746122898.971771,
      "api": "LdrGetProcedureAddress",
      "pid": 2276,
      "arguments": {
        "ordinal": 0,
        "module": "LPK",
        "module_address": "0x000007feff900000",
        "function_address": "0x000007feff901460",
        "function_name": "LpkDrawTextEx"
      },
      "category": "system"
    },
    {
      "time": 1746122898.971771,
      "api": "LdrGetProcedureAddress",
      "pid": 2276,
      "arguments": {
        "ordinal": 0,
        "module": "LPK",
        "module_address": "0x000007feff900000",
        "function_address": "0x000007feff90a050",
        "function_name": "LpkEditControl"
      },
      "category": "system"
    },
    {
      "time": 1746122898.971771,
      "api": "NtClose",
      "pid": 2276,
      "arguments": {
        "handle": "0x0000000000000058"
      },
      "category": "system"
    },
    {
      "time": 1746122898.971771,
      "api": "NtClose",
      "pid": 2276,
      "arguments": {
        "handle": "0x0000000000000054"
      },
      "category": "system"
    },
    {
      "time": 1746122898.971771,
      "api": "NtQueryKey",
      "pid": 2276,
      "arguments": {
        "key_handle": "0x0000000000000038",
        "buffer": "\u0000\u0000\u0000\u0000",
        "information_class": 7,
        "regkey": "HKEY_LOCAL_MACHINE"
      },
      "category": "registry"
    },
    {
      "time": 1746122898.971771,
      "api": "NtOpenKeyEx",
      "pid": 2276,
      "arguments": {
        "key_handle": "0x0000000000000054",
        "desired_access": "0x00020019",
        "regkey": "HKEY_LOCAL_MACHINE\\Software\\Microsoft\\Windows NT\\CurrentVersion\\Windows",
        "options": 0
      },
      "category": "registry"
    },
    {
      "time": 1746122898.987771,
      "api": "NtQueryValueKey",
      "pid": 2276,
      "arguments": {
        "key_handle": "0x0000000000000054",
        "key_name": "",
        "value": 0,
        "reg_type": 4,
        "information_class": 2,
        "regkey": "HKEY_LOCAL_MACHINE\\SOFTWARE\\Microsoft\\Windows NT\\CurrentVersion\\Windows\\LoadAppInit_DLLs"
      },
      "category": "registry"
    },
    {
      "time": 1746122898.987771,
      "api": "NtClose",
      "pid": 2276,
      "arguments": {
        "handle": "0x0000000000000054"
      },
      "category": "system"
    },
    {
      "time": 1746122898.987771,
      "api": "GetSystemTimeAsFileTime",
      "pid": 2276,
      "arguments": {},
      "category": "synchronisation"
    },
    {
      "time": 1746122898.987771,
      "api": "LdrLoadDll",
      "pid": 2276,
      "arguments": {
        "basename": "gdi32",
        "module_address": "0x000007feff330000",
        "flags": 0,
        "module_name": "gdi32.dll",
        "stack_pivoted": 0
      },
      "category": "system"
    },
    {
      "time": 1746122898.987771,
      "api": "LdrGetProcedureAddress",
      "pid": 2276,
      "arguments": {
        "ordinal": 0,
        "module": "GDI32",
        "module_address": "0x000007feff330000",
        "function_address": "0x000007feff335964",
        "function_name": "GetCharABCWidthsI"
      },
      "category": "system"
    },
    {
      "time": 1746122898.987771,
      "api": "GetSystemTimeAsFileTime",
      "pid": 2276,
      "arguments": {},
      "category": "synchronisation"
    },
    {
      "time": 1746122898.987771,
      "api": "GetSystemTimeAsFileTime",
      "pid": 2276,
      "arguments": {},
      "category": "synchronisation"
    },
    {
      "time": 1746122898.987771,
      "api": "GetSystemTimeAsFileTime",
      "pid": 2276,
      "arguments": {},
      "category": "synchronisation"
    },
    {
      "time": 1746122898.987771,
      "api": "LdrLoadDll",
      "pid": 2276,
      "arguments": {
        "basename": "SHLWAPI",
        "module_address": "0x000007feffcc0000",
        "flags": 0,
        "module_name": "SHLWAPI.dll",
        "stack_pivoted": 0
      },
      "category": "system"
    },
    {
      "time": 1746122898.987771,
      "api": "LdrGetProcedureAddress",
      "pid": 2276,
      "arguments": {
        "ordinal": 0,
        "module": "SHLWAPI",
        "module_address": "0x000007feffcc0000",
        "function_address": "0x000007feffcccee4",
        "function_name": "UrlIsW"
      },
      "category": "system"
    },
    {
      "time": 1746122898.987771,
      "api": "NtCreateFile",
      "pid": 2276,
      "arguments": {
        "create_disposition": 1,
        "file_handle": "0x00000000002be6e8",
        "filepath": "C:\\Users\\Administrator\\AppData\\Local\\Temp\\67628a5f04c7099346dd18957a4bc5179f5c3a07b41ca0d2a9e708dcab54d16d.exe.config",
        "desired_access": "0x80100080",
        "file_attributes": 128,
        "filepath_r": "\\??\\C:\\Users\\Administrator\\AppData\\Local\\Temp\\67628a5f04c7099346dd18957a4bc5179f5c3a07b41ca0d2a9e708dcab54d16d.exe.config",
        "create_options": 96,
        "status_info": 4294967295,
        "share_access": 1
      },
      "category": "file"
    },
    {
      "time": 1746122898.987771,
      "api": "NtCreateFile",
      "pid": 2276,
      "arguments": {
        "create_disposition": 1,
        "file_handle": "0x000000000000005c",
        "filepath": "C:\\Users\\Administrator\\AppData\\Local\\Temp\\67628a5f04c7099346dd18957a4bc5179f5c3a07b41ca0d2a9e708dcab54d16d.exe",
        "desired_access": "0x80100080",
        "file_attributes": 0,
        "filepath_r": "\\??\\C:\\Users\\Administrator\\AppData\\Local\\Temp\\67628a5f04c7099346dd18957a4bc5179f5c3a07b41ca0d2a9e708dcab54d16d.exe",
        "create_options": 100,
        "status_info": 1,
        "share_access": 1
      },
      "category": "file"
    },
    {
      "time": 1746122899.002771,
      "api": "GetFileSize",
      "pid": 2276,
      "arguments": {
        "file_size_low": 209410,
        "file_handle": "0x000000000000005c"
      },
      "category": "file"
    },
    {
      "time": 1746122899.002771,
      "api": "NtCreateSection",
      "pid": 2276,
      "arguments": {
        "section_handle": "0x0000000000000060",
        "object_handle": "0x0000000000000000",
        "desired_access": "0x000f0005",
        "protection": 2,
        "section_name": "",
        "file_handle": "0x000000000000005c"
      },
      "category": "process"
    },
    {
      "time": 1746122899.002771,
      "api": "NtMapViewOfSection",
      "pid": 2276,
      "arguments": {
        "section_handle": "0x0000000000000060",
        "process_identifier": 2276,
        "commit_size": 0,
        "win32_protect": 2,
        "buffer": "",
        "process_handle": "0xffffffffffffffff",
        "allocation_type": 0,
        "section_offset": 0,
        "view_size": 212992,
        "base_address": "0x0000000000330000"
      },
      "category": "process"
    },
    {
      "time": 1746122899.002771,
      "api": "GetSystemInfo",
      "pid": 2276,
      "arguments": {
        "processor_count": 2
      },
      "category": "system"
    },
    {
      "time": 1746122899.002771,
      "api": "NtClose",
      "pid": 2276,
      "arguments": {
        "handle": "0x000000000000005c"
      },
      "category": "system"
    },
    {
      "time": 1746122899.002771,
      "api": "NtUnmapViewOfSection",
      "pid": 2276,
      "arguments": {
        "process_identifier": 2276,
        "region_size": 212992,
        "process_handle": "0xffffffffffffffff",
        "base_address": "0x0000000000330000"
      },
      "category": "process"
    },
    {
      "time": 1746122899.002771,
      "api": "NtClose",
      "pid": 2276,
      "arguments": {
        "handle": "0x0000000000000060"
      },
      "category": "system"
    },
    {
      "time": 1746122899.002771,
      "api": "NtCreateFile",
      "pid": 2276,
      "arguments": {
        "create_disposition": 1,
        "file_handle": "0x0000000000000060",
        "filepath": "C:\\Users\\Administrator\\AppData\\Local\\Temp\\67628a5f04c7099346dd18957a4bc5179f5c3a07b41ca0d2a9e708dcab54d16d.exe",
        "desired_access": "0x80100080",
        "file_attributes": 0,
        "filepath_r": "\\??\\C:\\Users\\Administrator\\AppData\\Local\\Temp\\67628a5f04c7099346dd18957a4bc5179f5c3a07b41ca0d2a9e708dcab54d16d.exe",
        "create_options": 100,
        "status_info": 1,
        "share_access": 1
      },
      "category": "file"
    },
    {
      "time": 1746122899.002771,
      "api": "GetFileSize",
      "pid": 2276,
      "arguments": {
        "file_size_low": 209410,
        "file_handle": "0x0000000000000060"
      },
      "category": "file"
    },
    {
      "time": 1746122899.002771,
      "api": "NtCreateSection",
      "pid": 2276,
      "arguments": {
        "section_handle": "0x000000000000005c",
        "object_handle": "0x0000000000000000",
        "desired_access": "0x000f0005",
        "protection": 2,
        "section_name": "",
        "file_handle": "0x0000000000000060"
      },
      "category": "process"
    },
    {
      "time": 1746122899.002771,
      "api": "NtMapViewOfSection",
      "pid": 2276,
      "arguments": {
        "section_handle": "0x000000000000005c",
        "process_identifier": 2276,
        "commit_size": 0,
        "win32_protect": 2,
        "buffer": "",
        "process_handle": "0xffffffffffffffff",
        "allocation_type": 0,
        "section_offset": 0,
        "view_size": 212992,
        "base_address": "0x0000000000330000"
      },
      "category": "process"
    },
    {
      "time": 1746122899.002771,
      "api": "GetSystemInfo",
      "pid": 2276,
      "arguments": {
        "processor_count": 2
      },
      "category": "system"
    },
    {
      "time": 1746122899.002771,
      "api": "NtClose",
      "pid": 2276,
      "arguments": {
        "handle": "0x0000000000000060"
      },
      "category": "system"
    },
    {
      "time": 1746122899.002771,
      "api": "NtUnmapViewOfSection",
      "pid": 2276,
      "arguments": {
        "process_identifier": 2276,
        "region_size": 212992,
        "process_handle": "0xffffffffffffffff",
        "base_address": "0x0000000000330000"
      },
      "category": "process"
    },
    {
      "time": 1746122899.002771,
      "api": "NtClose",
      "pid": 2276,
      "arguments": {
        "handle": "0x000000000000005c"
      },
      "category": "system"
    },
    {
      "time": 1746122899.002771,
      "api": "RegOpenKeyExW",
      "pid": 2276,
      "arguments": {
        "access": "0x00020019",
        "base_handle": "0xffffffff80000001",
        "key_handle": "0x0000000000000000",
        "regkey": "HKEY_CURRENT_USER\\Software\\Microsoft\\.NETFramework\\Policy\\Standards",
        "regkey_r": "Software\\Microsoft\\.NETFramework\\Policy\\Standards",
        "options": 0
      },
      "category": "registry"
    },
    {
      "time": 1746122899.002771,
      "api": "RegOpenKeyExW",
      "pid": 2276,
      "arguments": {
        "access": "0x00020019",
        "base_handle": "0xffffffff80000002",
        "key_handle": "0x0000000000000060",
        "regkey": "HKEY_LOCAL_MACHINE\\Software\\Microsoft\\.NETFramework\\Policy\\Standards",
        "regkey_r": "Software\\Microsoft\\.NETFramework\\Policy\\Standards",
        "options": 0
      },
      "category": "registry"
    },
    {
      "time": 1746122899.002771,
      "api": "RegOpenKeyExW",
      "pid": 2276,
      "arguments": {
        "access": "0x00020019",
        "base_handle": "0x0000000000000060",
        "key_handle": "0x0000000000000000",
        "regkey": "HKEY_LOCAL_MACHINE\\SOFTWARE\\Microsoft\\.NETFramework\\Policy\\standards\\v4.0.30319",
        "regkey_r": "v4.0.30319",
        "options": 0
      },
      "category": "registry"
    },
    {
      "time": 1746122899.002771,
      "api": "RegCloseKey",
      "pid": 2276,
      "arguments": {
        "key_handle": "0x0000000000000060"
      },
      "category": "registry"
    },
    {
      "time": 1746122899.002771,
      "api": "RegOpenKeyExW",
      "pid": 2276,
      "arguments": {
        "access": "0x00020019",
        "base_handle": "0xffffffff80000002",
        "key_handle": "0x0000000000000060",
        "regkey": "HKEY_LOCAL_MACHINE\\Software\\Microsoft\\.NETFramework",
        "regkey_r": "Software\\Microsoft\\.NETFramework",
        "options": 0
      },
      "category": "registry"
    },
    {
      "time": 1746122899.002771,
      "api": "RegQueryValueExW",
      "pid": 2276,
      "arguments": {
        "key_handle": "0x0000000000000060",
        "value": "",
        "regkey_r": "InstallRoot",
        "reg_type": 1,
        "regkey": "HKEY_LOCAL_MACHINE\\SOFTWARE\\Microsoft\\.NETFramework\\InstallRoot"
      },
      "category": "registry"
    },
    {
      "time": 1746122899.002771,
      "api": "RegQueryValueExW",
      "pid": 2276,
      "arguments": {
        "key_handle": "0x0000000000000060",
        "value": "C:\\Windows\\Microsoft.NET\\Framework64\\",
        "regkey_r": "InstallRoot",
        "reg_type": 1,
        "regkey": "HKEY_LOCAL_MACHINE\\SOFTWARE\\Microsoft\\.NETFramework\\InstallRoot"
      },
      "category": "registry"
    },
    {
      "time": 1746122899.002771,
      "api": "RegCloseKey",
      "pid": 2276,
      "arguments": {
        "key_handle": "0x0000000000000060"
      },
      "category": "registry"
    },
    {
      "time": 1746122899.018771,
      "api": "NtOpenFile",
      "pid": 2276,
      "arguments": {
        "file_handle": "0xffffffffffffffff",
        "filepath": "C:\\Windows\\Microsoft.NET\\Framework64\\v4.0.30319\\",
        "desired_access": "0x00100001",
        "filepath_r": "\\??\\C:\\Windows\\Microsoft.NET\\Framework64\\v4.0.30319\\",
        "open_options": 16417,
        "status_info": 4294967295,
        "share_access": 7
      },
      "category": "file"
    },
    {
      "time": 1746122899.018771,
      "api": "RegOpenKeyExW",
      "pid": 2276,
      "arguments": {
        "access": "0x00020019",
        "base_handle": "0xffffffff80000001",
        "key_handle": "0x0000000000000000",
        "regkey": "HKEY_CURRENT_USER\\Software\\Microsoft\\.NETFramework\\Policy\\Upgrades",
        "regkey_r": "Software\\Microsoft\\.NETFramework\\Policy\\Upgrades",
        "options": 0
      },
      "category": "registry"
    },
    {
      "time": 1746122899.018771,
      "api": "RegOpenKeyExW",
      "pid": 2276,
      "arguments": {
        "access": "0x00020019",
        "base_handle": "0xffffffff80000002",
        "key_handle": "0x0000000000000060",
        "regkey": "HKEY_LOCAL_MACHINE\\Software\\Microsoft\\.NETFramework\\Policy\\Upgrades",
        "regkey_r": "Software\\Microsoft\\.NETFramework\\Policy\\Upgrades",
        "options": 0
      },
      "category": "registry"
    },
    {
      "time": 1746122899.018771,
      "api": "RegQueryInfoKeyW",
      "pid": 2276,
      "arguments": {
        "key_handle": "0x0000000000000060",
        "value_max_length": 32,
        "class_max_length": 0,
        "value_name_max_length": 9,
        "regkey": "HKEY_LOCAL_MACHINE\\SOFTWARE\\Microsoft\\.NETFramework\\Policy\\Upgrades",
        "value_count": 1,
        "subkey_max_length": 0,
        "class": "",
        "subkey_count": 0
      },
      "category": "registry"
    },
    {
      "time": 1746122899.018771,
      "api": "RegEnumValueW",
      "pid": 2276,
      "arguments": {
        "index": 0,
        "key_handle": "0x0000000000000060",
        "value": "1.0.0-2.0.50727",
        "regkey_r": "2.0.50727",
        "reg_type": 1,
        "regkey": "HKEY_LOCAL_MACHINE\\SOFTWARE\\Microsoft\\.NETFramework\\Policy\\Upgrades\\\ue804+"
      },
      "category": "registry"
    },
    {
      "time": 1746122899.018771,
      "api": "RegCloseKey",
      "pid": 2276,
      "arguments": {
        "key_handle": "0x0000000000000060"
      },
      "category": "registry"
    },
    {
      "time": 1746122899.018771,
      "api": "RegOpenKeyExW",
      "pid": 2276,
      "arguments": {
        "access": "0x00020019",
        "base_handle": "0xffffffff80000002",
        "key_handle": "0x0000000000000060",
        "regkey": "HKEY_LOCAL_MACHINE\\Software\\Microsoft\\.NETFramework",
        "regkey_r": "Software\\Microsoft\\.NETFramework",
        "options": 0
      },
      "category": "registry"
    },
    {
      "time": 1746122899.018771,
      "api": "RegQueryValueExW",
      "pid": 2276,
      "arguments": {
        "key_handle": "0x0000000000000060",
        "value": "",
        "regkey_r": "InstallRoot",
        "reg_type": 1,
        "regkey": "HKEY_LOCAL_MACHINE\\SOFTWARE\\Microsoft\\.NETFramework\\InstallRoot"
      },
      "category": "registry"
    },
    {
      "time": 1746122899.018771,
      "api": "RegQueryValueExW",
      "pid": 2276,
      "arguments": {
        "key_handle": "0x0000000000000060",
        "value": "C:\\Windows\\Microsoft.NET\\Framework64\\",
        "regkey_r": "InstallRoot",
        "reg_type": 1,
        "regkey": "HKEY_LOCAL_MACHINE\\SOFTWARE\\Microsoft\\.NETFramework\\InstallRoot"
      },
      "category": "registry"
    },
    {
      "time": 1746122899.018771,
      "api": "RegCloseKey",
      "pid": 2276,
      "arguments": {
        "key_handle": "0x0000000000000060"
      },
      "category": "registry"
    },
    {
      "time": 1746122899.018771,
      "api": "NtOpenFile",
      "pid": 2276,
      "arguments": {
        "file_handle": "0x0000000000000000",
        "filepath": "C:\\Windows\\Microsoft.NET\\Framework64\\v4.0.30319\\",
        "desired_access": "0x00100001",
        "filepath_r": "\\??\\C:\\Windows\\Microsoft.NET\\Framework64\\v4.0.30319\\",
        "open_options": 16417,
        "status_info": 4294967295,
        "share_access": 7
      },
      "category": "file"
    },
    {
      "time": 1746122899.018771,
      "api": "RegOpenKeyExW",
      "pid": 2276,
      "arguments": {
        "access": "0x00020019",
        "base_handle": "0xffffffff80000001",
        "key_handle": "0x0000000000000000",
        "regkey": "HKEY_CURRENT_USER\\Software\\Microsoft\\.NETFramework",
        "regkey_r": "Software\\Microsoft\\.NETFramework",
        "options": 0
      },
      "category": "registry"
    },
    {
      "time": 1746122899.018771,
      "api": "RegOpenKeyExW",
      "pid": 2276,
      "arguments": {
        "access": "0x00020019",
        "base_handle": "0xffffffff80000002",
        "key_handle": "0x0000000000000060",
        "regkey": "HKEY_LOCAL_MACHINE\\Software\\Microsoft\\.NETFramework",
        "regkey_r": "Software\\Microsoft\\.NETFramework",
        "options": 0
      },
      "category": "registry"
    },
    {
      "time": 1746122899.018771,
      "api": "RegQueryValueExW",
      "pid": 2276,
      "arguments": {
        "key_handle": "0x0000000000000060",
        "value": "",
        "regkey_r": "NoGuiFromShim",
        "reg_type": 0,
        "regkey": "HKEY_LOCAL_MACHINE\\SOFTWARE\\Microsoft\\.NETFramework\\NoGuiFromShim"
      },
      "category": "registry"
    },
    {
      "time": 1746122899.018771,
      "api": "RegCloseKey",
      "pid": 2276,
      "arguments": {
        "key_handle": "0x0000000000000060"
      },
      "category": "registry"
    },
    {
      "time": 1746122899.018771,
      "api": "SetErrorMode",
      "pid": 2276,
      "arguments": {
        "mode": 0
      },
      "category": "system"
    },
    {
      "time": 1746122899.018771,
      "api": "SetErrorMode",
      "pid": 2276,
      "arguments": {
        "mode": 32775
      },
      "category": "system"
    },
    {
      "time": 1746122899.018771,
      "api": "NtTerminateProcess",
      "pid": 2276,
      "arguments": {
        "status_code": "0x80131700",
        "process_identifier": 0,
        "process_handle": "0x0000000000000000"
      },
      "category": "process"
    },
    {
      "time": 1746122899.018771,
      "api": "NtTerminateProcess",
      "pid": 2276,
      "arguments": {
        "status_code": "0x80131700",
        "process_identifier": 0,
        "process_handle": "0x0000000000000000"
      },
      "category": "process"
    },
    {
      "time": 1746122899.033771,
      "api": "NtClose",
      "pid": 2276,
      "arguments": {
        "handle": "0x0000000000000040"
      },
      "category": "system"
    },
    {
      "time": 1746122899.033771,
      "api": "NtClose",
      "pid": 2276,
      "arguments": {
        "handle": "0x0000000000000058"
      },
      "category": "system"
    },
    {
      "time": 1746122899.033771,
      "api": "NtClose",
      "pid": 2276,
      "arguments": {
        "handle": "0x0000000000000054"
      },
      "category": "system"
    },
    {
      "time": 1746122899.033771,
      "api": "LdrUnloadDll",
      "pid": 2276,
      "arguments": {
        "library": "IMM32",
        "module_address": "0x000007feff160000"
      },
      "category": "system"
    },
    {
      "time": 1746122899.033771,
      "api": "NtOpenKey",
      "pid": 2276,
      "arguments": {
        "key_handle": "0x0000000000000054",
        "desired_access": "0x00020019",
        "regkey": "HKEY_LOCAL_MACHINE\\Software\\Microsoft\\Windows NT\\CurrentVersion\\GRE_Initialize"
      },
      "category": "registry"
    },
    {
      "time": 1746122899.033771,
      "api": "NtQueryValueKey",
      "pid": 2276,
      "arguments": {
        "key_handle": "0x0000000000000054",
        "key_name": "",
        "value": "",
        "reg_type": 0,
        "information_class": 2,
        "regkey": "HKEY_LOCAL_MACHINE\\SOFTWARE\\Microsoft\\Windows NT\\CurrentVersion\\GRE_Initialize\\DisableMetaFiles"
      },
      "category": "registry"
    },
    {
      "time": 1746122899.033771,
      "api": "NtClose",
      "pid": 2276,
      "arguments": {
        "handle": "0x0000000000000054"
      },
      "category": "system"
    },
    {
      "time": 1746122899.033771,
      "api": "NtClose",
      "pid": 2276,
      "arguments": {
        "handle": "0x0000000000000034"
      },
      "category": "system"
    },
    {
      "time": 1746122899.033771,
      "api": "NtClose",
      "pid": 2276,
      "arguments": {
        "handle": "0x0000000000000020"
      },
      "category": "system"
    },
    {
      "time": 1746122899.033771,
      "api": "NtFreeVirtualMemory",
      "pid": 2276,
      "arguments": {
        "free_type": 32768,
        "process_identifier": 2276,
        "process_handle": "0xffffffffffffffff",
        "base_address": "0x0000000000690000",
        "size": 524288
      },
      "category": "process"
    },
    {
      "time": 1746122899.033771,
      "api": "NtTerminateProcess",
      "pid": 2276,
      "arguments": {
        "status_code": "0x80131700",
        "process_identifier": 2276,
        "process_handle": "0xffffffffffffffff"
      },
      "category": "process"
    }
  ],
  "network": {
    "http": [],
    "tcp": [],
    "udp": [
      {
        "src": "192.168.56.101",
        "dst": "192.168.56.255",
        "offset": 1656,
        "time": 12.165498971939087,
        "dport": 137,
        "sport": 137
      },
      {
        "src": "192.168.56.101",
        "dst": "224.0.0.252",
        "offset": 4084,
        "time": 10.110950946807861,
        "dport": 5355,
        "sport": 50233
      },
      {
        "src": "192.168.56.101",
        "dst": "224.0.0.252",
        "offset": 4404,
        "time": 10.15395998954773,
        "dport": 5355,
        "sport": 52790
      },
      {
        "src": "192.168.56.101",
        "dst": "224.0.0.252",
        "offset": 4732,
        "time": 9.129601955413818,
        "dport": 5355,
        "sport": 53526
      },
      {
        "src": "192.168.56.101",
        "dst": "224.0.0.252",
        "offset": 5060,
        "time": 11.511337041854858,
        "dport": 5355,
        "sport": 58224
      },
      {
        "src": "192.168.56.101",
        "dst": "224.0.0.252",
        "offset": 5380,
        "time": 12.100106000900269,
        "dport": 5355,
        "sport": 58709
      },
      {
        "src": "192.168.56.101",
        "dst": "224.0.0.252",
        "offset": 5700,
        "time": 12.098449945449829,
        "dport": 5355,
        "sport": 64762
      },
      {
        "src": "192.168.56.101",
        "dst": "8.8.8.8",
        "offset": 6028,
        "time": 11.155114889144897,
        "dport": 53,
        "sport": 55116
      },
      {
        "src": "192.168.56.101",
        "dst": "8.8.8.8",
        "offset": 6212,
        "time": 12.10125207901001,
        "dport": 53,
        "sport": 57168
      },
      {
        "src": "192.168.56.101",
        "dst": "8.8.8.8",
        "offset": 6313,
        "time": 11.83751893043518,
        "dport": 53,
        "sport": 62139
      }
    ],
    "dns": [
      {
        "type": "A",
        "request": "www.msftncsi.com",
        "answers": []
      },
      {
        "type": "A",
        "request": "dns.msftncsi.com",
        "answers": []
      },
      {
        "type": "A",
        "request": "teredo.ipv6.microsoft.com",
        "answers": []
      }
    ],
    "hosts": [
      "8.8.8.8"
    ],
    "icmp": [],
    "smtp": []
  },
  "static_imports": [
    "_CorExeMain"
  ],
  "signatures_ttp": {},
  "signatures_full": [],
  "processes": [
    {
      "name": "lsass.exe",
      "path": "C:\\Windows\\System32\\lsass.exe",
      "pid": 484,
      "cmdline": "C:\\Windows\\system32\\lsass.exe",
      "modules": [
        "lsass.exe",
        "ntdll.dll",
        "kernel32.dll",
        "KERNELBASE.dll",
        "msvcrt.dll",
        "RPCRT4.dll",
        "SspiSrv.dll",
        "lsasrv.dll",
        "sechost.dll",
        "SspiCli.dll",
        "ADVAPI32.dll",
        "USER32.dll",
        "GDI32.dll",
        "LPK.dll",
        "USP10.dll",
        "SAMSRV.dll",
        "cryptdll.dll",
        "MSASN1.dll",
        "wevtapi.dll",
        "IMM32.DLL",
        "MSCTF.dll",
        "cngaudit.dll",
        "AUTHZ.dll",
        "ncrypt.dll",
        "bcrypt.dll",
        "msprivs.DLL",
        "netjoin.dll",
        "negoexts.DLL",
        "Secur32.dll",
        "cryptbase.dll",
        "kerberos.DLL",
        "CRYPTSP.dll",
        "WS2_32.dll",
        "NSI.dll",
        "mswsock.dll",
        "wship6.dll",
        "msv1_0.DLL",
        "netlogon.DLL",
        "DNSAPI.dll",
        "logoncli.dll",
        "schannel.DLL",
        "CRYPT32.dll",
        "wdigest.DLL",
        "rsaenh.dll",
        "tspkg.DLL",
        "pku2u.DLL",
        "bcryptprimitives.dll",
        "RpcRtRemote.dll",
        "efslsaext.dll",
        "WINSTA.dll",
        "scecli.DLL",
        "credssp.dll",
        "IPHLPAPI.DLL",
        "WINNSI.DLL",
        "netutils.dll",
        "USERENV.dll",
        "profapi.dll",
        "wshtcpip.dll",
        "monitor-x64.dll"
      ]
    },
    {
      "name": "67628a5f04c7099346dd18957a4bc5179f5c3a07b41ca0d2a9e708dcab54d16d.exe",
      "path": "C:\\Users\\Administrator\\AppData\\Local\\Temp\\67628a5f04c7099346dd18957a4bc5179f5c3a07b41ca0d2a9e708dcab54d16d.exe",
      "pid": 2276,
      "cmdline": "\"C:\\Users\\Administrator\\AppData\\Local\\Temp\\67628a5f04c7099346dd18957a4bc5179f5c3a07b41ca0d2a9e708dcab54d16d.exe\" ",
      "modules": [
        "67628a5f04c7099346dd18957a4bc5179f5c3a07b41ca0d2a9e708dcab54d16d.exe",
        "ntdll.dll",
        "MSCOREE.DLL",
        "KERNEL32.dll",
        "KERNELBASE.dll",
        "monitor-x64.dll",
        "msvcrt.dll"
      ]
    }
  ]
}