{
  "behavior_summary": {
    "file_created": [],
    "file_deleted": [],
    "file_read": [],
    "file_recreated": [],
    "file_exists": [],
    "file_opened": [],
    "regkey_opened": [
      "HKEY_CURRENT_USER\\Software\\Microsoft\\Windows\\CurrentVersion\\Policies\\Explorer",
      "HKEY_CURRENT_USER\\Software\\Microsoft\\Windows\\CurrentVersion\\Policies\\Comdlg32",
      "HKEY_CURRENT_USER\\Software\\Microsoft\\Windows\\CurrentVersion\\Policies\\Network"
    ],
    "regkey_read": [
      "HKEY_CURRENT_USER\\Software\\Microsoft\\Windows\\CurrentVersion\\Policies\\Explorer\\NoClose",
      "HKEY_LOCAL_MACHINE\\SYSTEM\\ControlSet001\\Control\\Nls\\CustomLocale\\en-US",
      "HKEY_CURRENT_USER\\Software\\Microsoft\\Windows\\CurrentVersion\\Policies\\Explorer\\NoDrives",
      "HKEY_CURRENT_USER\\Software\\Microsoft\\Windows\\CurrentVersion\\Policies\\Explorer\\NoRecentDocsHistory",
      "HKEY_LOCAL_MACHINE\\SOFTWARE\\Microsoft\\Windows NT\\CurrentVersion\\GRE_Initialize\\DisableMetaFiles",
      "HKEY_CURRENT_USER\\Software\\Microsoft\\Windows\\CurrentVersion\\Policies\\Explorer\\NoNetConnectDisconnect",
      "HKEY_CURRENT_USER\\Software\\Microsoft\\Windows\\CurrentVersion\\Policies\\Explorer\\NoRun",
      "HKEY_LOCAL_MACHINE\\SYSTEM\\ControlSet001\\Control\\Nls\\ExtendedLocale\\en",
      "HKEY_CURRENT_USER\\Software\\Microsoft\\Windows\\CurrentVersion\\Policies\\Explorer\\RestrictRun",
      "HKEY_LOCAL_MACHINE\\SYSTEM\\ControlSet001\\Control\\Nls\\CustomLocale\\en",
      "HKEY_LOCAL_MACHINE\\SYSTEM\\ControlSet001\\Control\\Nls\\ExtendedLocale\\en-US"
    ],
    "regkey_written": [],
    "dll_loaded": [
      "kernel32",
      "C:\\Users\\Administrator\\AppData\\Local\\Temp\\0758b74302db6964914e3117fb52f6b0cd4dd84d2b6c1df1aeabd2d4343acf88ENU.dll",
      "C:\\Users\\Administrator\\AppData\\Local\\Temp\\0758b74302db6964914e3117fb52f6b0cd4dd84d2b6c1df1aeabd2d4343acf88LOC.dll"
    ],
    "executed_commands": [],
    "directory_created": [],
    "mutex": [],
    "processes_created": [],
    "resolves_host": []
  },
  "dropped_files": [],
  "api_statistics": {
    "2272": {
      "LdrUnloadDll": 2,
      "RegCloseKey": 1,
      "MessageBoxTimeoutW": 1,
      "FindResourceW": 1,
      "NtTerminateProcess": 3,
      "NtQueryValueKey": 5,
      "RegQueryValueExW": 6,
      "NtFreeVirtualMemory": 5,
      "GetSystemMetrics": 4,
      "CreateActCtxW": 4,
      "UnhookWindowsHookEx": 1,
      "RegOpenKeyExW": 3,
      "SetErrorMode": 2,
      "NtAllocateVirtualMemory": 8,
      "LdrGetDllHandle": 36,
      "GetCursorPos": 1,
      "NtUnmapViewOfSection": 1,
      "SetUnhandledExceptionFilter": 1,
      "GetSystemTimeAsFileTime": 1,
      "NtOpenKey": 5,
      "LdrGetProcedureAddress": 46,
      "SetWindowsHookExW": 1,
      "LdrLoadDll": 6,
      "NtClose": 31
    }
  },
  "api_call_sequence": [
    {
      "time": 1746151831.1405,
      "api": "GetSystemTimeAsFileTime",
      "pid": 2272,
      "arguments": {},
      "category": "synchronisation"
    },
    {
      "time": 1746151831.1405,
      "api": "NtAllocateVirtualMemory",
      "pid": 2272,
      "arguments": {
        "process_identifier": 2272,
        "region_size": 720896,
        "stack_dep_bypass": 0,
        "stack_pivoted": 0,
        "heap_dep_bypass": 0,
        "protection": 4,
        "process_handle": "0xffffffff",
        "allocation_type": 8192,
        "base_address": "0x00350000"
      },
      "category": "process"
    },
    {
      "time": 1746151831.1405,
      "api": "NtFreeVirtualMemory",
      "pid": 2272,
      "arguments": {
        "free_type": 32768,
        "process_identifier": 2272,
        "process_handle": "0xffffffff",
        "base_address": "0x00350000",
        "size": 655360
      },
      "category": "process"
    },
    {
      "time": 1746151831.1405,
      "api": "NtAllocateVirtualMemory",
      "pid": 2272,
      "arguments": {
        "process_identifier": 2272,
        "region_size": 4096,
        "stack_dep_bypass": 0,
        "stack_pivoted": 0,
        "heap_dep_bypass": 0,
        "protection": 4,
        "process_handle": "0xffffffff",
        "allocation_type": 4096,
        "base_address": "0x003f0000"
      },
      "category": "process"
    },
    {
      "time": 1746151831.1405,
      "api": "LdrGetDllHandle",
      "pid": 2272,
      "arguments": {
        "module_name": "KERNEL32.DLL",
        "stack_pivoted": 0,
        "module_address": "0x77820000"
      },
      "category": "system"
    },
    {
      "time": 1746151831.1405,
      "api": "LdrGetProcedureAddress",
      "pid": 2272,
      "arguments": {
        "ordinal": 0,
        "module": "kernel32",
        "module_address": "0x77820000",
        "function_address": "0x77834f2b",
        "function_name": "FlsAlloc"
      },
      "category": "system"
    },
    {
      "time": 1746151831.1405,
      "api": "LdrGetProcedureAddress",
      "pid": 2272,
      "arguments": {
        "ordinal": 0,
        "module": "kernel32",
        "module_address": "0x77820000",
        "function_address": "0x77831252",
        "function_name": "FlsGetValue"
      },
      "category": "system"
    },
    {
      "time": 1746151831.1405,
      "api": "LdrGetProcedureAddress",
      "pid": 2272,
      "arguments": {
        "ordinal": 0,
        "module": "kernel32",
        "module_address": "0x77820000",
        "function_address": "0x77834208",
        "function_name": "FlsSetValue"
      },
      "category": "system"
    },
    {
      "time": 1746151831.1405,
      "api": "LdrGetProcedureAddress",
      "pid": 2272,
      "arguments": {
        "ordinal": 0,
        "module": "kernel32",
        "module_address": "0x77820000",
        "function_address": "0x7783359f",
        "function_name": "FlsFree"
      },
      "category": "system"
    },
    {
      "time": 1746151831.1405,
      "api": "LdrGetDllHandle",
      "pid": 2272,
      "arguments": {
        "module_name": "KERNEL32.DLL",
        "stack_pivoted": 0,
        "module_address": "0x77820000"
      },
      "category": "system"
    },
    {
      "time": 1746151831.1405,
      "api": "LdrGetProcedureAddress",
      "pid": 2272,
      "arguments": {
        "ordinal": 0,
        "module": "kernel32",
        "module_address": "0x77820000",
        "function_address": "0x77e20fcb",
        "function_name": "EncodePointer"
      },
      "category": "system"
    },
    {
      "time": 1746151831.1405,
      "api": "LdrGetDllHandle",
      "pid": 2272,
      "arguments": {
        "module_name": "KERNEL32.DLL",
        "stack_pivoted": 0,
        "module_address": "0x77820000"
      },
      "category": "system"
    },
    {
      "time": 1746151831.1405,
      "api": "LdrGetProcedureAddress",
      "pid": 2272,
      "arguments": {
        "ordinal": 0,
        "module": "kernel32",
        "module_address": "0x77820000",
        "function_address": "0x77e20fcb",
        "function_name": "EncodePointer"
      },
      "category": "system"
    },
    {
      "time": 1746151831.1405,
      "api": "LdrGetDllHandle",
      "pid": 2272,
      "arguments": {
        "module_name": "KERNEL32.DLL",
        "stack_pivoted": 0,
        "module_address": "0x77820000"
      },
      "category": "system"
    },
    {
      "time": 1746151831.1405,
      "api": "LdrGetProcedureAddress",
      "pid": 2272,
      "arguments": {
        "ordinal": 0,
        "module": "kernel32",
        "module_address": "0x77820000",
        "function_address": "0x77e20fcb",
        "function_name": "EncodePointer"
      },
      "category": "system"
    },
    {
      "time": 1746151831.1405,
      "api": "LdrGetDllHandle",
      "pid": 2272,
      "arguments": {
        "module_name": "KERNEL32.DLL",
        "stack_pivoted": 0,
        "module_address": "0x77820000"
      },
      "category": "system"
    },
    {
      "time": 1746151831.1405,
      "api": "LdrGetProcedureAddress",
      "pid": 2272,
      "arguments": {
        "ordinal": 0,
        "module": "kernel32",
        "module_address": "0x77820000",
        "function_address": "0x77e20fcb",
        "function_name": "EncodePointer"
      },
      "category": "system"
    },
    {
      "time": 1746151831.1405,
      "api": "LdrGetDllHandle",
      "pid": 2272,
      "arguments": {
        "module_name": "KERNEL32.DLL",
        "stack_pivoted": 0,
        "module_address": "0x77820000"
      },
      "category": "system"
    },
    {
      "time": 1746151831.1405,
      "api": "LdrGetProcedureAddress",
      "pid": 2272,
      "arguments": {
        "ordinal": 0,
        "module": "kernel32",
        "module_address": "0x77820000",
        "function_address": "0x77e20fcb",
        "function_name": "EncodePointer"
      },
      "category": "system"
    },
    {
      "time": 1746151831.1405,
      "api": "LdrGetDllHandle",
      "pid": 2272,
      "arguments": {
        "module_name": "KERNEL32.DLL",
        "stack_pivoted": 0,
        "module_address": "0x77820000"
      },
      "category": "system"
    },
    {
      "time": 1746151831.1405,
      "api": "LdrGetProcedureAddress",
      "pid": 2272,
      "arguments": {
        "ordinal": 0,
        "module": "kernel32",
        "module_address": "0x77820000",
        "function_address": "0x77e20fcb",
        "function_name": "EncodePointer"
      },
      "category": "system"
    },
    {
      "time": 1746151831.1405,
      "api": "LdrGetDllHandle",
      "pid": 2272,
      "arguments": {
        "module_name": "KERNEL32.DLL",
        "stack_pivoted": 0,
        "module_address": "0x77820000"
      },
      "category": "system"
    },
    {
      "time": 1746151831.1405,
      "api": "LdrGetProcedureAddress",
      "pid": 2272,
      "arguments": {
        "ordinal": 0,
        "module": "kernel32",
        "module_address": "0x77820000",
        "function_address": "0x77e20fcb",
        "function_name": "EncodePointer"
      },
      "category": "system"
    },
    {
      "time": 1746151831.1405,
      "api": "LdrGetDllHandle",
      "pid": 2272,
      "arguments": {
        "module_name": "KERNEL32.DLL",
        "stack_pivoted": 0,
        "module_address": "0x77820000"
      },
      "category": "system"
    },
    {
      "time": 1746151831.1405,
      "api": "LdrGetProcedureAddress",
      "pid": 2272,
      "arguments": {
        "ordinal": 0,
        "module": "kernel32",
        "module_address": "0x77820000",
        "function_address": "0x77e19d35",
        "function_name": "DecodePointer"
      },
      "category": "system"
    },
    {
      "time": 1746151831.1405,
      "api": "LdrGetDllHandle",
      "pid": 2272,
      "arguments": {
        "module_name": "kernel32.dll",
        "stack_pivoted": 0,
        "module_address": "0x77820000"
      },
      "category": "system"
    },
    {
      "time": 1746151831.1405,
      "api": "LdrGetProcedureAddress",
      "pid": 2272,
      "arguments": {
        "ordinal": 0,
        "module": "kernel32",
        "module_address": "0x77820000",
        "function_address": "0x77831916",
        "function_name": "InitializeCriticalSectionAndSpinCount"
      },
      "category": "system"
    },
    {
      "time": 1746151831.1405,
      "api": "LdrGetDllHandle",
      "pid": 2272,
      "arguments": {
        "module_name": "KERNEL32.DLL",
        "stack_pivoted": 0,
        "module_address": "0x77820000"
      },
      "category": "system"
    },
    {
      "time": 1746151831.1405,
      "api": "LdrGetProcedureAddress",
      "pid": 2272,
      "arguments": {
        "ordinal": 0,
        "module": "kernel32",
        "module_address": "0x77820000",
        "function_address": "0x77e20fcb",
        "function_name": "EncodePointer"
      },
      "category": "system"
    },
    {
      "time": 1746151831.1405,
      "api": "LdrGetDllHandle",
      "pid": 2272,
      "arguments": {
        "module_name": "KERNEL32.DLL",
        "stack_pivoted": 0,
        "module_address": "0x77820000"
      },
      "category": "system"
    },
    {
      "time": 1746151831.1405,
      "api": "LdrGetProcedureAddress",
      "pid": 2272,
      "arguments": {
        "ordinal": 0,
        "module": "kernel32",
        "module_address": "0x77820000",
        "function_address": "0x77e19d35",
        "function_name": "DecodePointer"
      },
      "category": "system"
    },
    {
      "time": 1746151831.1405,
      "api": "LdrGetDllHandle",
      "pid": 2272,
      "arguments": {
        "module_name": "KERNEL32.DLL",
        "stack_pivoted": 0,
        "module_address": "0x77820000"
      },
      "category": "system"
    },
    {
      "time": 1746151831.1405,
      "api": "LdrGetProcedureAddress",
      "pid": 2272,
      "arguments": {
        "ordinal": 0,
        "module": "kernel32",
        "module_address": "0x77820000",
        "function_address": "0x77e19d35",
        "function_name": "DecodePointer"
      },
      "category": "system"
    },
    {
      "time": 1746151831.1405,
      "api": "LdrGetDllHandle",
      "pid": 2272,
      "arguments": {
        "module_name": "KERNEL32.DLL",
        "stack_pivoted": 0,
        "module_address": "0x77820000"
      },
      "category": "system"
    },
    {
      "time": 1746151831.1405,
      "api": "LdrGetProcedureAddress",
      "pid": 2272,
      "arguments": {
        "ordinal": 0,
        "module": "kernel32",
        "module_address": "0x77820000",
        "function_address": "0x77e19d35",
        "function_name": "DecodePointer"
      },
      "category": "system"
    },
    {
      "time": 1746151831.1405,
      "api": "LdrGetDllHandle",
      "pid": 2272,
      "arguments": {
        "module_name": "KERNEL32.DLL",
        "stack_pivoted": 0,
        "module_address": "0x77820000"
      },
      "category": "system"
    },
    {
      "time": 1746151831.1405,
      "api": "LdrGetProcedureAddress",
      "pid": 2272,
      "arguments": {
        "ordinal": 0,
        "module": "kernel32",
        "module_address": "0x77820000",
        "function_address": "0x77e19d35",
        "function_name": "DecodePointer"
      },
      "category": "system"
    },
    {
      "time": 1746151831.1405,
      "api": "LdrGetDllHandle",
      "pid": 2272,
      "arguments": {
        "module_name": "KERNEL32.DLL",
        "stack_pivoted": 0,
        "module_address": "0x77820000"
      },
      "category": "system"
    },
    {
      "time": 1746151831.1405,
      "api": "LdrGetProcedureAddress",
      "pid": 2272,
      "arguments": {
        "ordinal": 0,
        "module": "kernel32",
        "module_address": "0x77820000",
        "function_address": "0x77e19d35",
        "function_name": "DecodePointer"
      },
      "category": "system"
    },
    {
      "time": 1746151831.1405,
      "api": "LdrGetDllHandle",
      "pid": 2272,
      "arguments": {
        "module_name": "KERNEL32.DLL",
        "stack_pivoted": 0,
        "module_address": "0x77820000"
      },
      "category": "system"
    },
    {
      "time": 1746151831.1405,
      "api": "LdrGetProcedureAddress",
      "pid": 2272,
      "arguments": {
        "ordinal": 0,
        "module": "kernel32",
        "module_address": "0x77820000",
        "function_address": "0x77e19d35",
        "function_name": "DecodePointer"
      },
      "category": "system"
    },
    {
      "time": 1746151831.1405,
      "api": "LdrGetDllHandle",
      "pid": 2272,
      "arguments": {
        "module_name": "KERNEL32.DLL",
        "stack_pivoted": 0,
        "module_address": "0x77820000"
      },
      "category": "system"
    },
    {
      "time": 1746151831.1405,
      "api": "LdrGetProcedureAddress",
      "pid": 2272,
      "arguments": {
        "ordinal": 0,
        "module": "kernel32",
        "module_address": "0x77820000",
        "function_address": "0x77e19d35",
        "function_name": "DecodePointer"
      },
      "category": "system"
    },
    {
      "time": 1746151831.1405,
      "api": "LdrGetDllHandle",
      "pid": 2272,
      "arguments": {
        "module_name": "KERNEL32.DLL",
        "stack_pivoted": 0,
        "module_address": "0x77820000"
      },
      "category": "system"
    },
    {
      "time": 1746151831.1405,
      "api": "LdrGetProcedureAddress",
      "pid": 2272,
      "arguments": {
        "ordinal": 0,
        "module": "kernel32",
        "module_address": "0x77820000",
        "function_address": "0x77e19d35",
        "function_name": "DecodePointer"
      },
      "category": "system"
    },
    {
      "time": 1746151831.1405,
      "api": "LdrGetDllHandle",
      "pid": 2272,
      "arguments": {
        "module_name": "KERNEL32.DLL",
        "stack_pivoted": 0,
        "module_address": "0x77820000"
      },
      "category": "system"
    },
    {
      "time": 1746151831.1405,
      "api": "LdrGetProcedureAddress",
      "pid": 2272,
      "arguments": {
        "ordinal": 0,
        "module": "kernel32",
        "module_address": "0x77820000",
        "function_address": "0x77e19d35",
        "function_name": "DecodePointer"
      },
      "category": "system"
    },
    {
      "time": 1746151831.1405,
      "api": "LdrGetDllHandle",
      "pid": 2272,
      "arguments": {
        "module_name": "KERNEL32.DLL",
        "stack_pivoted": 0,
        "module_address": "0x77820000"
      },
      "category": "system"
    },
    {
      "time": 1746151831.1405,
      "api": "LdrGetProcedureAddress",
      "pid": 2272,
      "arguments": {
        "ordinal": 0,
        "module": "kernel32",
        "module_address": "0x77820000",
        "function_address": "0x77e19d35",
        "function_name": "DecodePointer"
      },
      "category": "system"
    },
    {
      "time": 1746151831.1405,
      "api": "LdrGetDllHandle",
      "pid": 2272,
      "arguments": {
        "module_name": "KERNEL32.DLL",
        "stack_pivoted": 0,
        "module_address": "0x77820000"
      },
      "category": "system"
    },
    {
      "time": 1746151831.1405,
      "api": "LdrGetProcedureAddress",
      "pid": 2272,
      "arguments": {
        "ordinal": 0,
        "module": "kernel32",
        "module_address": "0x77820000",
        "function_address": "0x77e19d35",
        "function_name": "DecodePointer"
      },
      "category": "system"
    },
    {
      "time": 1746151831.1405,
      "api": "LdrGetDllHandle",
      "pid": 2272,
      "arguments": {
        "module_name": "KERNEL32.DLL",
        "stack_pivoted": 0,
        "module_address": "0x77820000"
      },
      "category": "system"
    },
    {
      "time": 1746151831.1405,
      "api": "LdrGetProcedureAddress",
      "pid": 2272,
      "arguments": {
        "ordinal": 0,
        "module": "kernel32",
        "module_address": "0x77820000",
        "function_address": "0x77e19d35",
        "function_name": "DecodePointer"
      },
      "category": "system"
    },
    {
      "time": 1746151831.1405,
      "api": "LdrGetDllHandle",
      "pid": 2272,
      "arguments": {
        "module_name": "KERNEL32.DLL",
        "stack_pivoted": 0,
        "module_address": "0x77820000"
      },
      "category": "system"
    },
    {
      "time": 1746151831.1405,
      "api": "LdrGetProcedureAddress",
      "pid": 2272,
      "arguments": {
        "ordinal": 0,
        "module": "kernel32",
        "module_address": "0x77820000",
        "function_address": "0x77e19d35",
        "function_name": "DecodePointer"
      },
      "category": "system"
    },
    {
      "time": 1746151831.1405,
      "api": "LdrGetDllHandle",
      "pid": 2272,
      "arguments": {
        "module_name": "KERNEL32.DLL",
        "stack_pivoted": 0,
        "module_address": "0x77820000"
      },
      "category": "system"
    },
    {
      "time": 1746151831.1405,
      "api": "LdrGetProcedureAddress",
      "pid": 2272,
      "arguments": {
        "ordinal": 0,
        "module": "kernel32",
        "module_address": "0x77820000",
        "function_address": "0x77e19d35",
        "function_name": "DecodePointer"
      },
      "category": "system"
    },
    {
      "time": 1746151831.1405,
      "api": "LdrGetDllHandle",
      "pid": 2272,
      "arguments": {
        "module_name": "KERNEL32.DLL",
        "stack_pivoted": 0,
        "module_address": "0x77820000"
      },
      "category": "system"
    },
    {
      "time": 1746151831.1405,
      "api": "LdrGetProcedureAddress",
      "pid": 2272,
      "arguments": {
        "ordinal": 0,
        "module": "kernel32",
        "module_address": "0x77820000",
        "function_address": "0x77e19d35",
        "function_name": "DecodePointer"
      },
      "category": "system"
    },
    {
      "time": 1746151831.1405,
      "api": "LdrGetDllHandle",
      "pid": 2272,
      "arguments": {
        "module_name": "KERNEL32.DLL",
        "stack_pivoted": 0,
        "module_address": "0x77820000"
      },
      "category": "system"
    },
    {
      "time": 1746151831.1405,
      "api": "LdrGetProcedureAddress",
      "pid": 2272,
      "arguments": {
        "ordinal": 0,
        "module": "kernel32",
        "module_address": "0x77820000",
        "function_address": "0x77e20fcb",
        "function_name": "EncodePointer"
      },
      "category": "system"
    },
    {
      "time": 1746151831.1405,
      "api": "LdrGetProcedureAddress",
      "pid": 2272,
      "arguments": {
        "ordinal": 0,
        "module": "kernel32",
        "module_address": "0x77820000",
        "function_address": "0x77e19d35",
        "function_name": "DecodePointer"
      },
      "category": "system"
    },
    {
      "time": 1746151831.1405,
      "api": "NtAllocateVirtualMemory",
      "pid": 2272,
      "arguments": {
        "process_identifier": 2272,
        "region_size": 4096,
        "stack_dep_bypass": 0,
        "stack_pivoted": 0,
        "heap_dep_bypass": 0,
        "protection": 4,
        "process_handle": "0xffffffff",
        "allocation_type": 4096,
        "base_address": "0x003f1000"
      },
      "category": "process"
    },
    {
      "time": 1746151831.1405,
      "api": "NtAllocateVirtualMemory",
      "pid": 2272,
      "arguments": {
        "process_identifier": 2272,
        "region_size": 4096,
        "stack_dep_bypass": 0,
        "stack_pivoted": 0,
        "heap_dep_bypass": 0,
        "protection": 4,
        "process_handle": "0xffffffff",
        "allocation_type": 4096,
        "base_address": "0x003f2000"
      },
      "category": "process"
    },
    {
      "time": 1746151831.1405,
      "api": "LdrGetDllHandle",
      "pid": 2272,
      "arguments": {
        "module_name": "KERNEL32",
        "stack_pivoted": 0,
        "module_address": "0x77820000"
      },
      "category": "system"
    },
    {
      "time": 1746151831.1405,
      "api": "LdrGetProcedureAddress",
      "pid": 2272,
      "arguments": {
        "ordinal": 0,
        "module": "kernel32",
        "module_address": "0x77820000",
        "function_address": "0x77835235",
        "function_name": "IsProcessorFeaturePresent"
      },
      "category": "system"
    },
    {
      "time": 1746151831.1405,
      "api": "SetUnhandledExceptionFilter",
      "pid": 2272,
      "arguments": {},
      "category": "exception"
    },
    {
      "time": 1746151831.1405,
      "api": "NtAllocateVirtualMemory",
      "pid": 2272,
      "arguments": {
        "process_identifier": 2272,
        "region_size": 524288,
        "stack_dep_bypass": 0,
        "stack_pivoted": 0,
        "heap_dep_bypass": 0,
        "protection": 4,
        "process_handle": "0xffffffff",
        "allocation_type": 8192,
        "base_address": "0x00350000"
      },
      "category": "process"
    },
    {
      "time": 1746151831.1405,
      "api": "NtAllocateVirtualMemory",
      "pid": 2272,
      "arguments": {
        "process_identifier": 2272,
        "region_size": 4096,
        "stack_dep_bypass": 0,
        "stack_pivoted": 0,
        "heap_dep_bypass": 0,
        "protection": 4,
        "process_handle": "0xffffffff",
        "allocation_type": 4096,
        "base_address": "0x00350000"
      },
      "category": "process"
    },
    {
      "time": 1746151831.1405,
      "api": "NtAllocateVirtualMemory",
      "pid": 2272,
      "arguments": {
        "process_identifier": 2272,
        "region_size": 12288,
        "stack_dep_bypass": 0,
        "stack_pivoted": 0,
        "heap_dep_bypass": 0,
        "protection": 4,
        "process_handle": "0xffffffff",
        "allocation_type": 4096,
        "base_address": "0x003f3000"
      },
      "category": "process"
    },
    {
      "time": 1746151831.1405,
      "api": "GetSystemMetrics",
      "pid": 2272,
      "arguments": {
        "index": 11
      },
      "category": "misc"
    },
    {
      "time": 1746151831.1405,
      "api": "GetSystemMetrics",
      "pid": 2272,
      "arguments": {
        "index": 12
      },
      "category": "misc"
    },
    {
      "time": 1746151831.1405,
      "api": "GetSystemMetrics",
      "pid": 2272,
      "arguments": {
        "index": 2
      },
      "category": "misc"
    },
    {
      "time": 1746151831.1405,
      "api": "GetSystemMetrics",
      "pid": 2272,
      "arguments": {
        "index": 3
      },
      "category": "misc"
    },
    {
      "time": 1746151831.1405,
      "api": "GetCursorPos",
      "pid": 2272,
      "arguments": {
        "y": 649,
        "x": 277
      },
      "category": "misc"
    },
    {
      "time": 1746151831.1405,
      "api": "LdrLoadDll",
      "pid": 2272,
      "arguments": {
        "basename": "kernel32",
        "module_address": "0x77820000",
        "flags": 0,
        "module_name": "kernel32",
        "stack_pivoted": 0
      },
      "category": "system"
    },
    {
      "time": 1746151831.1405,
      "api": "LdrGetProcedureAddress",
      "pid": 2272,
      "arguments": {
        "ordinal": 0,
        "module": "kernel32",
        "module_address": "0x77820000",
        "function_address": "0x77835651",
        "function_name": "HeapSetInformation"
      },
      "category": "system"
    },
    {
      "time": 1746151831.1405,
      "api": "SetErrorMode",
      "pid": 2272,
      "arguments": {
        "mode": 0
      },
      "category": "system"
    },
    {
      "time": 1746151831.1405,
      "api": "SetErrorMode",
      "pid": 2272,
      "arguments": {
        "mode": 32775
      },
      "category": "system"
    },
    {
      "time": 1746151831.1405,
      "api": "LdrGetDllHandle",
      "pid": 2272,
      "arguments": {
        "module_name": "KERNEL32",
        "stack_pivoted": 0,
        "module_address": "0x77820000"
      },
      "category": "system"
    },
    {
      "time": 1746151831.1405,
      "api": "LdrGetProcedureAddress",
      "pid": 2272,
      "arguments": {
        "ordinal": 0,
        "module": "kernel32",
        "module_address": "0x77820000",
        "function_address": "0x77839247",
        "function_name": "CreateActCtxW"
      },
      "category": "system"
    },
    {
      "time": 1746151831.1405,
      "api": "LdrGetProcedureAddress",
      "pid": 2272,
      "arguments": {
        "ordinal": 0,
        "module": "kernel32",
        "module_address": "0x77820000",
        "function_address": "0x778354c1",
        "function_name": "ReleaseActCtx"
      },
      "category": "system"
    },
    {
      "time": 1746151831.1405,
      "api": "LdrGetProcedureAddress",
      "pid": 2272,
      "arguments": {
        "ordinal": 0,
        "module": "kernel32",
        "module_address": "0x77820000",
        "function_address": "0x77835490",
        "function_name": "ActivateActCtx"
      },
      "category": "system"
    },
    {
      "time": 1746151831.1405,
      "api": "LdrGetProcedureAddress",
      "pid": 2272,
      "arguments": {
        "ordinal": 0,
        "module": "kernel32",
        "module_address": "0x77820000",
        "function_address": "0x7783545c",
        "function_name": "DeactivateActCtx"
      },
      "category": "system"
    },
    {
      "time": 1746151831.1405,
      "api": "CreateActCtxW",
      "pid": 2272,
      "arguments": {
        "application_name": "\\Users\\Administrator\\AppData\\Local\\Temp\\0758b74302db6964914e3117fb52f6b0cd4dd84d2b6c1df1aeabd2d4343acf88.exe",
        "module_handle": "0x01040000",
        "resource_name": ""
      },
      "category": "misc"
    },
    {
      "time": 1746151831.1405,
      "api": "CreateActCtxW",
      "pid": 2272,
      "arguments": {
        "application_name": "\\Users\\Administrator\\AppData\\Local\\Temp\\0758b74302db6964914e3117fb52f6b0cd4dd84d2b6c1df1aeabd2d4343acf88.exe",
        "module_handle": "0x01040000",
        "resource_name": ""
      },
      "category": "misc"
    },
    {
      "time": 1746151831.1405,
      "api": "CreateActCtxW",
      "pid": 2272,
      "arguments": {
        "application_name": "\\Users\\Administrator\\AppData\\Local\\Temp\\0758b74302db6964914e3117fb52f6b0cd4dd84d2b6c1df1aeabd2d4343acf88.exe",
        "module_handle": "0x01040000",
        "resource_name": ""
      },
      "category": "misc"
    },
    {
      "time": 1746151831.1405,
      "api": "FindResourceW",
      "pid": 2272,
      "arguments": {
        "module_handle": "0x01040000",
        "name": "#3585",
        "type": "#6"
      },
      "category": "resource"
    },
    {
      "time": 1746151831.1405,
      "api": "SetWindowsHookExW",
      "pid": 2272,
      "arguments": {
        "thread_identifier": 2276,
        "callback_function": "0x01067566",
        "module_address": "0x00000000",
        "hook_identifier": 4294967295
      },
      "category": "system"
    },
    {
      "time": 1746151831.1405,
      "api": "LdrGetDllHandle",
      "pid": 2272,
      "arguments": {
        "module_name": "user32.dll",
        "stack_pivoted": 0,
        "module_address": "0x76a30000"
      },
      "category": "system"
    },
    {
      "time": 1746151831.1405,
      "api": "LdrGetProcedureAddress",
      "pid": 2272,
      "arguments": {
        "ordinal": 0,
        "module": "USER32",
        "module_address": "0x76a30000",
        "function_address": "0x76a52592",
        "function_name": "NotifyWinEvent"
      },
      "category": "system"
    },
    {
      "time": 1746151831.1405,
      "api": "RegOpenKeyExW",
      "pid": 2272,
      "arguments": {
        "access": "0x00000001",
        "base_handle": "0x80000001",
        "key_handle": "0x000000e4",
        "regkey": "HKEY_CURRENT_USER\\Software\\Microsoft\\Windows\\CurrentVersion\\Policies\\Explorer",
        "regkey_r": "Software\\Microsoft\\Windows\\CurrentVersion\\Policies\\Explorer",
        "options": 0
      },
      "category": "registry"
    },
    {
      "time": 1746151831.1405,
      "api": "RegQueryValueExW",
      "pid": 2272,
      "arguments": {
        "key_handle": "0x000000e4",
        "value": "",
        "regkey_r": "NoRun",
        "reg_type": 0,
        "regkey": "HKEY_CURRENT_USER\\Software\\Microsoft\\Windows\\CurrentVersion\\Policies\\Explorer\\NoRun"
      },
      "category": "registry"
    },
    {
      "time": 1746151831.1405,
      "api": "RegQueryValueExW",
      "pid": 2272,
      "arguments": {
        "key_handle": "0x000000e4",
        "value": "",
        "regkey_r": "NoDrives",
        "reg_type": 0,
        "regkey": "HKEY_CURRENT_USER\\Software\\Microsoft\\Windows\\CurrentVersion\\Policies\\Explorer\\NoDrives"
      },
      "category": "registry"
    },
    {
      "time": 1746151831.1405,
      "api": "RegQueryValueExW",
      "pid": 2272,
      "arguments": {
        "key_handle": "0x000000e4",
        "value": "",
        "regkey_r": "RestrictRun",
        "reg_type": 0,
        "regkey": "HKEY_CURRENT_USER\\Software\\Microsoft\\Windows\\CurrentVersion\\Policies\\Explorer\\RestrictRun"
      },
      "category": "registry"
    },
    {
      "time": 1746151831.1405,
      "api": "RegQueryValueExW",
      "pid": 2272,
      "arguments": {
        "key_handle": "0x000000e4",
        "value": "",
        "regkey_r": "NoNetConnectDisconnect",
        "reg_type": 0,
        "regkey": "HKEY_CURRENT_USER\\Software\\Microsoft\\Windows\\CurrentVersion\\Policies\\Explorer\\NoNetConnectDisconnect"
      },
      "category": "registry"
    },
    {
      "time": 1746151831.1405,
      "api": "RegQueryValueExW",
      "pid": 2272,
      "arguments": {
        "key_handle": "0x000000e4",
        "value": "",
        "regkey_r": "NoRecentDocsHistory",
        "reg_type": 0,
        "regkey": "HKEY_CURRENT_USER\\Software\\Microsoft\\Windows\\CurrentVersion\\Policies\\Explorer\\NoRecentDocsHistory"
      },
      "category": "registry"
    },
    {
      "time": 1746151831.1405,
      "api": "RegQueryValueExW",
      "pid": 2272,
      "arguments": {
        "key_handle": "0x000000e4",
        "value": "",
        "regkey_r": "NoClose",
        "reg_type": 0,
        "regkey": "HKEY_CURRENT_USER\\Software\\Microsoft\\Windows\\CurrentVersion\\Policies\\Explorer\\NoClose"
      },
      "category": "registry"
    },
    {
      "time": 1746151831.1405,
      "api": "RegCloseKey",
      "pid": 2272,
      "arguments": {
        "key_handle": "0x000000e4"
      },
      "category": "registry"
    },
    {
      "time": 1746151831.1405,
      "api": "RegOpenKeyExW",
      "pid": 2272,
      "arguments": {
        "access": "0x00000001",
        "base_handle": "0x80000001",
        "key_handle": "0x00000000",
        "regkey": "HKEY_CURRENT_USER\\Software\\Microsoft\\Windows\\CurrentVersion\\Policies\\Network",
        "regkey_r": "Software\\Microsoft\\Windows\\CurrentVersion\\Policies\\Network",
        "options": 0
      },
      "category": "registry"
    },
    {
      "time": 1746151831.1405,
      "api": "RegOpenKeyExW",
      "pid": 2272,
      "arguments": {
        "access": "0x00000001",
        "base_handle": "0x80000001",
        "key_handle": "0x00000000",
        "regkey": "HKEY_CURRENT_USER\\Software\\Microsoft\\Windows\\CurrentVersion\\Policies\\Comdlg32",
        "regkey_r": "Software\\Microsoft\\Windows\\CurrentVersion\\Policies\\Comdlg32",
        "options": 0
      },
      "category": "registry"
    },
    {
      "time": 1746151831.1405,
      "api": "LdrGetDllHandle",
      "pid": 2272,
      "arguments": {
        "module_name": "kernel32.dll",
        "stack_pivoted": 0,
        "module_address": "0x77820000"
      },
      "category": "system"
    },
    {
      "time": 1746151831.1405,
      "api": "LdrGetProcedureAddress",
      "pid": 2272,
      "arguments": {
        "ordinal": 0,
        "module": "kernel32",
        "module_address": "0x77820000",
        "function_address": "0x778344ab",
        "function_name": "GetUserDefaultUILanguage"
      },
      "category": "system"
    },
    {
      "time": 1746151831.1405,
      "api": "NtOpenKey",
      "pid": 2272,
      "arguments": {
        "key_handle": "0x000000e4",
        "desired_access": "0x00020019",
        "regkey": "HKEY_LOCAL_MACHINE\\System\\CurrentControlSet\\Control\\Nls\\CustomLocale"
      },
      "category": "registry"
    },
    {
      "time": 1746151831.1405,
      "api": "NtQueryValueKey",
      "pid": 2272,
      "arguments": {
        "key_handle": "0x000000e4",
        "key_name": "",
        "value": "",
        "reg_type": 0,
        "information_class": 1,
        "regkey": "HKEY_LOCAL_MACHINE\\SYSTEM\\ControlSet001\\Control\\Nls\\CustomLocale\\en-US"
      },
      "category": "registry"
    },
    {
      "time": 1746151831.1405,
      "api": "NtClose",
      "pid": 2272,
      "arguments": {
        "handle": "0x000000e4"
      },
      "category": "system"
    },
    {
      "time": 1746151831.1405,
      "api": "NtOpenKey",
      "pid": 2272,
      "arguments": {
        "key_handle": "0x000000e4",
        "desired_access": "0x00020019",
        "regkey": "HKEY_LOCAL_MACHINE\\System\\CurrentControlSet\\Control\\Nls\\ExtendedLocale"
      },
      "category": "registry"
    },
    {
      "time": 1746151831.1405,
      "api": "NtQueryValueKey",
      "pid": 2272,
      "arguments": {
        "key_handle": "0x000000e4",
        "key_name": "",
        "value": "",
        "reg_type": 0,
        "information_class": 1,
        "regkey": "HKEY_LOCAL_MACHINE\\SYSTEM\\ControlSet001\\Control\\Nls\\ExtendedLocale\\en-US"
      },
      "category": "registry"
    },
    {
      "time": 1746151831.1405,
      "api": "NtClose",
      "pid": 2272,
      "arguments": {
        "handle": "0x000000e4"
      },
      "category": "system"
    },
    {
      "time": 1746151831.1405,
      "api": "NtOpenKey",
      "pid": 2272,
      "arguments": {
        "key_handle": "0x000000e4",
        "desired_access": "0x00020019",
        "regkey": "HKEY_LOCAL_MACHINE\\System\\CurrentControlSet\\Control\\Nls\\CustomLocale"
      },
      "category": "registry"
    },
    {
      "time": 1746151831.1405,
      "api": "NtQueryValueKey",
      "pid": 2272,
      "arguments": {
        "key_handle": "0x000000e4",
        "key_name": "",
        "value": "",
        "reg_type": 0,
        "information_class": 1,
        "regkey": "HKEY_LOCAL_MACHINE\\SYSTEM\\ControlSet001\\Control\\Nls\\CustomLocale\\en"
      },
      "category": "registry"
    },
    {
      "time": 1746151831.1405,
      "api": "NtClose",
      "pid": 2272,
      "arguments": {
        "handle": "0x000000e4"
      },
      "category": "system"
    },
    {
      "time": 1746151831.1405,
      "api": "NtOpenKey",
      "pid": 2272,
      "arguments": {
        "key_handle": "0x000000e4",
        "desired_access": "0x00020019",
        "regkey": "HKEY_LOCAL_MACHINE\\System\\CurrentControlSet\\Control\\Nls\\ExtendedLocale"
      },
      "category": "registry"
    },
    {
      "time": 1746151831.1405,
      "api": "NtQueryValueKey",
      "pid": 2272,
      "arguments": {
        "key_handle": "0x000000e4",
        "key_name": "",
        "value": "",
        "reg_type": 0,
        "information_class": 1,
        "regkey": "HKEY_LOCAL_MACHINE\\SYSTEM\\ControlSet001\\Control\\Nls\\ExtendedLocale\\en"
      },
      "category": "registry"
    },
    {
      "time": 1746151831.1405,
      "api": "NtClose",
      "pid": 2272,
      "arguments": {
        "handle": "0x000000e4"
      },
      "category": "system"
    },
    {
      "time": 1746151831.1405,
      "api": "LdrGetProcedureAddress",
      "pid": 2272,
      "arguments": {
        "ordinal": 0,
        "module": "kernel32",
        "module_address": "0x77820000",
        "function_address": "0x77852b22",
        "function_name": "GetSystemDefaultUILanguage"
      },
      "category": "system"
    },
    {
      "time": 1746151831.1405,
      "api": "LdrGetDllHandle",
      "pid": 2272,
      "arguments": {
        "module_name": "KERNEL32",
        "stack_pivoted": 0,
        "module_address": "0x77820000"
      },
      "category": "system"
    },
    {
      "time": 1746151831.1405,
      "api": "LdrGetProcedureAddress",
      "pid": 2272,
      "arguments": {
        "ordinal": 0,
        "module": "kernel32",
        "module_address": "0x77820000",
        "function_address": "0x77839247",
        "function_name": "CreateActCtxW"
      },
      "category": "system"
    },
    {
      "time": 1746151831.1405,
      "api": "LdrGetProcedureAddress",
      "pid": 2272,
      "arguments": {
        "ordinal": 0,
        "module": "kernel32",
        "module_address": "0x77820000",
        "function_address": "0x778354c1",
        "function_name": "ReleaseActCtx"
      },
      "category": "system"
    },
    {
      "time": 1746151831.1405,
      "api": "LdrGetProcedureAddress",
      "pid": 2272,
      "arguments": {
        "ordinal": 0,
        "module": "kernel32",
        "module_address": "0x77820000",
        "function_address": "0x77835490",
        "function_name": "ActivateActCtx"
      },
      "category": "system"
    },
    {
      "time": 1746151831.1405,
      "api": "LdrGetProcedureAddress",
      "pid": 2272,
      "arguments": {
        "ordinal": 0,
        "module": "kernel32",
        "module_address": "0x77820000",
        "function_address": "0x7783545c",
        "function_name": "DeactivateActCtx"
      },
      "category": "system"
    },
    {
      "time": 1746151831.1405,
      "api": "CreateActCtxW",
      "pid": 2272,
      "arguments": {
        "application_name": "",
        "module_handle": "0x01040000",
        "resource_name": ""
      },
      "category": "misc"
    },
    {
      "time": 1746151831.1405,
      "api": "NtClose",
      "pid": 2272,
      "arguments": {
        "handle": "0x000000e4"
      },
      "category": "system"
    },
    {
      "time": 1746151831.1405,
      "api": "LdrLoadDll",
      "pid": 2272,
      "arguments": {
        "basename": "0758b74302db6964914e3117fb52f6b0cd4dd84d2b6c1df1aeabd2d4343acf88ENU",
        "module_address": "0x00000000",
        "flags": 0,
        "module_name": "C:\\Users\\Administrator\\AppData\\Local\\Temp\\0758b74302db6964914e3117fb52f6b0cd4dd84d2b6c1df1aeabd2d4343acf88ENU.dll",
        "stack_pivoted": 0
      },
      "category": "system"
    },
    {
      "time": 1746151831.1405,
      "api": "LdrLoadDll",
      "pid": 2272,
      "arguments": {
        "basename": "0758b74302db6964914e3117fb52f6b0cd4dd84d2b6c1df1aeabd2d4343acf88ENU",
        "module_address": "0x00000000",
        "flags": 0,
        "module_name": "C:\\Users\\Administrator\\AppData\\Local\\Temp\\0758b74302db6964914e3117fb52f6b0cd4dd84d2b6c1df1aeabd2d4343acf88ENU.dll",
        "stack_pivoted": 0
      },
      "category": "system"
    },
    {
      "time": 1746151831.1405,
      "api": "LdrLoadDll",
      "pid": 2272,
      "arguments": {
        "basename": "0758b74302db6964914e3117fb52f6b0cd4dd84d2b6c1df1aeabd2d4343acf88ENU",
        "module_address": "0x00000000",
        "flags": 0,
        "module_name": "C:\\Users\\Administrator\\AppData\\Local\\Temp\\0758b74302db6964914e3117fb52f6b0cd4dd84d2b6c1df1aeabd2d4343acf88ENU.dll",
        "stack_pivoted": 0
      },
      "category": "system"
    },
    {
      "time": 1746151831.1405,
      "api": "LdrLoadDll",
      "pid": 2272,
      "arguments": {
        "basename": "0758b74302db6964914e3117fb52f6b0cd4dd84d2b6c1df1aeabd2d4343acf88ENU",
        "module_address": "0x00000000",
        "flags": 0,
        "module_name": "C:\\Users\\Administrator\\AppData\\Local\\Temp\\0758b74302db6964914e3117fb52f6b0cd4dd84d2b6c1df1aeabd2d4343acf88ENU.dll",
        "stack_pivoted": 0
      },
      "category": "system"
    },
    {
      "time": 1746151831.1405,
      "api": "LdrLoadDll",
      "pid": 2272,
      "arguments": {
        "basename": "0758b74302db6964914e3117fb52f6b0cd4dd84d2b6c1df1aeabd2d4343acf88LOC",
        "module_address": "0x00000000",
        "flags": 0,
        "module_name": "C:\\Users\\Administrator\\AppData\\Local\\Temp\\0758b74302db6964914e3117fb52f6b0cd4dd84d2b6c1df1aeabd2d4343acf88LOC.dll",
        "stack_pivoted": 0
      },
      "category": "system"
    },
    {
      "time": 1746151831.1875,
      "api": "NtAllocateVirtualMemory",
      "pid": 2272,
      "arguments": {
        "process_identifier": 2272,
        "region_size": 8192,
        "stack_dep_bypass": 0,
        "stack_pivoted": 0,
        "heap_dep_bypass": 0,
        "protection": 4,
        "process_handle": "0xffffffff",
        "allocation_type": 4096,
        "base_address": "0x003f6000"
      },
      "category": "process"
    },
    {
      "time": 1746151832.9845,
      "api": "MessageBoxTimeoutW",
      "pid": 2272,
      "arguments": {
        "window_handle": "0x00000000",
        "text": "Usage: SLLauncher.exe [app_id] [debug] [/install:<file path to XAP>] [/emulate:<file path to XAP>] [/overwrite] /origin:<original app uri> [/uninstall] [/shortcut:<desktop|startmenu|desktop+startmenu|none>] [/pid]",
        "caption": "Error",
        "flags": 0,
        "language_identifier": 0
      },
      "category": "ui"
    },
    {
      "time": 1746151832.9845,
      "api": "UnhookWindowsHookEx",
      "pid": 2272,
      "arguments": {
        "hook_handle": "0x0002017d"
      },
      "category": "system"
    },
    {
      "time": 1746151832.9845,
      "api": "NtUnmapViewOfSection",
      "pid": 2272,
      "arguments": {
        "process_identifier": 2272,
        "region_size": 4096,
        "process_handle": "0xffffffff",
        "base_address": "0x00230000"
      },
      "category": "process"
    },
    {
      "time": 1746151832.9845,
      "api": "LdrGetDllHandle",
      "pid": 2272,
      "arguments": {
        "module_name": "mscoree.dll",
        "stack_pivoted": 0,
        "module_address": "0x00000000"
      },
      "category": "system"
    },
    {
      "time": 1746151832.9845,
      "api": "LdrGetDllHandle",
      "pid": 2272,
      "arguments": {
        "module_name": "mscoree.dll",
        "stack_pivoted": 0,
        "module_address": "0x00000000"
      },
      "category": "system"
    },
    {
      "time": 1746151832.9845,
      "api": "NtTerminateProcess",
      "pid": 2272,
      "arguments": {
        "status_code": "0x80070057",
        "process_identifier": 0,
        "process_handle": "0x00000000"
      },
      "category": "process"
    },
    {
      "time": 1746151832.9845,
      "api": "NtTerminateProcess",
      "pid": 2272,
      "arguments": {
        "status_code": "0x80070057",
        "process_identifier": 0,
        "process_handle": "0x00000000"
      },
      "category": "process"
    },
    {
      "time": 1746151832.9845,
      "api": "LdrUnloadDll",
      "pid": 2272,
      "arguments": {
        "library": "MSCTF",
        "module_address": "0x75c60000"
      },
      "category": "system"
    },
    {
      "time": 1746151832.9845,
      "api": "NtClose",
      "pid": 2272,
      "arguments": {
        "handle": "0x00000118"
      },
      "category": "system"
    },
    {
      "time": 1746151832.9845,
      "api": "NtClose",
      "pid": 2272,
      "arguments": {
        "handle": "0x000000d4"
      },
      "category": "system"
    },
    {
      "time": 1746151832.9845,
      "api": "NtClose",
      "pid": 2272,
      "arguments": {
        "handle": "0x000000d0"
      },
      "category": "system"
    },
    {
      "time": 1746151832.9845,
      "api": "NtClose",
      "pid": 2272,
      "arguments": {
        "handle": "0x00000104"
      },
      "category": "system"
    },
    {
      "time": 1746151832.9845,
      "api": "NtClose",
      "pid": 2272,
      "arguments": {
        "handle": "0x00000044"
      },
      "category": "system"
    },
    {
      "time": 1746151832.9845,
      "api": "NtClose",
      "pid": 2272,
      "arguments": {
        "handle": "0x000000b4"
      },
      "category": "system"
    },
    {
      "time": 1746151832.9845,
      "api": "NtClose",
      "pid": 2272,
      "arguments": {
        "handle": "0x000000be"
      },
      "category": "system"
    },
    {
      "time": 1746151832.9845,
      "api": "NtClose",
      "pid": 2272,
      "arguments": {
        "handle": "0x000000b0"
      },
      "category": "system"
    },
    {
      "time": 1746151832.9845,
      "api": "NtClose",
      "pid": 2272,
      "arguments": {
        "handle": "0x000000ac"
      },
      "category": "system"
    },
    {
      "time": 1746151832.9845,
      "api": "NtClose",
      "pid": 2272,
      "arguments": {
        "handle": "0x000000a4"
      },
      "category": "system"
    },
    {
      "time": 1746151832.9845,
      "api": "NtClose",
      "pid": 2272,
      "arguments": {
        "handle": "0x000000a8"
      },
      "category": "system"
    },
    {
      "time": 1746151832.9845,
      "api": "LdrGetDllHandle",
      "pid": 2272,
      "arguments": {
        "module_name": "KERNELBASE.DLL",
        "stack_pivoted": 0,
        "module_address": "0x75b70000"
      },
      "category": "system"
    },
    {
      "time": 1746151832.9845,
      "api": "LdrGetProcedureAddress",
      "pid": 2272,
      "arguments": {
        "ordinal": 0,
        "module": "KERNELBASE",
        "module_address": "0x75b70000",
        "function_address": "0x77e19d35",
        "function_name": "DecodePointer"
      },
      "category": "system"
    },
    {
      "time": 1746151832.9845,
      "api": "LdrGetDllHandle",
      "pid": 2272,
      "arguments": {
        "module_name": "KERNELBASE.DLL",
        "stack_pivoted": 0,
        "module_address": "0x75b70000"
      },
      "category": "system"
    },
    {
      "time": 1746151832.9845,
      "api": "LdrGetProcedureAddress",
      "pid": 2272,
      "arguments": {
        "ordinal": 0,
        "module": "KERNELBASE",
        "module_address": "0x75b70000",
        "function_address": "0x77e19d35",
        "function_name": "DecodePointer"
      },
      "category": "system"
    },
    {
      "time": 1746151832.9845,
      "api": "NtFreeVirtualMemory",
      "pid": 2272,
      "arguments": {
        "free_type": 16384,
        "process_identifier": 2272,
        "process_handle": "0xffffffff",
        "base_address": "0x00632000",
        "size": 126976
      },
      "category": "process"
    },
    {
      "time": 1746151832.9845,
      "api": "NtFreeVirtualMemory",
      "pid": 2272,
      "arguments": {
        "free_type": 16384,
        "process_identifier": 2272,
        "process_handle": "0xffffffff",
        "base_address": "0x00657000",
        "size": 12288
      },
      "category": "process"
    },
    {
      "time": 1746151832.9845,
      "api": "NtFreeVirtualMemory",
      "pid": 2272,
      "arguments": {
        "free_type": 16384,
        "process_identifier": 2272,
        "process_handle": "0xffffffff",
        "base_address": "0x00662000",
        "size": 4096
      },
      "category": "process"
    },
    {
      "time": 1746151832.9845,
      "api": "NtClose",
      "pid": 2272,
      "arguments": {
        "handle": "0x00000084"
      },
      "category": "system"
    },
    {
      "time": 1746151832.9845,
      "api": "NtClose",
      "pid": 2272,
      "arguments": {
        "handle": "0x0000007c"
      },
      "category": "system"
    },
    {
      "time": 1746151832.9845,
      "api": "NtClose",
      "pid": 2272,
      "arguments": {
        "handle": "0x00000070"
      },
      "category": "system"
    },
    {
      "time": 1746151832.9845,
      "api": "NtClose",
      "pid": 2272,
      "arguments": {
        "handle": "0x00000074"
      },
      "category": "system"
    },
    {
      "time": 1746151832.9845,
      "api": "NtClose",
      "pid": 2272,
      "arguments": {
        "handle": "0x00000078"
      },
      "category": "system"
    },
    {
      "time": 1746151832.9845,
      "api": "NtClose",
      "pid": 2272,
      "arguments": {
        "handle": "0x00000080"
      },
      "category": "system"
    },
    {
      "time": 1746151832.9845,
      "api": "NtClose",
      "pid": 2272,
      "arguments": {
        "handle": "0x0000006c"
      },
      "category": "system"
    },
    {
      "time": 1746151832.9845,
      "api": "NtClose",
      "pid": 2272,
      "arguments": {
        "handle": "0x00000068"
      },
      "category": "system"
    },
    {
      "time": 1746151832.9845,
      "api": "NtFreeVirtualMemory",
      "pid": 2272,
      "arguments": {
        "free_type": 32768,
        "process_identifier": 2272,
        "process_handle": "0xffffffff",
        "base_address": "0x00c20000",
        "size": 65536
      },
      "category": "process"
    },
    {
      "time": 1746151832.9845,
      "api": "NtClose",
      "pid": 2272,
      "arguments": {
        "handle": "0x00000060"
      },
      "category": "system"
    },
    {
      "time": 1746151832.9845,
      "api": "NtClose",
      "pid": 2272,
      "arguments": {
        "handle": "0x00000064"
      },
      "category": "system"
    },
    {
      "time": 1746151832.9845,
      "api": "NtClose",
      "pid": 2272,
      "arguments": {
        "handle": "0x0000005c"
      },
      "category": "system"
    },
    {
      "time": 1746151832.9845,
      "api": "LdrUnloadDll",
      "pid": 2272,
      "arguments": {
        "library": "IMM32",
        "module_address": "0x77030000"
      },
      "category": "system"
    },
    {
      "time": 1746151832.9845,
      "api": "NtOpenKey",
      "pid": 2272,
      "arguments": {
        "key_handle": "0x0000005c",
        "desired_access": "0x00020019",
        "regkey": "HKEY_LOCAL_MACHINE\\Software\\Microsoft\\Windows NT\\CurrentVersion\\GRE_Initialize"
      },
      "category": "registry"
    },
    {
      "time": 1746151833.0005,
      "api": "NtQueryValueKey",
      "pid": 2272,
      "arguments": {
        "key_handle": "0x0000005c",
        "key_name": "",
        "value": "",
        "reg_type": 0,
        "information_class": 2,
        "regkey": "HKEY_LOCAL_MACHINE\\SOFTWARE\\Microsoft\\Windows NT\\CurrentVersion\\GRE_Initialize\\DisableMetaFiles"
      },
      "category": "registry"
    },
    {
      "time": 1746151833.0005,
      "api": "NtClose",
      "pid": 2272,
      "arguments": {
        "handle": "0x0000005c"
      },
      "category": "system"
    },
    {
      "time": 1746151833.0005,
      "api": "NtClose",
      "pid": 2272,
      "arguments": {
        "handle": "0x00000034"
      },
      "category": "system"
    },
    {
      "time": 1746151833.0005,
      "api": "NtClose",
      "pid": 2272,
      "arguments": {
        "handle": "0x0000002c"
      },
      "category": "system"
    },
    {
      "time": 1746151833.0005,
      "api": "NtClose",
      "pid": 2272,
      "arguments": {
        "handle": "0x00000030"
      },
      "category": "system"
    },
    {
      "time": 1746151833.0005,
      "api": "NtTerminateProcess",
      "pid": 2272,
      "arguments": {
        "status_code": "0x80070057",
        "process_identifier": 2272,
        "process_handle": "0xffffffff"
      },
      "category": "process"
    }
  ],
  "network": {
    "http": [
      {
        "count": 1,
        "body": "",
        "uri": "http://www.msftncsi.com/ncsi.txt",
        "user-agent": "Microsoft NCSI",
        "method": "GET",
        "host": "www.msftncsi.com",
        "version": "1.1",
        "path": "/ncsi.txt",
        "data": "GET /ncsi.txt HTTP/1.1\r\nConnection: Close\r\nUser-Agent: Microsoft NCSI\r\nHost: www.msftncsi.com\r\n\r\n",
        "port": 80
      }
    ],
    "tcp": [
      {
        "src": "192.168.56.101",
        "dst": "113.171.230.17",
        "offset": 1642,
        "time": 2.810267210006714,
        "dport": 80,
        "sport": 49162
      }
    ],
    "udp": [
      {
        "src": "192.168.56.101",
        "dst": "192.168.56.255",
        "offset": 2338,
        "time": 3.0792510509490967,
        "dport": 137,
        "sport": 137
      },
      {
        "src": "192.168.56.101",
        "dst": "224.0.0.252",
        "offset": 6710,
        "time": 1.0184330940246582,
        "dport": 5355,
        "sport": 50233
      },
      {
        "src": "192.168.56.101",
        "dst": "224.0.0.252",
        "offset": 7030,
        "time": 1.583510160446167,
        "dport": 5355,
        "sport": 52790
      },
      {
        "src": "192.168.56.101",
        "dst": "224.0.0.252",
        "offset": 7358,
        "time": 0.04974508285522461,
        "dport": 5355,
        "sport": 53526
      },
      {
        "src": "192.168.56.101",
        "dst": "224.0.0.252",
        "offset": 7686,
        "time": 3.0139191150665283,
        "dport": 5355,
        "sport": 59798
      },
      {
        "src": "192.168.56.101",
        "dst": "224.0.0.252",
        "offset": 8006,
        "time": 3.0123910903930664,
        "dport": 5355,
        "sport": 60897
      },
      {
        "src": "192.168.56.101",
        "dst": "224.0.0.252",
        "offset": 8334,
        "time": 2.4296391010284424,
        "dport": 5355,
        "sport": 62139
      },
      {
        "src": "192.168.56.101",
        "dst": "8.8.8.8",
        "offset": 8654,
        "time": 2.0604569911956787,
        "dport": 53,
        "sport": 54506
      },
      {
        "src": "192.168.56.101",
        "dst": "8.8.8.8",
        "offset": 8866,
        "time": 2.0300681591033936,
        "dport": 53,
        "sport": 55116
      },
      {
        "src": "192.168.56.101",
        "dst": "8.8.8.8",
        "offset": 9066,
        "time": 3.01294207572937,
        "dport": 53,
        "sport": 58709
      },
      {
        "src": "192.168.56.101",
        "dst": "8.8.8.8",
        "offset": 9341,
        "time": 2.7532830238342285,
        "dport": 53,
        "sport": 65068
      }
    ],
    "dns": [
      {
        "type": "A",
        "request": "www.msftncsi.com",
        "answers": [
          {
            "data": "113.171.230.17",
            "type": "A"
          },
          {
            "data": "www.msftncsi.com.edgesuite.net",
            "type": "CNAME"
          },
          {
            "data": "a1961.g2.akamai.net",
            "type": "CNAME"
          }
        ]
      },
      {
        "type": "A",
        "request": "dns.msftncsi.com",
        "answers": [
          {
            "data": "131.107.255.255",
            "type": "A"
          }
        ]
      },
      {
        "type": "AAAA",
        "request": "dns.msftncsi.com",
        "answers": [
          {
            "data": "fd3e:4f5a:5b81::1",
            "type": "AAAA"
          }
        ]
      },
      {
        "type": "A",
        "request": "teredo.ipv6.microsoft.com",
        "answers": []
      }
    ],
    "hosts": [
      "113.171.230.17",
      "8.8.8.8"
    ],
    "icmp": [],
    "smtp": []
  },
  "static_imports": [
    "RegQueryValueExW",
    "RegOpenKeyExW",
    "RegCloseKey",
    "OpenProcessToken",
    "GetTokenInformation",
    "GetKernelObjectSecurity",
    "GetAclInformation",
    "CreateRestrictedToken",
    "CopySid",
    "EqualSid",
    "CreateProcessAsUserW",
    "SetTokenInformation",
    "LookupPrivilegeValueW",
    "GetAce",
    "InitializeAcl",
    "AddAccessAllowedAce",
    "IsValidSid",
    "AddAce",
    "GetLengthSid",
    "GetSecurityDescriptorDacl",
    "CreateWellKnownSid",
    "RegSetValueExW",
    "RegCreateKeyExW",
    "RegQueryValueW",
    "RegOpenKeyW",
    "RegEnumKeyW",
    "RegDeleteKeyW",
    "GetLastError",
    "GetStartupInfoW",
    "GetModuleFileNameW",
    "GetCurrentProcess",
    "IsDebuggerPresent",
    "GetProcAddress",
    "LoadLibraryW",
    "FreeLibrary",
    "GetCommandLineW",
    "RemoveDirectoryW",
    "SetEnvironmentVariableA",
    "CreateFileA",
    "WriteConsoleW",
    "GetConsoleOutputCP",
    "WriteConsoleA",
    "SetStdHandle",
    "GetConsoleMode",
    "GetConsoleCP",
    "GetStringTypeW",
    "GetStringTypeA",
    "GetLocaleInfoA",
    "GetTimeZoneInformation",
    "LCMapStringW",
    "LCMapStringA",
    "Sleep",
    "IsValidCodePage",
    "GetOEMCP",
    "GetACP",
    "GetCPInfo",
    "UnhandledExceptionFilter",
    "TerminateProcess",
    "GetSystemTimeAsFileTime",
    "QueryPerformanceCounter",
    "VirtualFree",
    "HeapCreate",
    "HeapDestroy",
    "GetStartupInfoA",
    "GetFileType",
    "SetHandleCount",
    "GetCommandLineA",
    "GetEnvironmentStringsW",
    "FreeEnvironmentStringsW",
    "GetEnvironmentStrings",
    "CreateFileW",
    "ReadFile",
    "GetVersionExW",
    "WriteFile",
    "GetModuleHandleW",
    "SetEnvironmentVariableW",
    "SetFilePointer",
    "GetFileSize",
    "CloseHandle",
    "MultiByteToWideChar",
    "WideCharToMultiByte",
    "SizeofResource",
    "LockResource",
    "LoadResource",
    "FindResourceW",
    "InterlockedIncrement",
    "GlobalUnlock",
    "GlobalLock",
    "GlobalAlloc",
    "SetLastError",
    "GlobalAddAtomW",
    "GlobalGetAtomNameW",
    "GetCurrentProcessId",
    "lstrlenW",
    "GetVersionExA",
    "lstrcmpW",
    "LoadLibraryA",
    "CompareStringW",
    "GlobalDeleteAtom",
    "GlobalFindAtomW",
    "GetCurrentThreadId",
    "FreeResource",
    "GetThreadLocale",
    "FileTimeToSystemTime",
    "MulDiv",
    "LocalFree",
    "FormatMessageW",
    "GlobalFree",
    "InterlockedDecrement",
    "InterlockedExchange",
    "CompareStringA",
    "GetLocaleInfoW",
    "lstrcmpA",
    "EnumResourceLanguagesW",
    "ConvertDefaultLocale",
    "GetCurrentThread",
    "GetTickCount",
    "InitializeCriticalSection",
    "DeleteCriticalSection",
    "LeaveCriticalSection",
    "EnterCriticalSection",
    "GlobalFlags",
    "lstrlenA",
    "GetModuleHandleA",
    "LocalAlloc",
    "TlsGetValue",
    "GlobalReAlloc",
    "GlobalHandle",
    "TlsAlloc",
    "TlsSetValue",
    "LocalReAlloc",
    "TlsFree",
    "WritePrivateProfileStringW",
    "FlushFileBuffers",
    "LockFile",
    "UnlockFile",
    "SetEndOfFile",
    "DuplicateHandle",
    "FindClose",
    "FindFirstFileW",
    "GetVolumeInformationW",
    "GetFullPathNameW",
    "SetErrorMode",
    "FileTimeToLocalFileTime",
    "GetFileAttributesW",
    "GetFileSizeEx",
    "GetFileTime",
    "HeapFree",
    "HeapAlloc",
    "GetProcessHeap",
    "HeapReAlloc",
    "RtlUnwind",
    "RaiseException",
    "ExitProcess",
    "HeapSize",
    "VirtualProtect",
    "VirtualAlloc",
    "GetSystemInfo",
    "VirtualQuery",
    "SetUnhandledExceptionFilter",
    "GetStdHandle",
    "GetModuleFileNameA",
    "FreeEnvironmentStringsA",
    "GetClientRect",
    "GetDC",
    "ReleaseDC",
    "InvalidateRect",
    "InvalidateRgn",
    "SetCapture",
    "GetDesktopWindow",
    "SetWindowPos",
    "SetFocus",
    "ReleaseCapture",
    "TranslateAcceleratorW",
    "ShowWindow",
    "GetWindow",
    "SetMenu",
    "BringWindowToTop",
    "GetLastActivePopup",
    "GetMenu",
    "SetRectEmpty",
    "GetClassInfoW",
    "CreatePopupMenu",
    "GetMenuItemCount",
    "GetMenuItemID",
    "GetSubMenu",
    "InsertMenuItemW",
    "LoadAcceleratorsW",
    "GetCapture",
    "PeekMessageW",
    "SetCursor",
    "LoadIconW",
    "GetKeyState",
    "GetDlgCtrlID",
    "SetWindowLongW",
    "GetDlgItem",
    "GetActiveWindow",
    "GetWindowThreadProcessId",
    "WinHelpW",
    "DestroyMenu",
    "LoadMenuW",
    "ReuseDDElParam",
    "UnpackDDElParam",
    "GetSysColor",
    "GetClassNameW",
    "GetWindowPlacement",
    "SystemParametersInfoA",
    "PtInRect",
    "CallWindowProcW",
    "DefWindowProcW",
    "SetWindowPlacement",
    "DeferWindowPos",
    "ScreenToClient",
    "RegisterClassW",
    "GetClassInfoExW",
    "CreateWindowExW",
    "SetForegroundWindow",
    "TrackPopupMenu",
    "CopyAcceleratorTableW",
    "MapWindowPoints",
    "GetMessagePos",
    "GetMessageTime",
    "UnhookWindowsHookEx",
    "DestroyWindow",
    "GetTopWindow",
    "EndDeferWindowPos",
    "BeginDeferWindowPos",
    "DispatchMessageW",
    "GetForegroundWindow",
    "GetWindowTextW",
    "GetWindowTextLengthW",
    "RemovePropW",
    "GetPropW",
    "SetPropW",
    "GetClassLongW",
    "CallNextHookEx",
    "SetWindowsHookExW",
    "IsChild",
    "SendDlgItemMessageA",
    "SendDlgItemMessageW",
    "IsWindowEnabled",
    "InflateRect",
    "GetMenuItemInfoW",
    "IsDialogMessageW",
    "SetWindowTextW",
    "MoveWindow",
    "PostQuitMessage",
    "ShowOwnedPopups",
    "MapDialogRect",
    "SetWindowContextHelpId",
    "ValidateRect",
    "GetCursorPos",
    "TranslateMessage",
    "GetMessageW",
    "RegisterClipboardFormatW",
    "ClientToScreen",
    "GetSysColorBrush",
    "LoadCursorW",
    "CharNextW",
    "FillRect",
    "TabbedTextOutW",
    "DrawTextW",
    "DrawTextExW",
    "GrayStringW",
    "GetWindowDC",
    "BeginPaint",
    "EndPaint",
    "UnregisterClassW",
    "CharUpperW",
    "GetNextDlgGroupItem",
    "GetNextDlgTabItem",
    "MessageBeep",
    "PostThreadMessageW",
    "EndDialog",
    "CreateDialogIndirectParamW",
    "CopyRect",
    "SetMenuItemBitmaps",
    "GetMenuCheckMarkDimensions",
    "LoadBitmapW",
    "GetFocus",
    "GetParent",
    "ModifyMenuW",
    "GetMenuState",
    "GetSystemMetrics",
    "AdjustWindowRectEx",
    "SetMenuDefaultItem",
    "FlashWindow",
    "DrawMenuBar",
    "MonitorFromWindow",
    "EnableMenuItem",
    "SystemParametersInfoW",
    "GetWindowInfo",
    "IsZoomed",
    "PostMessageW",
    "LoadImageW",
    "IsIconic",
    "SetActiveWindow",
    "GetWindowRect",
    "GetSystemMenu",
    "SetWindowRgn",
    "UpdateWindow",
    "MessageBoxW",
    "RegisterWindowMessageW",
    "WaitForInputIdle",
    "EqualRect",
    "GetWindowLongW",
    "IntersectRect",
    "OffsetRect",
    "SetRect",
    "IsWindow",
    "IsRectEmpty",
    "CheckMenuItem",
    "IsWindowVisible",
    "SendMessageW",
    "EnableWindow",
    "GetMonitorInfoW",
    "GetRgnBox",
    "CreateCompatibleBitmap",
    "CreateBitmap",
    "GetClipBox",
    "SetTextColor",
    "CreateCompatibleDC",
    "CreateRectRgnIndirect",
    "GetMapMode",
    "CreateSolidBrush",
    "CreatePatternBrush",
    "DeleteDC",
    "ExtSelectClipRgn",
    "CreateRectRgn",
    "CreateRoundRectRgn",
    "ScaleWindowExtEx",
    "SetWindowExtEx",
    "ScaleViewportExtEx",
    "SetViewportExtEx",
    "OffsetViewportOrgEx",
    "SetViewportOrgEx",
    "SelectObject",
    "Escape",
    "TextOutW",
    "RectVisible",
    "PtVisible",
    "GetPixel",
    "GetWindowExtEx",
    "GetViewportExtEx",
    "SetMapMode",
    "SetBkMode",
    "RestoreDC",
    "SaveDC",
    "GetTextColor",
    "GetBkColor",
    "GetStockObject",
    "DeleteObject",
    "GetTextExtentPoint32W",
    "ExtTextOutW",
    "BitBlt",
    "CreateFontIndirectW",
    "GetDeviceCaps",
    "GetObjectW",
    "SetBkColor",
    "ClosePrinter",
    "OpenPrinterW",
    "DocumentPropertiesW",
    "PathStripToRootW",
    "PathFindFileNameW",
    "PathFindExtensionW",
    "PathCombineW",
    "PathRemoveFileSpecW",
    "PathIsUNCW",
    "DragFinish",
    "DragQueryFileW",
    "SHGetFolderPathW",
    "SHFileOperationW",
    "CommandLineToArgvW",
    "CLSIDFromString",
    "CreateILockBytesOnHGlobal",
    "StgCreateDocfileOnILockBytes",
    "StgOpenStorageOnILockBytes",
    "CoGetClassObject",
    "CoTaskMemFree",
    "CLSIDFromProgID",
    "OleUninitialize",
    "CoFreeUnusedLibraries",
    "OleInitialize",
    "CoRevokeClassObject",
    "OleIsCurrentClipboard",
    "OleFlushClipboard",
    "CoRegisterMessageFilter",
    "CoTaskMemAlloc",
    "CoInitialize",
    "CoUninitialize",
    "GetFileTitleW",
    "SystemTimeToVariantTime",
    "VariantTimeToSystemTime",
    "SysFreeString",
    "OleCreateFontIndirect",
    "SafeArrayDestroy",
    "VariantCopy",
    "VariantInit",
    "VariantChangeType",
    "SysAllocStringLen",
    "SysAllocString",
    "SysStringLen",
    "VariantClear",
    "OleUIBusyW",
    "VerQueryValueW",
    "GetFileVersionInfoSizeW",
    "GetFileVersionInfoW"
  ],
  "signatures_ttp": {},
  "signatures_full": [
    {
      "name": "has_pdb",
      "description": "This executable has a PDB path",
      "severity": 1,
      "ttp": {},
      "markcount": 1,
      "marks": [
        {
          "category": "pdb_path",
          "ioc": "f:\\dd\\xcp\\Silverlight\\Desktop_RET\\Sllauncher.pdb",
          "type": "ioc",
          "description": null
        }
      ]
    }
  ],
  "processes": [
    {
      "name": "lsass.exe",
      "path": "C:\\Windows\\System32\\lsass.exe",
      "pid": 484,
      "cmdline": "C:\\Windows\\system32\\lsass.exe",
      "modules": [
        "lsass.exe",
        "ntdll.dll",
        "kernel32.dll",
        "KERNELBASE.dll",
        "msvcrt.dll",
        "RPCRT4.dll",
        "SspiSrv.dll",
        "lsasrv.dll",
        "sechost.dll",
        "SspiCli.dll",
        "ADVAPI32.dll",
        "USER32.dll",
        "GDI32.dll",
        "LPK.dll",
        "USP10.dll",
        "SAMSRV.dll",
        "cryptdll.dll",
        "MSASN1.dll",
        "wevtapi.dll",
        "IMM32.DLL",
        "MSCTF.dll",
        "cngaudit.dll",
        "AUTHZ.dll",
        "ncrypt.dll",
        "bcrypt.dll",
        "msprivs.DLL",
        "netjoin.dll",
        "negoexts.DLL",
        "Secur32.dll",
        "cryptbase.dll",
        "kerberos.DLL",
        "CRYPTSP.dll",
        "WS2_32.dll",
        "NSI.dll",
        "mswsock.dll",
        "wship6.dll",
        "msv1_0.DLL",
        "netlogon.DLL",
        "DNSAPI.dll",
        "logoncli.dll",
        "schannel.DLL",
        "CRYPT32.dll",
        "wdigest.DLL",
        "rsaenh.dll",
        "tspkg.DLL",
        "pku2u.DLL",
        "bcryptprimitives.dll",
        "RpcRtRemote.dll",
        "efslsaext.dll",
        "WINSTA.dll",
        "scecli.DLL",
        "credssp.dll",
        "IPHLPAPI.DLL",
        "WINNSI.DLL",
        "netutils.dll",
        "USERENV.dll",
        "profapi.dll",
        "wshtcpip.dll",
        "monitor-x64.dll"
      ]
    },
    {
      "name": "0758b74302db6964914e3117fb52f6b0cd4dd84d2b6c1df1aeabd2d4343acf88.exe",
      "path": "C:\\Users\\Administrator\\AppData\\Local\\Temp\\0758b74302db6964914e3117fb52f6b0cd4dd84d2b6c1df1aeabd2d4343acf88.exe",
      "pid": 2272,
      "cmdline": "\"C:\\Users\\Administrator\\AppData\\Local\\Temp\\0758b74302db6964914e3117fb52f6b0cd4dd84d2b6c1df1aeabd2d4343acf88.exe\" ",
      "modules": [
        "0758b74302db6964914e3117fb52f6b0cd4dd84d2b6c1df1aeabd2d4343acf88.exe",
        "ntdll.dll",
        "kernel32.dll",
        "KERNELBASE.dll",
        "ADVAPI32.dll",
        "msvcrt.dll",
        "sechost.dll",
        "RPCRT4.dll",
        "SspiCli.dll",
        "CRYPTBASE.dll",
        "USER32.dll",
        "GDI32.dll",
        "LPK.dll",
        "USP10.dll",
        "WINSPOOL.DRV",
        "SHLWAPI.dll",
        "SHELL32.dll",
        "ole32.dll",
        "COMDLG32.dll",
        "COMCTL32.dll",
        "OLEAUT32.dll",
        "oledlg.dll",
        "VERSION.dll",
        "IMM32.DLL",
        "MSCTF.dll",
        "monitor-x86.dll"
      ]
    }
  ]
}